Image Path,Class,Class ID,Class Label,Score vgg19,Score convnext_base,Score vit_l_32
/mnt/sda2/datasets/imagenet1k/imagenet-nano3/val/n01592084/ILSVRC2012_val_00017017.JPEG,n01592084,19,chickadee,0.9999998807907104,0.7118670344352722,0.8919848203659058
/mnt/sda2/datasets/imagenet1k/imagenet-nano3/val/n02100735/ILSVRC2012_val_00012739.JPEG,n02100735,212,English_setter,0.9979008436203003,0.7495067119598389,0.8180017471313477
/mnt/sda2/datasets/imagenet1k/imagenet-nano3/val/n02012849/ILSVRC2012_val_00006144.JPEG,n02012849,134,crane,0.856704592704773,0.7674378156661987,0.8984956741333008
/mnt/sda2/datasets/imagenet1k/imagenet-nano3/val/n02012849/ILSVRC2012_val_00006711.JPEG,n02012849,134,crane,0.9999129772186279,0.8107000589370728,0.8691385388374329
/mnt/sda2/datasets/imagenet1k/imagenet-nano3/val/n02536864/ILSVRC2012_val_00005190.JPEG,n02536864,391,coho,0.9973031282424927,0.740416944026947,0.891105055809021
/mnt/sda2/datasets/imagenet1k/imagenet-nano3/val/n02536864/ILSVRC2012_val_00006292.JPEG,n02536864,391,coho,0.9904588460922241,0.7489872574806213,0.8712964653968811
/mnt/sda2/datasets/imagenet1k/imagenet-nano3/val/n01985128/ILSVRC2012_val_00001956.JPEG,n01985128,124,crayfish,0.8905990123748779,0.8225274682044983,0.8299980759620667
/mnt/sda2/datasets/imagenet1k/imagenet-nano3/val/n01985128/ILSVRC2012_val_00027920.JPEG,n01985128,124,crayfish,0.985785186290741,0.8047932386398315,0.9058964252471924
/mnt/sda2/datasets/imagenet1k/imagenet-nano3/val/n02692877/ILSVRC2012_val_00031986.JPEG,n02692877,405,airship,0.9777602553367615,0.8750213980674744,0.895366370677948
/mnt/sda2/datasets/imagenet1k/imagenet-nano3/val/n02692877/ILSVRC2012_val_00039339.JPEG,n02692877,405,airship,0.9998704195022583,0.7318207621574402,0.8802119493484497
/mnt/sda2/datasets/imagenet1k/imagenet-nano3/val/n02692877/ILSVRC2012_val_00018959.JPEG,n02692877,405,airship,0.9951751232147217,0.7927876114845276,0.8859970569610596
/mnt/sda2/datasets/imagenet1k/imagenet-nano3/val/n02096585/ILSVRC2012_val_00039926.JPEG,n02096585,195,Boston_bull,0.9887763857841492,0.8354554176330566,0.8128156661987305
/mnt/sda2/datasets/imagenet1k/imagenet-nano3/val/n03947888/ILSVRC2012_val_00003230.JPEG,n03947888,724,pirate,0.9202980399131775,0.7356916666030884,0.7095770239830017
/mnt/sda2/datasets/imagenet1k/imagenet-nano3/val/n01877812/ILSVRC2012_val_00040619.JPEG,n01877812,104,wallaby,0.9853826761245728,0.7236906886100769,0.9003111124038696
/mnt/sda2/datasets/imagenet1k/imagenet-nano3/val/n01877812/ILSVRC2012_val_00022626.JPEG,n01877812,104,wallaby,0.9847063422203064,0.8501105904579163,0.9210261106491089
/mnt/sda2/datasets/imagenet1k/imagenet-nano3/val/n04146614/ILSVRC2012_val_00031163.JPEG,n04146614,779,school_bus,0.9999997615814209,0.777250349521637,0.916852593421936
/mnt/sda2/datasets/imagenet1k/imagenet-nano3/val/n04146614/ILSVRC2012_val_00016837.JPEG,n04146614,779,school_bus,0.9999332427978516,0.7079694867134094,0.8923404812812805
/mnt/sda2/datasets/imagenet1k/imagenet-nano3/val/n01518878/ILSVRC2012_val_00008294.JPEG,n01518878,9,ostrich,0.9999948740005493,0.7884947061538696,0.8721119165420532
/mnt/sda2/datasets/imagenet1k/imagenet-nano3/val/n01518878/ILSVRC2012_val_00048600.JPEG,n01518878,9,ostrich,0.9998757839202881,0.799554705619812,0.9599692821502686
/mnt/sda2/datasets/imagenet1k/imagenet-nano3/val/n02814533/ILSVRC2012_val_00015651.JPEG,n02814533,436,beach_wagon,0.98134845495224,0.7378714084625244,0.8842917084693909
/mnt/sda2/datasets/imagenet1k/imagenet-nano3/val/n04049303/ILSVRC2012_val_00046223.JPEG,n04049303,756,rain_barrel,0.9826436638832092,0.731781542301178,0.7838971018791199
/mnt/sda2/datasets/imagenet1k/imagenet-nano3/val/n02328150/ILSVRC2012_val_00015997.JPEG,n02328150,332,Angora,0.9998292922973633,0.7716081142425537,0.8867668509483337
/mnt/sda2/datasets/imagenet1k/imagenet-nano3/val/n02328150/ILSVRC2012_val_00003933.JPEG,n02328150,332,Angora,0.999772846698761,0.7336634993553162,0.9006842970848083
/mnt/sda2/datasets/imagenet1k/imagenet-nano3/val/n02869837/ILSVRC2012_val_00016726.JPEG,n02869837,452,bonnet,0.9893563389778137,0.860978364944458,0.8420210480690002
/mnt/sda2/datasets/imagenet1k/imagenet-nano3/val/n02869837/ILSVRC2012_val_00015695.JPEG,n02869837,452,bonnet,0.9987660646438599,0.825910747051239,0.9379023313522339
/mnt/sda2/datasets/imagenet1k/imagenet-nano3/val/n04204238/ILSVRC2012_val_00006622.JPEG,n04204238,790,shopping_basket,0.7310681343078613,0.703700602054596,0.7709161639213562
/mnt/sda2/datasets/imagenet1k/imagenet-nano3/val/n03788195/ILSVRC2012_val_00005980.JPEG,n03788195,668,mosque,0.9884705543518066,0.846617579460144,0.8558001518249512
/mnt/sda2/datasets/imagenet1k/imagenet-nano3/val/n03680355/ILSVRC2012_val_00007565.JPEG,n03680355,630,Loafer,0.8531697988510132,0.711426317691803,0.8864713907241821
/mnt/sda2/datasets/imagenet1k/imagenet-nano3/val/n03680355/ILSVRC2012_val_00043783.JPEG,n03680355,630,Loafer,0.8657488226890564,0.742107093334198,0.905724287033081
/mnt/sda2/datasets/imagenet1k/imagenet-nano3/val/n03208938/ILSVRC2012_val_00018408.JPEG,n03208938,535,disk_brake,0.9994010925292969,0.7410774827003479,0.906825840473175
/mnt/sda2/datasets/imagenet1k/imagenet-nano3/val/n03208938/ILSVRC2012_val_00014377.JPEG,n03208938,535,disk_brake,0.9999946355819702,0.8864442110061646,0.8653874397277832
/mnt/sda2/datasets/imagenet1k/imagenet-nano3/val/n03208938/ILSVRC2012_val_00015384.JPEG,n03208938,535,disk_brake,0.9780786633491516,0.760689914226532,0.949010968208313
/mnt/sda2/datasets/imagenet1k/imagenet-nano3/val/n04019541/ILSVRC2012_val_00002750.JPEG,n04019541,746,puck,0.9999972581863403,0.8060115575790405,0.8809698224067688
/mnt/sda2/datasets/imagenet1k/imagenet-nano3/val/n04019541/ILSVRC2012_val_00004469.JPEG,n04019541,746,puck,0.9999586343765259,0.826913058757782,0.9193052649497986
/mnt/sda2/datasets/imagenet1k/imagenet-nano3/val/n04019541/ILSVRC2012_val_00035285.JPEG,n04019541,746,puck,0.9999921321868896,0.8282411694526672,0.860145092010498
/mnt/sda2/datasets/imagenet1k/imagenet-nano3/val/n02992529/ILSVRC2012_val_00020233.JPEG,n02992529,487,cellular_telephone,0.9739691019058228,0.8434951305389404,0.9473196268081665
/mnt/sda2/datasets/imagenet1k/imagenet-nano3/val/n07716906/ILSVRC2012_val_00011140.JPEG,n07716906,940,spaghetti_squash,0.9920356869697571,0.8542026281356812,0.9093246459960938
/mnt/sda2/datasets/imagenet1k/imagenet-nano3/val/n07716906/ILSVRC2012_val_00000886.JPEG,n07716906,940,spaghetti_squash,0.9361958503723145,0.7896547913551331,0.7876352071762085
/mnt/sda2/datasets/imagenet1k/imagenet-nano3/val/n04346328/ILSVRC2012_val_00016767.JPEG,n04346328,832,stupa,0.999950647354126,0.7446592450141907,0.9103626012802124
/mnt/sda2/datasets/imagenet1k/imagenet-nano3/val/n04346328/ILSVRC2012_val_00011607.JPEG,n04346328,832,stupa,0.9999804496765137,0.8072023391723633,0.8105244636535645
/mnt/sda2/datasets/imagenet1k/imagenet-nano3/val/n02056570/ILSVRC2012_val_00043717.JPEG,n02056570,145,king_penguin,0.9999998807907104,0.7549313306808472,0.9016242027282715
/mnt/sda2/datasets/imagenet1k/imagenet-nano3/val/n02056570/ILSVRC2012_val_00039797.JPEG,n02056570,145,king_penguin,1.0,0.7307195663452148,0.8868395090103149
/mnt/sda2/datasets/imagenet1k/imagenet-nano3/val/n02056570/ILSVRC2012_val_00008279.JPEG,n02056570,145,king_penguin,1.0,0.8321717381477356,0.8932170867919922
/mnt/sda2/datasets/imagenet1k/imagenet-nano3/val/n03000684/ILSVRC2012_val_00025878.JPEG,n03000684,491,chain_saw,0.9864048957824707,0.7285359501838684,0.921079158782959
/mnt/sda2/datasets/imagenet1k/imagenet-nano3/val/n01687978/ILSVRC2012_val_00041169.JPEG,n01687978,42,agama,0.9996473789215088,0.7708652019500732,0.9020769000053406
/mnt/sda2/datasets/imagenet1k/imagenet-nano3/val/n04258138/ILSVRC2012_val_00002445.JPEG,n04258138,807,solar_dish,0.9999747276306152,0.7790850400924683,0.8984637260437012
/mnt/sda2/datasets/imagenet1k/imagenet-nano3/val/n04366367/ILSVRC2012_val_00040521.JPEG,n04366367,839,suspension_bridge,0.9998328685760498,0.7296038269996643,0.8349440693855286
/mnt/sda2/datasets/imagenet1k/imagenet-nano3/val/n03126707/ILSVRC2012_val_00044118.JPEG,n03126707,517,crane,0.9984118938446045,0.8182414174079895,0.9193918108940125
/mnt/sda2/datasets/imagenet1k/imagenet-nano3/val/n03126707/ILSVRC2012_val_00002689.JPEG,n03126707,517,crane,0.9180049300193787,0.7914739847183228,0.816243052482605
/mnt/sda2/datasets/imagenet1k/imagenet-nano3/val/n04371774/ILSVRC2012_val_00041637.JPEG,n04371774,843,swing,0.9998612403869629,0.8206299543380737,0.8972752094268799
/mnt/sda2/datasets/imagenet1k/imagenet-nano3/val/n04065272/ILSVRC2012_val_00026802.JPEG,n04065272,757,recreational_vehicle,0.9878922700881958,0.7928400635719299,0.9004606008529663
/mnt/sda2/datasets/imagenet1k/imagenet-nano3/val/n02093256/ILSVRC2012_val_00032018.JPEG,n02093256,179,Staffordshire_bullterrier,0.9745168685913086,0.84575355052948,0.9280902743339539
/mnt/sda2/datasets/imagenet1k/imagenet-nano3/val/n02093256/ILSVRC2012_val_00026058.JPEG,n02093256,179,Staffordshire_bullterrier,0.9208510518074036,0.827477753162384,0.8803697824478149
/mnt/sda2/datasets/imagenet1k/imagenet-nano3/val/n02606052/ILSVRC2012_val_00019218.JPEG,n02606052,392,rock_beauty,0.9999845027923584,0.7197092175483704,0.8749994039535522
/mnt/sda2/datasets/imagenet1k/imagenet-nano3/val/n02606052/ILSVRC2012_val_00025871.JPEG,n02606052,392,rock_beauty,0.9975454211235046,0.7024492025375366,0.8813714385032654
/mnt/sda2/datasets/imagenet1k/imagenet-nano3/val/n03967562/ILSVRC2012_val_00047855.JPEG,n03967562,730,plow,0.9472684860229492,0.7701280117034912,0.9169294834136963
/mnt/sda2/datasets/imagenet1k/imagenet-nano3/val/n02116738/ILSVRC2012_val_00002365.JPEG,n02116738,275,African_hunting_dog,0.9975911378860474,0.7267264723777771,0.8905506730079651
/mnt/sda2/datasets/imagenet1k/imagenet-nano3/val/n02116738/ILSVRC2012_val_00013584.JPEG,n02116738,275,African_hunting_dog,0.9971801042556763,0.7687049508094788,0.8791443109512329
/mnt/sda2/datasets/imagenet1k/imagenet-nano3/val/n06596364/ILSVRC2012_val_00011285.JPEG,n06596364,917,comic_book,0.8076751828193665,0.7579602599143982,0.8385957479476929
/mnt/sda2/datasets/imagenet1k/imagenet-nano3/val/n03394916/ILSVRC2012_val_00048138.JPEG,n03394916,566,French_horn,0.9937435984611511,0.728084921836853,0.9418563842773438
/mnt/sda2/datasets/imagenet1k/imagenet-nano3/val/n03394916/ILSVRC2012_val_00043988.JPEG,n03394916,566,French_horn,0.9954836368560791,0.7106904983520508,0.722759485244751
/mnt/sda2/datasets/imagenet1k/imagenet-nano3/val/n03394916/ILSVRC2012_val_00028723.JPEG,n03394916,566,French_horn,0.9997830986976624,0.8163362741470337,0.9094051718711853
/mnt/sda2/datasets/imagenet1k/imagenet-nano3/val/n03983396/ILSVRC2012_val_00008501.JPEG,n03983396,737,pop_bottle,0.9924063086509705,0.8138089179992676,0.8801470994949341
/mnt/sda2/datasets/imagenet1k/imagenet-nano3/val/n03983396/ILSVRC2012_val_00038651.JPEG,n03983396,737,pop_bottle,0.9356065392494202,0.8387205004692078,0.8899784684181213
/mnt/sda2/datasets/imagenet1k/imagenet-nano3/val/n07875152/ILSVRC2012_val_00027172.JPEG,n07875152,964,potpie,0.9989521503448486,0.7807181477546692,0.8385192155838013
/mnt/sda2/datasets/imagenet1k/imagenet-nano3/val/n04179913/ILSVRC2012_val_00016978.JPEG,n04179913,786,sewing_machine,0.9708712100982666,0.7205251455307007,0.7987181544303894
/mnt/sda2/datasets/imagenet1k/imagenet-nano3/val/n07684084/ILSVRC2012_val_00046840.JPEG,n07684084,930,French_loaf,0.7217483520507812,0.7990854382514954,0.8790804743766785
/mnt/sda2/datasets/imagenet1k/imagenet-nano3/val/n02804610/ILSVRC2012_val_00021821.JPEG,n02804610,432,bassoon,0.996846616268158,0.7845232486724854,0.828883945941925
/mnt/sda2/datasets/imagenet1k/imagenet-nano3/val/n02804610/ILSVRC2012_val_00003370.JPEG,n02804610,432,bassoon,0.9840166568756104,0.7734106779098511,0.8561921715736389
/mnt/sda2/datasets/imagenet1k/imagenet-nano3/val/n04273569/ILSVRC2012_val_00008630.JPEG,n04273569,814,speedboat,0.998115062713623,0.7988527417182922,0.8844874501228333
/mnt/sda2/datasets/imagenet1k/imagenet-nano3/val/n03929660/ILSVRC2012_val_00037554.JPEG,n03929660,714,pick,0.9840615391731262,0.7367613315582275,0.9246640801429749
/mnt/sda2/datasets/imagenet1k/imagenet-nano3/val/n03929660/ILSVRC2012_val_00044022.JPEG,n03929660,714,pick,0.992030143737793,0.7554546594619751,0.9110240340232849
/mnt/sda2/datasets/imagenet1k/imagenet-nano3/val/n07753113/ILSVRC2012_val_00016680.JPEG,n07753113,952,fig,1.0,0.7917191386222839,0.8856127262115479
/mnt/sda2/datasets/imagenet1k/imagenet-nano3/val/n07753113/ILSVRC2012_val_00036860.JPEG,n07753113,952,fig,0.999835729598999,0.7875572443008423,0.8889697790145874
/mnt/sda2/datasets/imagenet1k/imagenet-nano3/val/n07753113/ILSVRC2012_val_00032827.JPEG,n07753113,952,fig,0.9992984533309937,0.7636050581932068,0.8835080862045288
/mnt/sda2/datasets/imagenet1k/imagenet-nano3/val/n06794110/ILSVRC2012_val_00038530.JPEG,n06794110,919,street_sign,0.9862648844718933,0.7092853784561157,0.7860837578773499
/mnt/sda2/datasets/imagenet1k/imagenet-nano3/val/n02655020/ILSVRC2012_val_00023468.JPEG,n02655020,397,puffer,0.9976184964179993,0.7263044118881226,0.8797054290771484
/mnt/sda2/datasets/imagenet1k/imagenet-nano3/val/n02655020/ILSVRC2012_val_00018824.JPEG,n02655020,397,puffer,0.956890344619751,0.7511930465698242,0.8632799983024597
/mnt/sda2/datasets/imagenet1k/imagenet-nano3/val/n02655020/ILSVRC2012_val_00038928.JPEG,n02655020,397,puffer,0.9999332427978516,0.7208292484283447,0.8909014463424683
/mnt/sda2/datasets/imagenet1k/imagenet-nano3/val/n02129165/ILSVRC2012_val_00024234.JPEG,n02129165,291,lion,1.0,0.7862268686294556,0.8916096091270447
/mnt/sda2/datasets/imagenet1k/imagenet-nano3/val/n02129165/ILSVRC2012_val_00040627.JPEG,n02129165,291,lion,0.9986728429794312,0.764532744884491,0.8413719534873962
/mnt/sda2/datasets/imagenet1k/imagenet-nano3/val/n02129165/ILSVRC2012_val_00033659.JPEG,n02129165,291,lion,0.8925814628601074,0.7194747924804688,0.8975037932395935
/mnt/sda2/datasets/imagenet1k/imagenet-nano3/val/n02101556/ILSVRC2012_val_00005994.JPEG,n02101556,216,clumber,0.9961028099060059,0.7855823040008545,0.9179606437683105
/mnt/sda2/datasets/imagenet1k/imagenet-nano3/val/n02101556/ILSVRC2012_val_00025549.JPEG,n02101556,216,clumber,0.9840947985649109,0.8164777755737305,0.8722808361053467
/mnt/sda2/datasets/imagenet1k/imagenet-nano3/val/n01734418/ILSVRC2012_val_00000512.JPEG,n01734418,56,king_snake,0.9716029167175293,0.8027516603469849,0.8228358030319214
/mnt/sda2/datasets/imagenet1k/imagenet-nano3/val/n01734418/ILSVRC2012_val_00012578.JPEG,n01734418,56,king_snake,0.9512080550193787,0.8329247832298279,0.9254839420318604
/mnt/sda2/datasets/imagenet1k/imagenet-nano3/val/n03196217/ILSVRC2012_val_00042585.JPEG,n03196217,530,digital_clock,0.9906778335571289,0.7993863224983215,0.840248703956604
/mnt/sda2/datasets/imagenet1k/imagenet-nano3/val/n03976467/ILSVRC2012_val_00035621.JPEG,n03976467,732,Polaroid_camera,0.996846616268158,0.7481479644775391,0.8919374346733093
/mnt/sda2/datasets/imagenet1k/imagenet-nano3/val/n03976467/ILSVRC2012_val_00016006.JPEG,n03976467,732,Polaroid_camera,0.856997549533844,0.773169219493866,0.9078270792961121
/mnt/sda2/datasets/imagenet1k/imagenet-nano3/val/n03976467/ILSVRC2012_val_00006478.JPEG,n03976467,732,Polaroid_camera,0.9999994039535522,0.7170953154563904,0.9127887487411499
/mnt/sda2/datasets/imagenet1k/imagenet-nano3/val/n02487347/ILSVRC2012_val_00022040.JPEG,n02487347,373,macaque,0.9781414866447449,0.7937491536140442,0.8620867729187012
/mnt/sda2/datasets/imagenet1k/imagenet-nano3/val/n02487347/ILSVRC2012_val_00045230.JPEG,n02487347,373,macaque,0.9971854090690613,0.7660618424415588,0.8675485253334045
/mnt/sda2/datasets/imagenet1k/imagenet-nano3/val/n04479046/ILSVRC2012_val_00024006.JPEG,n04479046,869,trench_coat,0.9627161622047424,0.7013696432113647,0.902773916721344
/mnt/sda2/datasets/imagenet1k/imagenet-nano3/val/n03777568/ILSVRC2012_val_00026792.JPEG,n03777568,661,Model_T,0.997260332107544,0.7518643140792847,0.9104478359222412
/mnt/sda2/datasets/imagenet1k/imagenet-nano3/val/n03777568/ILSVRC2012_val_00049034.JPEG,n03777568,661,Model_T,0.9995672106742859,0.7340050935745239,0.9126453399658203
/mnt/sda2/datasets/imagenet1k/imagenet-nano3/val/n03777568/ILSVRC2012_val_00031739.JPEG,n03777568,661,Model_T,0.9999825954437256,0.7606876492500305,0.9003450274467468
/mnt/sda2/datasets/imagenet1k/imagenet-nano3/val/n03272010/ILSVRC2012_val_00000374.JPEG,n03272010,546,electric_guitar,0.9666635990142822,0.7512720823287964,0.9384487867355347
/mnt/sda2/datasets/imagenet1k/imagenet-nano3/val/n02106382/ILSVRC2012_val_00041947.JPEG,n02106382,233,Bouvier_des_Flandres,0.936653733253479,0.8975123167037964,0.9115158319473267
/mnt/sda2/datasets/imagenet1k/imagenet-nano3/val/n02106382/ILSVRC2012_val_00019712.JPEG,n02106382,233,Bouvier_des_Flandres,0.8372170329093933,0.7647262215614319,0.756068766117096
/mnt/sda2/datasets/imagenet1k/imagenet-nano3/val/n03944341/ILSVRC2012_val_00033009.JPEG,n03944341,723,pinwheel,0.9999845027923584,0.7026069760322571,0.9249470829963684
/mnt/sda2/datasets/imagenet1k/imagenet-nano3/val/n02883205/ILSVRC2012_val_00003045.JPEG,n02883205,457,bow_tie,0.8944578170776367,0.8241745829582214,0.9502567648887634
/mnt/sda2/datasets/imagenet1k/imagenet-nano3/val/n02412080/ILSVRC2012_val_00019446.JPEG,n02412080,348,ram,0.959739089012146,0.780658483505249,0.9183562994003296
/mnt/sda2/datasets/imagenet1k/imagenet-nano3/val/n02412080/ILSVRC2012_val_00017145.JPEG,n02412080,348,ram,0.9946838021278381,0.857880175113678,0.8817312717437744
/mnt/sda2/datasets/imagenet1k/imagenet-nano3/val/n03314780/ILSVRC2012_val_00034630.JPEG,n03314780,551,face_powder,0.9925222992897034,0.8115435838699341,0.9056284427642822
/mnt/sda2/datasets/imagenet1k/imagenet-nano3/val/n03314780/ILSVRC2012_val_00025243.JPEG,n03314780,551,face_powder,0.953528642654419,0.7881008982658386,0.8993517160415649
/mnt/sda2/datasets/imagenet1k/imagenet-nano3/val/n04443257/ILSVRC2012_val_00035960.JPEG,n04443257,860,tobacco_shop,0.7572404146194458,0.8690249919891357,0.8565375208854675
/mnt/sda2/datasets/imagenet1k/imagenet-nano3/val/n02500267/ILSVRC2012_val_00008415.JPEG,n02500267,384,indri,0.9999901056289673,0.7608523368835449,0.909084677696228
/mnt/sda2/datasets/imagenet1k/imagenet-nano3/val/n02500267/ILSVRC2012_val_00030022.JPEG,n02500267,384,indri,0.9998738765716553,0.7483479380607605,0.8807486891746521
/mnt/sda2/datasets/imagenet1k/imagenet-nano3/val/n03666591/ILSVRC2012_val_00033324.JPEG,n03666591,626,lighter,0.7421801090240479,0.7776637077331543,0.8046982884407043
/mnt/sda2/datasets/imagenet1k/imagenet-nano3/val/n02672831/ILSVRC2012_val_00001431.JPEG,n02672831,401,accordion,0.999953031539917,0.7099296450614929,0.8970702290534973
/mnt/sda2/datasets/imagenet1k/imagenet-nano3/val/n02672831/ILSVRC2012_val_00033520.JPEG,n02672831,401,accordion,0.8644075989723206,0.819482684135437,0.943892776966095
/mnt/sda2/datasets/imagenet1k/imagenet-nano3/val/n02091831/ILSVRC2012_val_00047617.JPEG,n02091831,176,Saluki,0.8626828193664551,0.789125382900238,0.87823885679245
/mnt/sda2/datasets/imagenet1k/imagenet-nano3/val/n02091831/ILSVRC2012_val_00040201.JPEG,n02091831,176,Saluki,0.9987165927886963,0.7701748609542847,0.9024609327316284
/mnt/sda2/datasets/imagenet1k/imagenet-nano3/val/n04044716/ILSVRC2012_val_00009089.JPEG,n04044716,755,radio_telescope,0.9862254858016968,0.7411692142486572,0.8934980034828186
/mnt/sda2/datasets/imagenet1k/imagenet-nano3/val/n04044716/ILSVRC2012_val_00021724.JPEG,n04044716,755,radio_telescope,0.999908447265625,0.7815420627593994,0.8953351378440857
/mnt/sda2/datasets/imagenet1k/imagenet-nano3/val/n02108551/ILSVRC2012_val_00023750.JPEG,n02108551,244,Tibetan_mastiff,0.9943082928657532,0.8084722757339478,0.9139847755432129
/mnt/sda2/datasets/imagenet1k/imagenet-nano3/val/n02108551/ILSVRC2012_val_00047808.JPEG,n02108551,244,Tibetan_mastiff,0.9980618357658386,0.8462412357330322,0.8864552974700928
/mnt/sda2/datasets/imagenet1k/imagenet-nano3/val/n02108551/ILSVRC2012_val_00038231.JPEG,n02108551,244,Tibetan_mastiff,0.9972002506256104,0.838800847530365,0.9057549834251404
/mnt/sda2/datasets/imagenet1k/imagenet-nano3/val/n03982430/ILSVRC2012_val_00007106.JPEG,n03982430,736,pool_table,0.9979606866836548,0.7395323514938354,0.9000915288925171
/mnt/sda2/datasets/imagenet1k/imagenet-nano3/val/n03982430/ILSVRC2012_val_00043143.JPEG,n03982430,736,pool_table,0.9999994039535522,0.7398493885993958,0.9390562176704407
/mnt/sda2/datasets/imagenet1k/imagenet-nano3/val/n04612504/ILSVRC2012_val_00014591.JPEG,n04612504,914,yawl,0.995140790939331,0.7818796634674072,0.8823834657669067
/mnt/sda2/datasets/imagenet1k/imagenet-nano3/val/n03874293/ILSVRC2012_val_00006741.JPEG,n03874293,694,paddlewheel,0.9999992847442627,0.7590224742889404,0.8935893177986145
/mnt/sda2/datasets/imagenet1k/imagenet-nano3/val/n03874293/ILSVRC2012_val_00034002.JPEG,n03874293,694,paddlewheel,0.9999996423721313,0.8358074426651001,0.9154072403907776
/mnt/sda2/datasets/imagenet1k/imagenet-nano3/val/n03857828/ILSVRC2012_val_00045579.JPEG,n03857828,688,oscilloscope,0.9999016523361206,0.7542693018913269,0.9109687805175781
/mnt/sda2/datasets/imagenet1k/imagenet-nano3/val/n03857828/ILSVRC2012_val_00029074.JPEG,n03857828,688,oscilloscope,0.7908241152763367,0.8457884192466736,0.8937267065048218
/mnt/sda2/datasets/imagenet1k/imagenet-nano3/val/n03857828/ILSVRC2012_val_00028874.JPEG,n03857828,688,oscilloscope,0.8520419001579285,0.7382628321647644,0.9089096188545227
/mnt/sda2/datasets/imagenet1k/imagenet-nano3/val/n02090622/ILSVRC2012_val_00017766.JPEG,n02090622,169,borzoi,0.9975287318229675,0.8076549768447876,0.899712860584259
/mnt/sda2/datasets/imagenet1k/imagenet-nano3/val/n01514859/ILSVRC2012_val_00048242.JPEG,n01514859,8,hen,0.9887856245040894,0.8720042109489441,0.8813857436180115
/mnt/sda2/datasets/imagenet1k/imagenet-nano3/val/n02966193/ILSVRC2012_val_00020337.JPEG,n02966193,476,carousel,1.0,0.8158038854598999,0.8863810300827026
/mnt/sda2/datasets/imagenet1k/imagenet-nano3/val/n02966193/ILSVRC2012_val_00039037.JPEG,n02966193,476,carousel,0.9997314810752869,0.9094235897064209,0.9136576652526855
/mnt/sda2/datasets/imagenet1k/imagenet-nano3/val/n02966193/ILSVRC2012_val_00016271.JPEG,n02966193,476,carousel,0.9997777342796326,0.8472148180007935,0.8800780177116394
/mnt/sda2/datasets/imagenet1k/imagenet-nano3/val/n02793495/ILSVRC2012_val_00015008.JPEG,n02793495,425,barn,0.9999586343765259,0.7227657437324524,0.8830413222312927
/mnt/sda2/datasets/imagenet1k/imagenet-nano3/val/n09835506/ILSVRC2012_val_00026142.JPEG,n09835506,981,ballplayer,0.9579865336418152,0.7242110967636108,0.8520514369010925
/mnt/sda2/datasets/imagenet1k/imagenet-nano3/val/n02389026/ILSVRC2012_val_00018932.JPEG,n02389026,339,sorrel,0.996609091758728,0.7182871699333191,0.8601267337799072
/mnt/sda2/datasets/imagenet1k/imagenet-nano3/val/n02389026/ILSVRC2012_val_00039474.JPEG,n02389026,339,sorrel,0.9992139339447021,0.7674105763435364,0.9174903631210327
/mnt/sda2/datasets/imagenet1k/imagenet-nano3/val/n02701002/ILSVRC2012_val_00038491.JPEG,n02701002,407,ambulance,0.8876475691795349,0.7998078465461731,0.85003262758255
/mnt/sda2/datasets/imagenet1k/imagenet-nano3/val/n02701002/ILSVRC2012_val_00011417.JPEG,n02701002,407,ambulance,0.9989458918571472,0.8093675374984741,0.8547926545143127
/mnt/sda2/datasets/imagenet1k/imagenet-nano3/val/n02701002/ILSVRC2012_val_00025159.JPEG,n02701002,407,ambulance,0.9993265867233276,0.7705376744270325,0.8846136331558228
/mnt/sda2/datasets/imagenet1k/imagenet-nano3/val/n03792782/ILSVRC2012_val_00043207.JPEG,n03792782,671,mountain_bike,0.9413083791732788,0.7418440580368042,0.8919135332107544
/mnt/sda2/datasets/imagenet1k/imagenet-nano3/val/n02106550/ILSVRC2012_val_00022664.JPEG,n02106550,234,Rottweiler,0.9918293356895447,0.7661401033401489,0.820702850818634
/mnt/sda2/datasets/imagenet1k/imagenet-nano3/val/n04162706/ILSVRC2012_val_00047565.JPEG,n04162706,785,seat_belt,0.9964525699615479,0.8179055452346802,0.8706152439117432
/mnt/sda2/datasets/imagenet1k/imagenet-nano3/val/n04162706/ILSVRC2012_val_00010752.JPEG,n04162706,785,seat_belt,0.9947254061698914,0.920749306678772,0.9050573110580444
/mnt/sda2/datasets/imagenet1k/imagenet-nano3/val/n02128757/ILSVRC2012_val_00048394.JPEG,n02128757,289,snow_leopard,0.9786827564239502,0.7831278443336487,0.841108500957489
/mnt/sda2/datasets/imagenet1k/imagenet-nano3/val/n07892512/ILSVRC2012_val_00037863.JPEG,n07892512,966,red_wine,0.9984110593795776,0.7983167767524719,0.9297336935997009
/mnt/sda2/datasets/imagenet1k/imagenet-nano3/val/n03017168/ILSVRC2012_val_00044962.JPEG,n03017168,494,chime,0.9202854633331299,0.762245774269104,0.9513447880744934
/mnt/sda2/datasets/imagenet1k/imagenet-nano3/val/n04404412/ILSVRC2012_val_00022274.JPEG,n04404412,851,television,0.806914746761322,0.776231586933136,0.7281267642974854
/mnt/sda2/datasets/imagenet1k/imagenet-nano3/val/n02002724/ILSVRC2012_val_00019698.JPEG,n02002724,128,black_stork,0.8243898749351501,0.8640247583389282,0.8169547319412231
/mnt/sda2/datasets/imagenet1k/imagenet-nano3/val/n01735189/ILSVRC2012_val_00034251.JPEG,n01735189,57,garter_snake,0.9883429408073425,0.7053294777870178,0.8832005858421326
/mnt/sda2/datasets/imagenet1k/imagenet-nano3/val/n03000134/ILSVRC2012_val_00034364.JPEG,n03000134,489,chainlink_fence,0.9981083869934082,0.7328540682792664,0.8498870730400085
/mnt/sda2/datasets/imagenet1k/imagenet-nano3/val/n01580077/ILSVRC2012_val_00043995.JPEG,n01580077,17,jay,0.999996542930603,0.7476223707199097,0.9040893912315369
/mnt/sda2/datasets/imagenet1k/imagenet-nano3/val/n04482393/ILSVRC2012_val_00036906.JPEG,n04482393,870,tricycle,0.9716045260429382,0.7841852307319641,0.8890172839164734
/mnt/sda2/datasets/imagenet1k/imagenet-nano3/val/n04482393/ILSVRC2012_val_00016915.JPEG,n04482393,870,tricycle,0.994674801826477,0.8496456146240234,0.8922043442726135
/mnt/sda2/datasets/imagenet1k/imagenet-nano3/val/n02105505/ILSVRC2012_val_00025132.JPEG,n02105505,228,komondor,0.9827432632446289,0.7691001892089844,0.8952434062957764
/mnt/sda2/datasets/imagenet1k/imagenet-nano3/val/n02105505/ILSVRC2012_val_00014870.JPEG,n02105505,228,komondor,0.991077184677124,0.7697054147720337,0.7362014055252075
/mnt/sda2/datasets/imagenet1k/imagenet-nano3/val/n02013706/ILSVRC2012_val_00029885.JPEG,n02013706,135,limpkin,0.9957525730133057,0.8295935988426208,0.8911489844322205
/mnt/sda2/datasets/imagenet1k/imagenet-nano3/val/n02013706/ILSVRC2012_val_00031304.JPEG,n02013706,135,limpkin,1.0,0.7178497314453125,0.8986557126045227
/mnt/sda2/datasets/imagenet1k/imagenet-nano3/val/n02927161/ILSVRC2012_val_00021162.JPEG,n02927161,467,butcher_shop,0.9982547163963318,0.8451951742172241,0.8943723440170288
/mnt/sda2/datasets/imagenet1k/imagenet-nano3/val/n02927161/ILSVRC2012_val_00037430.JPEG,n02927161,467,butcher_shop,0.9761808514595032,0.9076184034347534,0.8910852670669556
/mnt/sda2/datasets/imagenet1k/imagenet-nano3/val/n02927161/ILSVRC2012_val_00027097.JPEG,n02927161,467,butcher_shop,0.9938135147094727,0.8520066738128662,0.9270493388175964
/mnt/sda2/datasets/imagenet1k/imagenet-nano3/val/n02484975/ILSVRC2012_val_00000013.JPEG,n02484975,370,guenon,0.9871094226837158,0.7781166434288025,0.8393116593360901
/mnt/sda2/datasets/imagenet1k/imagenet-nano3/val/n02484975/ILSVRC2012_val_00004683.JPEG,n02484975,370,guenon,0.9974109530448914,0.8336161971092224,0.8686116933822632
/mnt/sda2/datasets/imagenet1k/imagenet-nano3/val/n03259280/ILSVRC2012_val_00014150.JPEG,n03259280,544,Dutch_oven,0.9997978806495667,0.8353524804115295,0.8610204458236694
/mnt/sda2/datasets/imagenet1k/imagenet-nano3/val/n02879718/ILSVRC2012_val_00031286.JPEG,n02879718,456,bow,0.9990992546081543,0.7942284345626831,0.882351815700531
/mnt/sda2/datasets/imagenet1k/imagenet-nano3/val/n02105641/ILSVRC2012_val_00041865.JPEG,n02105641,229,Old_English_sheepdog,0.9999432563781738,0.7538435459136963,0.8856250643730164
/mnt/sda2/datasets/imagenet1k/imagenet-nano3/val/n02105641/ILSVRC2012_val_00017560.JPEG,n02105641,229,Old_English_sheepdog,0.8819735050201416,0.7695883512496948,0.8680803179740906
/mnt/sda2/datasets/imagenet1k/imagenet-nano3/val/n07615774/ILSVRC2012_val_00021643.JPEG,n07615774,929,ice_lolly,0.9726986885070801,0.7659317851066589,0.9246842861175537
/mnt/sda2/datasets/imagenet1k/imagenet-nano3/val/n01855672/ILSVRC2012_val_00047073.JPEG,n01855672,99,goose,0.9952138662338257,0.8072686791419983,0.88019198179245
/mnt/sda2/datasets/imagenet1k/imagenet-nano3/val/n01855672/ILSVRC2012_val_00009610.JPEG,n01855672,99,goose,0.9501872062683105,0.771145224571228,0.8930506706237793
/mnt/sda2/datasets/imagenet1k/imagenet-nano3/val/n04447861/ILSVRC2012_val_00045528.JPEG,n04447861,861,toilet_seat,0.9204126000404358,0.9385011792182922,0.9896669387817383
/mnt/sda2/datasets/imagenet1k/imagenet-nano3/val/n12267677/ILSVRC2012_val_00044880.JPEG,n12267677,988,acorn,0.9828909039497375,0.7103080749511719,0.8863736391067505
/mnt/sda2/datasets/imagenet1k/imagenet-nano3/val/n03590841/ILSVRC2012_val_00008702.JPEG,n03590841,607,jack-o'-lantern,0.9999977350234985,0.8149523735046387,0.9133299589157104
/mnt/sda2/datasets/imagenet1k/imagenet-nano3/val/n03590841/ILSVRC2012_val_00003206.JPEG,n03590841,607,jack-o'-lantern,1.0,0.8310386538505554,0.9002360105514526
/mnt/sda2/datasets/imagenet1k/imagenet-nano3/val/n03590841/ILSVRC2012_val_00039036.JPEG,n03590841,607,jack-o'-lantern,0.9991649389266968,0.7086719870567322,0.932883620262146
/mnt/sda2/datasets/imagenet1k/imagenet-nano3/val/n07880968/ILSVRC2012_val_00046107.JPEG,n07880968,965,burrito,0.9998288154602051,0.8082440495491028,0.8937079906463623
/mnt/sda2/datasets/imagenet1k/imagenet-nano3/val/n07880968/ILSVRC2012_val_00026100.JPEG,n07880968,965,burrito,0.9417095184326172,0.8147647976875305,0.8691729307174683
/mnt/sda2/datasets/imagenet1k/imagenet-nano3/val/n02086240/ILSVRC2012_val_00012394.JPEG,n02086240,155,Shih-Tzu,0.8290404677391052,0.7544538378715515,0.9121403098106384
/mnt/sda2/datasets/imagenet1k/imagenet-nano3/val/n02097658/ILSVRC2012_val_00028192.JPEG,n02097658,201,silky_terrier,0.8725464940071106,0.82937091588974,0.9005618691444397
/mnt/sda2/datasets/imagenet1k/imagenet-nano3/val/n02097658/ILSVRC2012_val_00040109.JPEG,n02097658,201,silky_terrier,0.9948000907897949,0.784988284111023,0.8746916055679321
/mnt/sda2/datasets/imagenet1k/imagenet-nano3/val/n02930766/ILSVRC2012_val_00048951.JPEG,n02930766,468,cab,0.9997815489768982,0.8287914991378784,0.9038745164871216
/mnt/sda2/datasets/imagenet1k/imagenet-nano3/val/n02930766/ILSVRC2012_val_00044318.JPEG,n02930766,468,cab,0.9969314336776733,0.7662523984909058,0.8614084124565125
/mnt/sda2/datasets/imagenet1k/imagenet-nano3/val/n01698640/ILSVRC2012_val_00001338.JPEG,n01698640,50,American_alligator,0.9976014494895935,0.7515709400177002,0.8441556692123413
/mnt/sda2/datasets/imagenet1k/imagenet-nano3/val/n02782093/ILSVRC2012_val_00016021.JPEG,n02782093,417,balloon,0.9984387755393982,0.7972396016120911,0.8877308368682861
/mnt/sda2/datasets/imagenet1k/imagenet-nano3/val/n02782093/ILSVRC2012_val_00038086.JPEG,n02782093,417,balloon,0.999508261680603,0.7572148442268372,0.9149412512779236
/mnt/sda2/datasets/imagenet1k/imagenet-nano3/val/n01955084/ILSVRC2012_val_00025056.JPEG,n01955084,116,chiton,1.0,0.7451338171958923,0.8847850561141968
/mnt/sda2/datasets/imagenet1k/imagenet-nano3/val/n03873416/ILSVRC2012_val_00038624.JPEG,n03873416,693,paddle,0.986851155757904,0.843985378742218,0.9021388292312622
/mnt/sda2/datasets/imagenet1k/imagenet-nano3/val/n03873416/ILSVRC2012_val_00029352.JPEG,n03873416,693,paddle,0.9260408878326416,0.7508659362792969,0.8634560108184814
/mnt/sda2/datasets/imagenet1k/imagenet-nano3/val/n04367480/ILSVRC2012_val_00018831.JPEG,n04367480,840,swab,0.9857608675956726,0.7603452801704407,0.9132580161094666
/mnt/sda2/datasets/imagenet1k/imagenet-nano3/val/n02279972/ILSVRC2012_val_00049418.JPEG,n02279972,323,monarch,0.9993630051612854,0.7313965559005737,0.8655601143836975
/mnt/sda2/datasets/imagenet1k/imagenet-nano3/val/n03884397/ILSVRC2012_val_00047848.JPEG,n03884397,699,panpipe,0.999872088432312,0.7925978302955627,0.8748443722724915
/mnt/sda2/datasets/imagenet1k/imagenet-nano3/val/n03884397/ILSVRC2012_val_00007964.JPEG,n03884397,699,panpipe,0.9361048936843872,0.7777113914489746,0.9802480340003967
/mnt/sda2/datasets/imagenet1k/imagenet-nano3/val/n03884397/ILSVRC2012_val_00007123.JPEG,n03884397,699,panpipe,0.9999816417694092,0.8126699328422546,0.9256685376167297
/mnt/sda2/datasets/imagenet1k/imagenet-nano3/val/n03534580/ILSVRC2012_val_00030501.JPEG,n03534580,601,hoopskirt,0.7928997874259949,0.8696742057800293,0.9451852440834045
/mnt/sda2/datasets/imagenet1k/imagenet-nano3/val/n02916936/ILSVRC2012_val_00003790.JPEG,n02916936,465,bulletproof_vest,0.9398151636123657,0.7416520714759827,0.7737757563591003
/mnt/sda2/datasets/imagenet1k/imagenet-nano3/val/n02097474/ILSVRC2012_val_00011895.JPEG,n02097474,200,Tibetan_terrier,0.7592937350273132,0.7562300562858582,0.7052857875823975
/mnt/sda2/datasets/imagenet1k/imagenet-nano3/val/n03935335/ILSVRC2012_val_00019641.JPEG,n03935335,719,piggy_bank,0.8197866082191467,0.7664690017700195,0.9131072759628296
/mnt/sda2/datasets/imagenet1k/imagenet-nano3/val/n03935335/ILSVRC2012_val_00035991.JPEG,n03935335,719,piggy_bank,0.9985125660896301,0.7934712767601013,0.9027351140975952
/mnt/sda2/datasets/imagenet1k/imagenet-nano3/val/n02514041/ILSVRC2012_val_00021708.JPEG,n02514041,389,barracouta,0.9811104536056519,0.822713315486908,0.8862380385398865
/mnt/sda2/datasets/imagenet1k/imagenet-nano3/val/n02514041/ILSVRC2012_val_00034120.JPEG,n02514041,389,barracouta,0.8274751305580139,0.8880119323730469,0.9084699749946594
/mnt/sda2/datasets/imagenet1k/imagenet-nano3/val/n01818515/ILSVRC2012_val_00027656.JPEG,n01818515,88,macaw,1.0,0.8034908175468445,0.9277659058570862
/mnt/sda2/datasets/imagenet1k/imagenet-nano3/val/n01818515/ILSVRC2012_val_00007081.JPEG,n01818515,88,macaw,0.9998306035995483,0.7698725461959839,0.9139852523803711
/mnt/sda2/datasets/imagenet1k/imagenet-nano3/val/n01818515/ILSVRC2012_val_00003823.JPEG,n01818515,88,macaw,0.987295925617218,0.7143287062644958,0.8376373648643494
/mnt/sda2/datasets/imagenet1k/imagenet-nano3/val/n07747607/ILSVRC2012_val_00045114.JPEG,n07747607,950,orange,0.8516474366188049,0.7570940852165222,0.8861382007598877
/mnt/sda2/datasets/imagenet1k/imagenet-nano3/val/n07747607/ILSVRC2012_val_00002915.JPEG,n07747607,950,orange,0.7046218514442444,0.8079319000244141,0.785925567150116
/mnt/sda2/datasets/imagenet1k/imagenet-nano3/val/n07747607/ILSVRC2012_val_00027520.JPEG,n07747607,950,orange,0.8064137101173401,0.8078672885894775,0.7781376838684082
/mnt/sda2/datasets/imagenet1k/imagenet-nano3/val/n04398044/ILSVRC2012_val_00043720.JPEG,n04398044,849,teapot,0.9306036233901978,0.7775437235832214,0.7669316530227661
/mnt/sda2/datasets/imagenet1k/imagenet-nano3/val/n07714571/ILSVRC2012_val_00029598.JPEG,n07714571,936,head_cabbage,0.9773551821708679,0.7134340405464172,0.8838536143302917
/mnt/sda2/datasets/imagenet1k/imagenet-nano3/val/n03014705/ILSVRC2012_val_00041074.JPEG,n03014705,492,chest,0.794191300868988,0.7946696281433105,0.9434648156166077
/mnt/sda2/datasets/imagenet1k/imagenet-nano3/val/n03160309/ILSVRC2012_val_00004828.JPEG,n03160309,525,dam,0.9997710585594177,0.7837230563163757,0.8980103135108948
/mnt/sda2/datasets/imagenet1k/imagenet-nano3/val/n03160309/ILSVRC2012_val_00043308.JPEG,n03160309,525,dam,0.9987466335296631,0.7972679138183594,0.9223034381866455
/mnt/sda2/datasets/imagenet1k/imagenet-nano3/val/n03160309/ILSVRC2012_val_00000330.JPEG,n03160309,525,dam,0.9999995231628418,0.7666146755218506,0.9022601842880249
/mnt/sda2/datasets/imagenet1k/imagenet-nano3/val/n13037406/ILSVRC2012_val_00043208.JPEG,n13037406,993,gyromitra,0.9998792409896851,0.7062259316444397,0.7993907332420349
/mnt/sda2/datasets/imagenet1k/imagenet-nano3/val/n13037406/ILSVRC2012_val_00047998.JPEG,n13037406,993,gyromitra,0.999988317489624,0.7401020526885986,0.8839609026908875
/mnt/sda2/datasets/imagenet1k/imagenet-nano3/val/n02788148/ILSVRC2012_val_00020434.JPEG,n02788148,421,bannister,0.9337823987007141,0.8013927936553955,0.934748649597168
/mnt/sda2/datasets/imagenet1k/imagenet-nano3/val/n01622779/ILSVRC2012_val_00003169.JPEG,n01622779,24,great_grey_owl,0.9999737739562988,0.7097879648208618,0.893292248249054
/mnt/sda2/datasets/imagenet1k/imagenet-nano3/val/n01622779/ILSVRC2012_val_00001213.JPEG,n01622779,24,great_grey_owl,1.0,0.7210047841072083,0.9024835228919983
/mnt/sda2/datasets/imagenet1k/imagenet-nano3/val/n02037110/ILSVRC2012_val_00011196.JPEG,n02037110,143,oystercatcher,0.9999985694885254,0.7016928791999817,0.9008161425590515
/mnt/sda2/datasets/imagenet1k/imagenet-nano3/val/n11879895/ILSVRC2012_val_00000216.JPEG,n11879895,984,rapeseed,0.9995958209037781,0.8433631062507629,0.8873862624168396
/mnt/sda2/datasets/imagenet1k/imagenet-nano3/val/n11879895/ILSVRC2012_val_00043005.JPEG,n11879895,984,rapeseed,0.9991664886474609,0.8271026015281677,0.8854156136512756
/mnt/sda2/datasets/imagenet1k/imagenet-nano3/val/n03028079/ILSVRC2012_val_00016832.JPEG,n03028079,497,church,0.9212541580200195,0.7457072138786316,0.9009914398193359
/mnt/sda2/datasets/imagenet1k/imagenet-nano3/val/n02823750/ILSVRC2012_val_00026110.JPEG,n02823750,441,beer_glass,0.9889171123504639,0.887171745300293,0.8808199763298035
/mnt/sda2/datasets/imagenet1k/imagenet-nano3/val/n03141823/ILSVRC2012_val_00016028.JPEG,n03141823,523,crutch,0.998485267162323,0.7638841271400452,0.8745701313018799
/mnt/sda2/datasets/imagenet1k/imagenet-nano3/val/n04235860/ILSVRC2012_val_00006430.JPEG,n04235860,797,sleeping_bag,0.9843622446060181,0.7220496535301208,0.8839209675788879
/mnt/sda2/datasets/imagenet1k/imagenet-nano3/val/n04235860/ILSVRC2012_val_00017165.JPEG,n04235860,797,sleeping_bag,0.8120278120040894,0.8399255871772766,0.7851994037628174
/mnt/sda2/datasets/imagenet1k/imagenet-nano3/val/n02802426/ILSVRC2012_val_00044958.JPEG,n02802426,430,basketball,0.8676519989967346,0.7838249802589417,0.819496750831604
/mnt/sda2/datasets/imagenet1k/imagenet-nano3/val/n02802426/ILSVRC2012_val_00046810.JPEG,n02802426,430,basketball,0.9158034920692444,0.8156300783157349,0.8847368955612183
/mnt/sda2/datasets/imagenet1k/imagenet-nano3/val/n02802426/ILSVRC2012_val_00035401.JPEG,n02802426,430,basketball,0.8731215000152588,0.8484287261962891,0.895888090133667
/mnt/sda2/datasets/imagenet1k/imagenet-nano3/val/n03527444/ILSVRC2012_val_00038025.JPEG,n03527444,597,holster,0.9551368951797485,0.7687193155288696,0.9013879299163818
/mnt/sda2/datasets/imagenet1k/imagenet-nano3/val/n03527444/ILSVRC2012_val_00011909.JPEG,n03527444,597,holster,0.9658852219581604,0.7958636283874512,0.8895545601844788
/mnt/sda2/datasets/imagenet1k/imagenet-nano3/val/n01776313/ILSVRC2012_val_00023564.JPEG,n01776313,78,tick,0.8935794830322266,0.767143726348877,0.8713308572769165
/mnt/sda2/datasets/imagenet1k/imagenet-nano3/val/n01776313/ILSVRC2012_val_00007065.JPEG,n01776313,78,tick,0.9671711325645447,0.7091541290283203,0.8295681476593018
/mnt/sda2/datasets/imagenet1k/imagenet-nano3/val/n03891332/ILSVRC2012_val_00012116.JPEG,n03891332,704,parking_meter,0.9856686592102051,0.7621124386787415,0.9176101088523865
/mnt/sda2/datasets/imagenet1k/imagenet-nano3/val/n03877845/ILSVRC2012_val_00043029.JPEG,n03877845,698,palace,0.9625399708747864,0.8201485276222229,0.899505078792572
/mnt/sda2/datasets/imagenet1k/imagenet-nano3/val/n03877845/ILSVRC2012_val_00006640.JPEG,n03877845,698,palace,0.9909159541130066,0.8148407340049744,0.8077660799026489
/mnt/sda2/datasets/imagenet1k/imagenet-nano3/val/n03538406/ILSVRC2012_val_00045964.JPEG,n03538406,603,horse_cart,0.9987271428108215,0.741276741027832,0.9271060228347778
/mnt/sda2/datasets/imagenet1k/imagenet-nano3/val/n02088466/ILSVRC2012_val_00040708.JPEG,n02088466,163,bloodhound,0.9999562501907349,0.7693617939949036,0.8789443373680115
/mnt/sda2/datasets/imagenet1k/imagenet-nano3/val/n03379051/ILSVRC2012_val_00047355.JPEG,n03379051,560,football_helmet,0.9999963045120239,0.8231488466262817,0.8740613460540771
/mnt/sda2/datasets/imagenet1k/imagenet-nano3/val/n03379051/ILSVRC2012_val_00020653.JPEG,n03379051,560,football_helmet,0.9999858140945435,0.8912985920906067,0.8970243334770203
/mnt/sda2/datasets/imagenet1k/imagenet-nano3/val/n03379051/ILSVRC2012_val_00008234.JPEG,n03379051,560,football_helmet,0.9997255206108093,0.7541943788528442,0.8600451946258545
/mnt/sda2/datasets/imagenet1k/imagenet-nano3/val/n07873807/ILSVRC2012_val_00037476.JPEG,n07873807,963,pizza,0.9765986204147339,0.8754283785820007,0.8920959830284119
/mnt/sda2/datasets/imagenet1k/imagenet-nano3/val/n07873807/ILSVRC2012_val_00024661.JPEG,n07873807,963,pizza,0.9692911505699158,0.8867326378822327,0.8678222894668579
/mnt/sda2/datasets/imagenet1k/imagenet-nano3/val/n02128925/ILSVRC2012_val_00049347.JPEG,n02128925,290,jaguar,0.9640328288078308,0.7547581791877747,0.8384039402008057
/mnt/sda2/datasets/imagenet1k/imagenet-nano3/val/n02128925/ILSVRC2012_val_00025277.JPEG,n02128925,290,jaguar,0.8930515050888062,0.7603539228439331,0.8088773488998413
/mnt/sda2/datasets/imagenet1k/imagenet-nano3/val/n02859443/ILSVRC2012_val_00011660.JPEG,n02859443,449,boathouse,0.9764467477798462,0.7803384065628052,0.9159038066864014
/mnt/sda2/datasets/imagenet1k/imagenet-nano3/val/n02859443/ILSVRC2012_val_00007424.JPEG,n02859443,449,boathouse,0.979731023311615,0.8024627566337585,0.9157732129096985
/mnt/sda2/datasets/imagenet1k/imagenet-nano3/val/n04604644/ILSVRC2012_val_00006623.JPEG,n04604644,912,worm_fence,0.9999465942382812,0.8192583918571472,0.8997408747673035
/mnt/sda2/datasets/imagenet1k/imagenet-nano3/val/n02281787/ILSVRC2012_val_00037965.JPEG,n02281787,326,lycaenid,0.866346538066864,0.7082744240760803,0.8549222350120544
/mnt/sda2/datasets/imagenet1k/imagenet-nano3/val/n02281787/ILSVRC2012_val_00039804.JPEG,n02281787,326,lycaenid,0.9844076633453369,0.7014338374137878,0.883100688457489
/mnt/sda2/datasets/imagenet1k/imagenet-nano3/val/n01820546/ILSVRC2012_val_00037672.JPEG,n01820546,90,lorikeet,0.9995483756065369,0.7795880436897278,0.9099324345588684
/mnt/sda2/datasets/imagenet1k/imagenet-nano3/val/n01820546/ILSVRC2012_val_00015713.JPEG,n01820546,90,lorikeet,0.9998462200164795,0.7363673448562622,0.8942328691482544
/mnt/sda2/datasets/imagenet1k/imagenet-nano3/val/n01910747/ILSVRC2012_val_00000063.JPEG,n01910747,107,jellyfish,0.7088529467582703,0.8107998371124268,0.8803912997245789
/mnt/sda2/datasets/imagenet1k/imagenet-nano3/val/n01910747/ILSVRC2012_val_00015443.JPEG,n01910747,107,jellyfish,0.9999994039535522,0.7754127383232117,0.8814857602119446
/mnt/sda2/datasets/imagenet1k/imagenet-nano3/val/n03908618/ILSVRC2012_val_00046476.JPEG,n03908618,709,pencil_box,0.9798015356063843,0.7042592763900757,0.7359907627105713
/mnt/sda2/datasets/imagenet1k/imagenet-nano3/val/n03908618/ILSVRC2012_val_00004296.JPEG,n03908618,709,pencil_box,0.9201257824897766,0.7546221613883972,0.9314265251159668
/mnt/sda2/datasets/imagenet1k/imagenet-nano3/val/n03649909/ILSVRC2012_val_00026632.JPEG,n03649909,621,lawn_mower,0.9997864365577698,0.7850478887557983,0.9092208743095398
/mnt/sda2/datasets/imagenet1k/imagenet-nano3/val/n03649909/ILSVRC2012_val_00036641.JPEG,n03649909,621,lawn_mower,0.9931487441062927,0.7303341031074524,0.8788817524909973
/mnt/sda2/datasets/imagenet1k/imagenet-nano3/val/n03649909/ILSVRC2012_val_00033704.JPEG,n03649909,621,lawn_mower,0.9980835914611816,0.7268533110618591,0.876501202583313
/mnt/sda2/datasets/imagenet1k/imagenet-nano3/val/n02110627/ILSVRC2012_val_00036062.JPEG,n02110627,252,affenpinscher,0.8117832541465759,0.8751525282859802,0.8363582491874695
/mnt/sda2/datasets/imagenet1k/imagenet-nano3/val/n02110627/ILSVRC2012_val_00040409.JPEG,n02110627,252,affenpinscher,0.9959208965301514,0.835398256778717,0.8724201917648315
/mnt/sda2/datasets/imagenet1k/imagenet-nano3/val/n07714990/ILSVRC2012_val_00015318.JPEG,n07714990,937,broccoli,0.9891730546951294,0.7956827282905579,0.883830189704895
/mnt/sda2/datasets/imagenet1k/imagenet-nano3/val/n02109525/ILSVRC2012_val_00048980.JPEG,n02109525,247,Saint_Bernard,0.9999897480010986,0.7652068734169006,0.8943803310394287
/mnt/sda2/datasets/imagenet1k/imagenet-nano3/val/n02109525/ILSVRC2012_val_00001937.JPEG,n02109525,247,Saint_Bernard,0.99988853931427,0.712433397769928,0.8870313763618469
/mnt/sda2/datasets/imagenet1k/imagenet-nano3/val/n03337140/ILSVRC2012_val_00033539.JPEG,n03337140,553,file,0.9982420206069946,0.7872844338417053,0.9126701951026917
/mnt/sda2/datasets/imagenet1k/imagenet-nano3/val/n02101006/ILSVRC2012_val_00001305.JPEG,n02101006,214,Gordon_setter,0.981024980545044,0.7043317556381226,0.907767117023468
/mnt/sda2/datasets/imagenet1k/imagenet-nano3/val/n03991062/ILSVRC2012_val_00037312.JPEG,n03991062,738,pot,0.9991044402122498,0.7409600019454956,0.8781126737594604
/mnt/sda2/datasets/imagenet1k/imagenet-nano3/val/n04501370/ILSVRC2012_val_00001750.JPEG,n04501370,877,turnstile,0.9941887855529785,0.7583873867988586,0.9387866854667664
/mnt/sda2/datasets/imagenet1k/imagenet-nano3/val/n01704323/ILSVRC2012_val_00019894.JPEG,n01704323,51,triceratops,0.8800253868103027,0.8753910660743713,0.9426588416099548
/mnt/sda2/datasets/imagenet1k/imagenet-nano3/val/n01704323/ILSVRC2012_val_00017962.JPEG,n01704323,51,triceratops,1.0,0.810799777507782,0.8800898194313049
/mnt/sda2/datasets/imagenet1k/imagenet-nano3/val/n02018795/ILSVRC2012_val_00036457.JPEG,n02018795,138,bustard,0.9998125433921814,0.7554315328598022,0.8741873502731323
/mnt/sda2/datasets/imagenet1k/imagenet-nano3/val/n02018795/ILSVRC2012_val_00016264.JPEG,n02018795,138,bustard,1.0,0.7363824844360352,0.8843676447868347
/mnt/sda2/datasets/imagenet1k/imagenet-nano3/val/n12985857/ILSVRC2012_val_00015085.JPEG,n12985857,991,coral_fungus,0.995858371257782,0.7467460036277771,0.8780767321586609
/mnt/sda2/datasets/imagenet1k/imagenet-nano3/val/n12985857/ILSVRC2012_val_00038482.JPEG,n12985857,991,coral_fungus,0.9962798953056335,0.7319859266281128,0.9267075657844543
/mnt/sda2/datasets/imagenet1k/imagenet-nano3/val/n01855032/ILSVRC2012_val_00026967.JPEG,n01855032,98,red-breasted_merganser,0.9998841285705566,0.7307006120681763,0.8792824745178223
/mnt/sda2/datasets/imagenet1k/imagenet-nano3/val/n02088632/ILSVRC2012_val_00030757.JPEG,n02088632,164,bluetick,0.9626695513725281,0.7443552017211914,0.9235195517539978
/mnt/sda2/datasets/imagenet1k/imagenet-nano3/val/n02088632/ILSVRC2012_val_00045971.JPEG,n02088632,164,bluetick,0.9830247163772583,0.7722639441490173,0.9219720363616943
/mnt/sda2/datasets/imagenet1k/imagenet-nano3/val/n04350905/ILSVRC2012_val_00049264.JPEG,n04350905,834,suit,0.7767012715339661,0.8388047814369202,0.8184053301811218
/mnt/sda2/datasets/imagenet1k/imagenet-nano3/val/n04350905/ILSVRC2012_val_00002541.JPEG,n04350905,834,suit,0.95355224609375,0.8492417335510254,0.9190797209739685
/mnt/sda2/datasets/imagenet1k/imagenet-nano3/val/n01665541/ILSVRC2012_val_00044755.JPEG,n01665541,34,leatherback_turtle,0.9836286902427673,0.7462098002433777,0.9025264382362366
/mnt/sda2/datasets/imagenet1k/imagenet-nano3/val/n02006656/ILSVRC2012_val_00025075.JPEG,n02006656,129,spoonbill,0.9999954700469971,0.7614979147911072,0.9018240571022034
/mnt/sda2/datasets/imagenet1k/imagenet-nano3/val/n02006656/ILSVRC2012_val_00029168.JPEG,n02006656,129,spoonbill,0.9930766820907593,0.7216686010360718,0.8319873213768005
/mnt/sda2/datasets/imagenet1k/imagenet-nano3/val/n02006656/ILSVRC2012_val_00022418.JPEG,n02006656,129,spoonbill,0.9999927282333374,0.7459988594055176,0.8886132836341858
/mnt/sda2/datasets/imagenet1k/imagenet-nano3/val/n02422699/ILSVRC2012_val_00002064.JPEG,n02422699,352,impala,0.7744544148445129,0.7585873007774353,0.8328808546066284
/mnt/sda2/datasets/imagenet1k/imagenet-nano3/val/n02483362/ILSVRC2012_val_00025031.JPEG,n02483362,368,gibbon,0.9858184456825256,0.7326167225837708,0.8785999417304993
/mnt/sda2/datasets/imagenet1k/imagenet-nano3/val/n02483362/ILSVRC2012_val_00003712.JPEG,n02483362,368,gibbon,0.9911361932754517,0.7351962327957153,0.8675838708877563
/mnt/sda2/datasets/imagenet1k/imagenet-nano3/val/n03876231/ILSVRC2012_val_00008908.JPEG,n03876231,696,paintbrush,0.999937891960144,0.7949064373970032,0.8206100463867188
/mnt/sda2/datasets/imagenet1k/imagenet-nano3/val/n02437616/ILSVRC2012_val_00041185.JPEG,n02437616,355,llama,0.9997231364250183,0.8046619296073914,0.9070597290992737
/mnt/sda2/datasets/imagenet1k/imagenet-nano3/val/n02437616/ILSVRC2012_val_00026223.JPEG,n02437616,355,llama,0.9979996085166931,0.7261411547660828,0.8788424134254456
/mnt/sda2/datasets/imagenet1k/imagenet-nano3/val/n03188531/ILSVRC2012_val_00004916.JPEG,n03188531,529,diaper,0.7810548543930054,0.7853303551673889,0.9079563617706299
/mnt/sda2/datasets/imagenet1k/imagenet-nano3/val/n02099267/ILSVRC2012_val_00033072.JPEG,n02099267,205,flat-coated_retriever,0.9514767527580261,0.8092645406723022,0.7626506686210632
/mnt/sda2/datasets/imagenet1k/imagenet-nano3/val/n02099267/ILSVRC2012_val_00047671.JPEG,n02099267,205,flat-coated_retriever,0.8720091581344604,0.7438614964485168,0.7591199278831482
/mnt/sda2/datasets/imagenet1k/imagenet-nano3/val/n04485082/ILSVRC2012_val_00033169.JPEG,n04485082,872,tripod,0.9775258898735046,0.7202534079551697,0.9065781235694885
/mnt/sda2/datasets/imagenet1k/imagenet-nano3/val/n01560419/ILSVRC2012_val_00004037.JPEG,n01560419,16,bulbul,0.999984622001648,0.7129144072532654,0.8730302453041077
/mnt/sda2/datasets/imagenet1k/imagenet-nano3/val/n01560419/ILSVRC2012_val_00012870.JPEG,n01560419,16,bulbul,1.0,0.715175986289978,0.8778606653213501
/mnt/sda2/datasets/imagenet1k/imagenet-nano3/val/n04389033/ILSVRC2012_val_00049454.JPEG,n04389033,847,tank,0.995863676071167,0.7768037915229797,0.8360413312911987
/mnt/sda2/datasets/imagenet1k/imagenet-nano3/val/n02667093/ILSVRC2012_val_00035215.JPEG,n02667093,399,abaya,0.9964985847473145,0.8355462551116943,0.9406439065933228
/mnt/sda2/datasets/imagenet1k/imagenet-nano3/val/n02676566/ILSVRC2012_val_00003441.JPEG,n02676566,402,acoustic_guitar,0.9999656677246094,0.8000461459159851,0.8874856233596802
/mnt/sda2/datasets/imagenet1k/imagenet-nano3/val/n02321529/ILSVRC2012_val_00040385.JPEG,n02321529,329,sea_cucumber,0.9994165897369385,0.7966222763061523,0.8752217292785645
/mnt/sda2/datasets/imagenet1k/imagenet-nano3/val/n02321529/ILSVRC2012_val_00036810.JPEG,n02321529,329,sea_cucumber,0.7031049132347107,0.7767912745475769,0.8907364010810852
/mnt/sda2/datasets/imagenet1k/imagenet-nano3/val/n04277352/ILSVRC2012_val_00017426.JPEG,n04277352,816,spindle,0.8023377656936646,0.7914881110191345,0.9175166487693787
/mnt/sda2/datasets/imagenet1k/imagenet-nano3/val/n01632777/ILSVRC2012_val_00035654.JPEG,n01632777,29,axolotl,1.0,0.7128474116325378,0.9036243557929993
/mnt/sda2/datasets/imagenet1k/imagenet-nano3/val/n01632777/ILSVRC2012_val_00045924.JPEG,n01632777,29,axolotl,0.9966264963150024,0.7124512791633606,0.9046239852905273
/mnt/sda2/datasets/imagenet1k/imagenet-nano3/val/n02447366/ILSVRC2012_val_00039103.JPEG,n02447366,362,badger,0.9999638795852661,0.7509757876396179,0.8833999037742615
/mnt/sda2/datasets/imagenet1k/imagenet-nano3/val/n03447447/ILSVRC2012_val_00033728.JPEG,n03447447,576,gondola,1.0,0.7873638272285461,0.8909019231796265
/mnt/sda2/datasets/imagenet1k/imagenet-nano3/val/n03447447/ILSVRC2012_val_00036574.JPEG,n03447447,576,gondola,1.0,0.8020213842391968,0.8962128758430481
/mnt/sda2/datasets/imagenet1k/imagenet-nano3/val/n03447447/ILSVRC2012_val_00045821.JPEG,n03447447,576,gondola,0.999997615814209,0.8077803254127502,0.8497904539108276
/mnt/sda2/datasets/imagenet1k/imagenet-nano3/val/n02091635/ILSVRC2012_val_00006720.JPEG,n02091635,175,otterhound,0.992291271686554,0.8476693630218506,0.8663399815559387
/mnt/sda2/datasets/imagenet1k/imagenet-nano3/val/n03240683/ILSVRC2012_val_00012597.JPEG,n03240683,540,drilling_platform,0.9999984502792358,0.8100040555000305,0.892816960811615
/mnt/sda2/datasets/imagenet1k/imagenet-nano3/val/n03240683/ILSVRC2012_val_00040675.JPEG,n03240683,540,drilling_platform,0.9978860020637512,0.8241225481033325,0.9041109681129456
/mnt/sda2/datasets/imagenet1k/imagenet-nano3/val/n03425413/ILSVRC2012_val_00045944.JPEG,n03425413,571,gas_pump,0.9961475133895874,0.8226397633552551,0.9242798089981079
/mnt/sda2/datasets/imagenet1k/imagenet-nano3/val/n02018207/ILSVRC2012_val_00022926.JPEG,n02018207,137,American_coot,0.9992274045944214,0.7054651379585266,0.895527720451355
/mnt/sda2/datasets/imagenet1k/imagenet-nano3/val/n02018207/ILSVRC2012_val_00021851.JPEG,n02018207,137,American_coot,0.9999220371246338,0.7648951411247253,0.8673994541168213
/mnt/sda2/datasets/imagenet1k/imagenet-nano3/val/n02099429/ILSVRC2012_val_00036467.JPEG,n02099429,206,curly-coated_retriever,0.9185712933540344,0.7564454078674316,0.8414798974990845
/mnt/sda2/datasets/imagenet1k/imagenet-nano3/val/n02408429/ILSVRC2012_val_00041767.JPEG,n02408429,346,water_buffalo,0.9978927969932556,0.700474739074707,0.8998153805732727
/mnt/sda2/datasets/imagenet1k/imagenet-nano3/val/n04435653/ILSVRC2012_val_00014610.JPEG,n04435653,858,tile_roof,0.999841570854187,0.8695921897888184,0.9030604362487793
/mnt/sda2/datasets/imagenet1k/imagenet-nano3/val/n04435653/ILSVRC2012_val_00039351.JPEG,n04435653,858,tile_roof,0.998872697353363,0.7857482433319092,0.8505808711051941
/mnt/sda2/datasets/imagenet1k/imagenet-nano3/val/n04069434/ILSVRC2012_val_00011327.JPEG,n04069434,759,reflex_camera,0.9874035120010376,0.7367331981658936,0.8907397985458374
/mnt/sda2/datasets/imagenet1k/imagenet-nano3/val/n04069434/ILSVRC2012_val_00035899.JPEG,n04069434,759,reflex_camera,0.9844233393669128,0.7689296007156372,0.9040325880050659
/mnt/sda2/datasets/imagenet1k/imagenet-nano3/val/n03216828/ILSVRC2012_val_00018995.JPEG,n03216828,536,dock,0.8835102915763855,0.8483479619026184,0.9570725560188293
/mnt/sda2/datasets/imagenet1k/imagenet-nano3/val/n03216828/ILSVRC2012_val_00027581.JPEG,n03216828,536,dock,0.8441509008407593,0.729401707649231,0.8872413635253906
/mnt/sda2/datasets/imagenet1k/imagenet-nano3/val/n03216828/ILSVRC2012_val_00027221.JPEG,n03216828,536,dock,0.7909275889396667,0.7979885339736938,0.7534523010253906
/mnt/sda2/datasets/imagenet1k/imagenet-nano3/val/n04033901/ILSVRC2012_val_00042931.JPEG,n04033901,749,quill,0.9223670959472656,0.7602335810661316,0.9452087879180908
/mnt/sda2/datasets/imagenet1k/imagenet-nano3/val/n04033901/ILSVRC2012_val_00003376.JPEG,n04033901,749,quill,0.9472662210464478,0.8854882121086121,0.9406731724739075
/mnt/sda2/datasets/imagenet1k/imagenet-nano3/val/n02950826/ILSVRC2012_val_00000596.JPEG,n02950826,471,cannon,0.90544593334198,0.7770692110061646,0.9527143836021423
/mnt/sda2/datasets/imagenet1k/imagenet-nano3/val/n02950826/ILSVRC2012_val_00020752.JPEG,n02950826,471,cannon,0.9926478862762451,0.8151527643203735,0.826138436794281
/mnt/sda2/datasets/imagenet1k/imagenet-nano3/val/n02133161/ILSVRC2012_val_00012507.JPEG,n02133161,295,American_black_bear,0.971827507019043,0.7373006343841553,0.9097738265991211
/mnt/sda2/datasets/imagenet1k/imagenet-nano3/val/n03595614/ILSVRC2012_val_00014015.JPEG,n03595614,610,jersey,0.9822815656661987,0.8404300212860107,0.8288384079933167
/mnt/sda2/datasets/imagenet1k/imagenet-nano3/val/n04335435/ILSVRC2012_val_00022600.JPEG,n04335435,829,streetcar,0.9654346704483032,0.796964704990387,0.8470717072486877
/mnt/sda2/datasets/imagenet1k/imagenet-nano3/val/n04335435/ILSVRC2012_val_00049663.JPEG,n04335435,829,streetcar,0.9996254444122314,0.7116647362709045,0.8870051503181458
/mnt/sda2/datasets/imagenet1k/imagenet-nano3/val/n04335435/ILSVRC2012_val_00043000.JPEG,n04335435,829,streetcar,0.9991803765296936,0.7617342472076416,0.8757994174957275
/mnt/sda2/datasets/imagenet1k/imagenet-nano3/val/n03450230/ILSVRC2012_val_00035004.JPEG,n03450230,578,gown,0.8972275257110596,0.7527121305465698,0.7999934554100037
/mnt/sda2/datasets/imagenet1k/imagenet-nano3/val/n03127747/ILSVRC2012_val_00023908.JPEG,n03127747,518,crash_helmet,0.9999960660934448,0.8566609025001526,0.9664241671562195
/mnt/sda2/datasets/imagenet1k/imagenet-nano3/val/n03127747/ILSVRC2012_val_00014434.JPEG,n03127747,518,crash_helmet,0.9999916553497314,0.8213975429534912,0.9454442262649536
/mnt/sda2/datasets/imagenet1k/imagenet-nano3/val/n03127747/ILSVRC2012_val_00013302.JPEG,n03127747,518,crash_helmet,0.8625807166099548,0.832908570766449,0.8757027387619019
/mnt/sda2/datasets/imagenet1k/imagenet-nano3/val/n02115913/ILSVRC2012_val_00039608.JPEG,n02115913,274,dhole,0.9203020930290222,0.7600359320640564,0.9083417654037476
/mnt/sda2/datasets/imagenet1k/imagenet-nano3/val/n02115913/ILSVRC2012_val_00008362.JPEG,n02115913,274,dhole,0.999481737613678,0.8116679787635803,0.9131824374198914
/mnt/sda2/datasets/imagenet1k/imagenet-nano3/val/n02115913/ILSVRC2012_val_00040454.JPEG,n02115913,274,dhole,0.9694685935974121,0.7914568781852722,0.8912416696548462
/mnt/sda2/datasets/imagenet1k/imagenet-nano3/val/n01768244/ILSVRC2012_val_00026903.JPEG,n01768244,69,trilobite,0.9999979734420776,0.7068729996681213,0.8977903127670288
/mnt/sda2/datasets/imagenet1k/imagenet-nano3/val/n03393912/ILSVRC2012_val_00004389.JPEG,n03393912,565,freight_car,0.9852476119995117,0.7490456104278564,0.8916878700256348
/mnt/sda2/datasets/imagenet1k/imagenet-nano3/val/n03393912/ILSVRC2012_val_00046790.JPEG,n03393912,565,freight_car,1.0,0.8222802877426147,0.8587998151779175
/mnt/sda2/datasets/imagenet1k/imagenet-nano3/val/n03393912/ILSVRC2012_val_00036670.JPEG,n03393912,565,freight_car,1.0,0.7932359576225281,0.8642910718917847
/mnt/sda2/datasets/imagenet1k/imagenet-nano3/val/n02099601/ILSVRC2012_val_00020367.JPEG,n02099601,207,golden_retriever,0.9824625253677368,0.7827602624893188,0.9082356691360474
/mnt/sda2/datasets/imagenet1k/imagenet-nano3/val/n02099601/ILSVRC2012_val_00034584.JPEG,n02099601,207,golden_retriever,0.9304203987121582,0.7101972103118896,0.8456171154975891
/mnt/sda2/datasets/imagenet1k/imagenet-nano3/val/n03868863/ILSVRC2012_val_00029895.JPEG,n03868863,691,oxygen_mask,0.9856824278831482,0.8396380543708801,0.9107332229614258
/mnt/sda2/datasets/imagenet1k/imagenet-nano3/val/n04125021/ILSVRC2012_val_00034422.JPEG,n04125021,771,safe,0.9998725652694702,0.8143974542617798,0.7691822052001953
/mnt/sda2/datasets/imagenet1k/imagenet-nano3/val/n04125021/ILSVRC2012_val_00010948.JPEG,n04125021,771,safe,0.8449927568435669,0.7937228083610535,0.9266780018806458
/mnt/sda2/datasets/imagenet1k/imagenet-nano3/val/n04532670/ILSVRC2012_val_00039577.JPEG,n04532670,888,viaduct,0.9999730587005615,0.8086345791816711,0.8820154070854187
/mnt/sda2/datasets/imagenet1k/imagenet-nano3/val/n04532670/ILSVRC2012_val_00041695.JPEG,n04532670,888,viaduct,0.9999995231628418,0.7625411748886108,0.8864719867706299
/mnt/sda2/datasets/imagenet1k/imagenet-nano3/val/n03840681/ILSVRC2012_val_00018185.JPEG,n03840681,684,ocarina,0.9369873404502869,0.8369451761245728,0.9915848970413208
/mnt/sda2/datasets/imagenet1k/imagenet-nano3/val/n03840681/ILSVRC2012_val_00040993.JPEG,n03840681,684,ocarina,0.9495943188667297,0.7905471920967102,0.9547340273857117
/mnt/sda2/datasets/imagenet1k/imagenet-nano3/val/n03840681/ILSVRC2012_val_00036362.JPEG,n03840681,684,ocarina,0.9992918968200684,0.7510822415351868,0.8932508230209351
/mnt/sda2/datasets/imagenet1k/imagenet-nano3/val/n02114548/ILSVRC2012_val_00025665.JPEG,n02114548,270,white_wolf,0.9978892207145691,0.7401008605957031,0.8875057101249695
/mnt/sda2/datasets/imagenet1k/imagenet-nano3/val/n02114548/ILSVRC2012_val_00042098.JPEG,n02114548,270,white_wolf,0.9739504456520081,0.7857107520103455,0.8739801049232483
/mnt/sda2/datasets/imagenet1k/imagenet-nano3/val/n04127249/ILSVRC2012_val_00010285.JPEG,n04127249,772,safety_pin,0.9999284744262695,0.9422920346260071,0.8423411846160889
/mnt/sda2/datasets/imagenet1k/imagenet-nano3/val/n07760859/ILSVRC2012_val_00047640.JPEG,n07760859,956,custard_apple,0.9999978542327881,0.8513705134391785,0.8465847969055176
/mnt/sda2/datasets/imagenet1k/imagenet-nano3/val/n07760859/ILSVRC2012_val_00025217.JPEG,n07760859,956,custard_apple,0.9981206059455872,0.8493838906288147,0.8779575824737549
/mnt/sda2/datasets/imagenet1k/imagenet-nano3/val/n03676483/ILSVRC2012_val_00030550.JPEG,n03676483,629,lipstick,0.9999803304672241,0.7728917002677917,0.9122971892356873
/mnt/sda2/datasets/imagenet1k/imagenet-nano3/val/n02488702/ILSVRC2012_val_00010182.JPEG,n02488702,375,colobus,0.9978830218315125,0.7943944334983826,0.8475609421730042
/mnt/sda2/datasets/imagenet1k/imagenet-nano3/val/n02488702/ILSVRC2012_val_00021333.JPEG,n02488702,375,colobus,0.9998568296432495,0.7343443632125854,0.8598375916481018
/mnt/sda2/datasets/imagenet1k/imagenet-nano3/val/n02509815/ILSVRC2012_val_00023775.JPEG,n02509815,387,lesser_panda,0.9919623732566833,0.7593597173690796,0.8896785974502563
/mnt/sda2/datasets/imagenet1k/imagenet-nano3/val/n02509815/ILSVRC2012_val_00026182.JPEG,n02509815,387,lesser_panda,0.9999620914459229,0.7084113359451294,0.886620283126831
/mnt/sda2/datasets/imagenet1k/imagenet-nano3/val/n02403003/ILSVRC2012_val_00015027.JPEG,n02403003,345,ox,0.9248334169387817,0.7964618802070618,0.7898901104927063
/mnt/sda2/datasets/imagenet1k/imagenet-nano3/val/n03197337/ILSVRC2012_val_00045934.JPEG,n03197337,531,digital_watch,0.7131515741348267,0.7127997279167175,0.7849295735359192
/mnt/sda2/datasets/imagenet1k/imagenet-nano3/val/n03133878/ILSVRC2012_val_00021118.JPEG,n03133878,521,Crock_Pot,0.8654487729072571,0.9209346771240234,0.9156073927879333
/mnt/sda2/datasets/imagenet1k/imagenet-nano3/val/n06874185/ILSVRC2012_val_00029134.JPEG,n06874185,920,traffic_light,1.0,0.7939523458480835,0.9127929210662842
/mnt/sda2/datasets/imagenet1k/imagenet-nano3/val/n03065424/ILSVRC2012_val_00046103.JPEG,n03065424,506,coil,0.9929322004318237,0.7623501420021057,0.8895519971847534
/mnt/sda2/datasets/imagenet1k/imagenet-nano3/val/n03065424/ILSVRC2012_val_00015792.JPEG,n03065424,506,coil,0.8621103763580322,0.7795695662498474,0.9253363609313965
/mnt/sda2/datasets/imagenet1k/imagenet-nano3/val/n01843065/ILSVRC2012_val_00025616.JPEG,n01843065,95,jacamar,0.9909967184066772,0.7123748660087585,0.8820463418960571
/mnt/sda2/datasets/imagenet1k/imagenet-nano3/val/n01984695/ILSVRC2012_val_00002743.JPEG,n01984695,123,spiny_lobster,0.9831249713897705,0.7012328505516052,0.8852734565734863
/mnt/sda2/datasets/imagenet1k/imagenet-nano3/val/n02007558/ILSVRC2012_val_00022414.JPEG,n02007558,130,flamingo,0.9986513257026672,0.7924204468727112,0.830302357673645
/mnt/sda2/datasets/imagenet1k/imagenet-nano3/val/n02007558/ILSVRC2012_val_00014883.JPEG,n02007558,130,flamingo,0.9998968839645386,0.7454591393470764,0.9002261757850647
/mnt/sda2/datasets/imagenet1k/imagenet-nano3/val/n02007558/ILSVRC2012_val_00004730.JPEG,n02007558,130,flamingo,0.9999974966049194,0.8246898055076599,0.8991937041282654
/mnt/sda2/datasets/imagenet1k/imagenet-nano3/val/n01817953/ILSVRC2012_val_00009194.JPEG,n01817953,87,African_grey,1.0,0.7801000475883484,0.8889588713645935
/mnt/sda2/datasets/imagenet1k/imagenet-nano3/val/n01817953/ILSVRC2012_val_00002791.JPEG,n01817953,87,African_grey,0.999968409538269,0.8916352391242981,0.8999080657958984
/mnt/sda2/datasets/imagenet1k/imagenet-nano3/val/n01817953/ILSVRC2012_val_00038169.JPEG,n01817953,87,African_grey,1.0,0.7744643688201904,0.8903197646141052
/mnt/sda2/datasets/imagenet1k/imagenet-nano3/val/n02219486/ILSVRC2012_val_00034921.JPEG,n02219486,310,ant,0.983809232711792,0.7255542278289795,0.9044331312179565
/mnt/sda2/datasets/imagenet1k/imagenet-nano3/val/n03372029/ILSVRC2012_val_00028591.JPEG,n03372029,558,flute,0.999940037727356,0.7994326949119568,0.7670277953147888
/mnt/sda2/datasets/imagenet1k/imagenet-nano3/val/n02074367/ILSVRC2012_val_00039158.JPEG,n02074367,149,dugong,0.9993634819984436,0.8143487572669983,0.8878754377365112
/mnt/sda2/datasets/imagenet1k/imagenet-nano3/val/n02074367/ILSVRC2012_val_00000072.JPEG,n02074367,149,dugong,0.9879151582717896,0.758712112903595,0.8923386335372925
/mnt/sda2/datasets/imagenet1k/imagenet-nano3/val/n02074367/ILSVRC2012_val_00043097.JPEG,n02074367,149,dugong,0.9998264908790588,0.7853884100914001,0.9040706753730774
/mnt/sda2/datasets/imagenet1k/imagenet-nano3/val/n02111500/ILSVRC2012_val_00010466.JPEG,n02111500,257,Great_Pyrenees,0.9872999787330627,0.8070679903030396,0.8762932419776917
/mnt/sda2/datasets/imagenet1k/imagenet-nano3/val/n04147183/ILSVRC2012_val_00003815.JPEG,n04147183,780,schooner,0.9670200943946838,0.8604458570480347,0.818444550037384
/mnt/sda2/datasets/imagenet1k/imagenet-nano3/val/n04147183/ILSVRC2012_val_00011098.JPEG,n04147183,780,schooner,0.9756222367286682,0.7330054044723511,0.8362961411476135
/mnt/sda2/datasets/imagenet1k/imagenet-nano3/val/n02120079/ILSVRC2012_val_00035154.JPEG,n02120079,279,Arctic_fox,0.9441221952438354,0.7757320404052734,0.9122132062911987
/mnt/sda2/datasets/imagenet1k/imagenet-nano3/val/n02120079/ILSVRC2012_val_00012857.JPEG,n02120079,279,Arctic_fox,0.9988275170326233,0.7818253636360168,0.8968859910964966
/mnt/sda2/datasets/imagenet1k/imagenet-nano3/val/n02120079/ILSVRC2012_val_00037343.JPEG,n02120079,279,Arctic_fox,0.9932504892349243,0.7339046597480774,0.8808850049972534
/mnt/sda2/datasets/imagenet1k/imagenet-nano3/val/n02489166/ILSVRC2012_val_00048099.JPEG,n02489166,376,proboscis_monkey,0.9999892711639404,0.8347039818763733,0.8782726526260376
/mnt/sda2/datasets/imagenet1k/imagenet-nano3/val/n02489166/ILSVRC2012_val_00014163.JPEG,n02489166,376,proboscis_monkey,0.999998927116394,0.8047149181365967,0.8899478316307068
/mnt/sda2/datasets/imagenet1k/imagenet-nano3/val/n03584829/ILSVRC2012_val_00025030.JPEG,n03584829,606,iron,0.9999903440475464,0.7241441607475281,0.9302067160606384
/mnt/sda2/datasets/imagenet1k/imagenet-nano3/val/n02787622/ILSVRC2012_val_00013866.JPEG,n02787622,420,banjo,0.7350031733512878,0.8800619840621948,0.9168941974639893
/mnt/sda2/datasets/imagenet1k/imagenet-nano3/val/n02092339/ILSVRC2012_val_00010657.JPEG,n02092339,178,Weimaraner,0.9962936043739319,0.7366968393325806,0.8562232851982117
/mnt/sda2/datasets/imagenet1k/imagenet-nano3/val/n02092339/ILSVRC2012_val_00017966.JPEG,n02092339,178,Weimaraner,0.9962913990020752,0.808245837688446,0.8873793482780457
/mnt/sda2/datasets/imagenet1k/imagenet-nano3/val/n01530575/ILSVRC2012_val_00002023.JPEG,n01530575,10,brambling,0.9999998807907104,0.7121933698654175,0.8843606114387512
/mnt/sda2/datasets/imagenet1k/imagenet-nano3/val/n03400231/ILSVRC2012_val_00047233.JPEG,n03400231,567,frying_pan,0.7292608618736267,0.7466697692871094,0.9485440850257874
/mnt/sda2/datasets/imagenet1k/imagenet-nano3/val/n02100236/ILSVRC2012_val_00037771.JPEG,n02100236,210,German_short-haired_pointer,0.9998505115509033,0.7926191091537476,0.8804747462272644
/mnt/sda2/datasets/imagenet1k/imagenet-nano3/val/n04136333/ILSVRC2012_val_00028859.JPEG,n04136333,775,sarong,0.9883856773376465,0.9468821287155151,0.8401324152946472
/mnt/sda2/datasets/imagenet1k/imagenet-nano3/val/n03657121/ILSVRC2012_val_00025475.JPEG,n03657121,622,lens_cap,0.8138055801391602,0.7609369158744812,0.8412670493125916
/mnt/sda2/datasets/imagenet1k/imagenet-nano3/val/n03657121/ILSVRC2012_val_00048747.JPEG,n03657121,622,lens_cap,0.9993064403533936,0.7796301245689392,0.9231719970703125
/mnt/sda2/datasets/imagenet1k/imagenet-nano3/val/n02086910/ILSVRC2012_val_00042075.JPEG,n02086910,157,papillon,0.9991243481636047,0.7636737823486328,0.908049464225769
/mnt/sda2/datasets/imagenet1k/imagenet-nano3/val/n02086910/ILSVRC2012_val_00001389.JPEG,n02086910,157,papillon,0.8317457437515259,0.8533218502998352,0.9359753727912903
/mnt/sda2/datasets/imagenet1k/imagenet-nano3/val/n03662601/ILSVRC2012_val_00002308.JPEG,n03662601,625,lifeboat,0.9999868869781494,0.750730574131012,0.8584187626838684
/mnt/sda2/datasets/imagenet1k/imagenet-nano3/val/n03662601/ILSVRC2012_val_00023517.JPEG,n03662601,625,lifeboat,0.9903884530067444,0.7163163423538208,0.9197405576705933
/mnt/sda2/datasets/imagenet1k/imagenet-nano3/val/n01695060/ILSVRC2012_val_00034125.JPEG,n01695060,48,Komodo_dragon,0.9997163414955139,0.7800888419151306,0.8845943212509155
/mnt/sda2/datasets/imagenet1k/imagenet-nano3/val/n01695060/ILSVRC2012_val_00008095.JPEG,n01695060,48,Komodo_dragon,0.9986528158187866,0.723514199256897,0.8957618474960327
/mnt/sda2/datasets/imagenet1k/imagenet-nano3/val/n02835271/ILSVRC2012_val_00005274.JPEG,n02835271,444,bicycle-built-for-two,0.999595582485199,0.7801144123077393,0.8939983248710632
/mnt/sda2/datasets/imagenet1k/imagenet-nano3/val/n02169497/ILSVRC2012_val_00022351.JPEG,n02169497,304,leaf_beetle,0.9171088933944702,0.7663033604621887,0.7988075017929077
/mnt/sda2/datasets/imagenet1k/imagenet-nano3/val/n02364673/ILSVRC2012_val_00006291.JPEG,n02364673,338,guinea_pig,0.9999852180480957,0.8123442530632019,0.8713329434394836
/mnt/sda2/datasets/imagenet1k/imagenet-nano3/val/n02364673/ILSVRC2012_val_00012892.JPEG,n02364673,338,guinea_pig,0.9999759197235107,0.76419997215271,0.8911586999893188
/mnt/sda2/datasets/imagenet1k/imagenet-nano3/val/n02364673/ILSVRC2012_val_00046951.JPEG,n02364673,338,guinea_pig,0.9907200336456299,0.7647265791893005,0.9061041474342346
/mnt/sda2/datasets/imagenet1k/imagenet-nano3/val/n02108422/ILSVRC2012_val_00022776.JPEG,n02108422,243,bull_mastiff,0.9803383350372314,0.8483286499977112,0.8916056752204895
/mnt/sda2/datasets/imagenet1k/imagenet-nano3/val/n02108422/ILSVRC2012_val_00023105.JPEG,n02108422,243,bull_mastiff,0.9742314219474792,0.8447559475898743,0.9017687439918518
/mnt/sda2/datasets/imagenet1k/imagenet-nano3/val/n02108422/ILSVRC2012_val_00049901.JPEG,n02108422,243,bull_mastiff,0.9218946695327759,0.8538035750389099,0.8981147408485413
/mnt/sda2/datasets/imagenet1k/imagenet-nano3/val/n02113799/ILSVRC2012_val_00024272.JPEG,n02113799,267,standard_poodle,0.9338276982307434,0.8255411982536316,0.8694022297859192
/mnt/sda2/datasets/imagenet1k/imagenet-nano3/val/n04515003/ILSVRC2012_val_00028612.JPEG,n04515003,881,upright,0.9761586785316467,0.7952909469604492,0.9034236073493958
/mnt/sda2/datasets/imagenet1k/imagenet-nano3/val/n04584207/ILSVRC2012_val_00032115.JPEG,n04584207,903,wig,0.9838221669197083,0.8461030125617981,0.9338855147361755
/mnt/sda2/datasets/imagenet1k/imagenet-nano3/val/n04553703/ILSVRC2012_val_00015991.JPEG,n04553703,896,washbasin,0.993440568447113,0.7676336765289307,0.8841021656990051
/mnt/sda2/datasets/imagenet1k/imagenet-nano3/val/n04606251/ILSVRC2012_val_00008173.JPEG,n04606251,913,wreck,0.9999854564666748,0.895751953125,0.8711345195770264
/mnt/sda2/datasets/imagenet1k/imagenet-nano3/val/n03902125/ILSVRC2012_val_00030496.JPEG,n03902125,707,pay-phone,0.9998878240585327,0.7578825354576111,0.9152607321739197
/mnt/sda2/datasets/imagenet1k/imagenet-nano3/val/n04589890/ILSVRC2012_val_00022480.JPEG,n04589890,904,window_screen,0.911718487739563,0.8468648791313171,0.890457272529602
/mnt/sda2/datasets/imagenet1k/imagenet-nano3/val/n04589890/ILSVRC2012_val_00017272.JPEG,n04589890,904,window_screen,0.9516817331314087,0.840661346912384,0.8259525895118713
/mnt/sda2/datasets/imagenet1k/imagenet-nano3/val/n02526121/ILSVRC2012_val_00034488.JPEG,n02526121,390,eel,0.7765902876853943,0.7026277184486389,0.9031801223754883
/mnt/sda2/datasets/imagenet1k/imagenet-nano3/val/n02526121/ILSVRC2012_val_00005210.JPEG,n02526121,390,eel,0.9523442387580872,0.7377417683601379,0.8249582648277283
/mnt/sda2/datasets/imagenet1k/imagenet-nano3/val/n02834397/ILSVRC2012_val_00007240.JPEG,n02834397,443,bib,0.9638885259628296,0.8616622090339661,0.9485185742378235
/mnt/sda2/datasets/imagenet1k/imagenet-nano3/val/n01742172/ILSVRC2012_val_00038304.JPEG,n01742172,61,boa_constrictor,0.9837380647659302,0.7751291990280151,0.9025971293449402
/mnt/sda2/datasets/imagenet1k/imagenet-nano3/val/n02825657/ILSVRC2012_val_00015948.JPEG,n02825657,442,bell_cote,0.9838575124740601,0.7878190875053406,0.8574783802032471
/mnt/sda2/datasets/imagenet1k/imagenet-nano3/val/n02643566/ILSVRC2012_val_00043004.JPEG,n02643566,396,lionfish,0.9996737241744995,0.7611876726150513,0.8832424283027649
/mnt/sda2/datasets/imagenet1k/imagenet-nano3/val/n03954731/ILSVRC2012_val_00002705.JPEG,n03954731,726,plane,0.9999241828918457,0.7968419790267944,0.9128535389900208
/mnt/sda2/datasets/imagenet1k/imagenet-nano3/val/n03954731/ILSVRC2012_val_00026419.JPEG,n03954731,726,plane,1.0,0.8285213708877563,0.9339831471443176
/mnt/sda2/datasets/imagenet1k/imagenet-nano3/val/n03954731/ILSVRC2012_val_00017626.JPEG,n03954731,726,plane,0.9943420886993408,0.8108810782432556,0.9116518497467041
/mnt/sda2/datasets/imagenet1k/imagenet-nano3/val/n02101388/ILSVRC2012_val_00030291.JPEG,n02101388,215,Brittany_spaniel,0.975091278553009,0.741511881351471,0.8801991939544678
/mnt/sda2/datasets/imagenet1k/imagenet-nano3/val/n02096051/ILSVRC2012_val_00043132.JPEG,n02096051,191,Airedale,0.9392958283424377,0.7270051836967468,0.8556947112083435
/mnt/sda2/datasets/imagenet1k/imagenet-nano3/val/n02951358/ILSVRC2012_val_00024906.JPEG,n02951358,472,canoe,0.8949507474899292,0.8603349328041077,0.8656898140907288
/mnt/sda2/datasets/imagenet1k/imagenet-nano3/val/n02951358/ILSVRC2012_val_00027088.JPEG,n02951358,472,canoe,0.7891292572021484,0.8772628903388977,0.7572348117828369
/mnt/sda2/datasets/imagenet1k/imagenet-nano3/val/n02951358/ILSVRC2012_val_00048455.JPEG,n02951358,472,canoe,0.9545825719833374,0.8895845413208008,0.8628267645835876
/mnt/sda2/datasets/imagenet1k/imagenet-nano3/val/n03467068/ILSVRC2012_val_00042452.JPEG,n03467068,583,guillotine,0.9999932050704956,0.8447721600532532,0.9099293947219849
/mnt/sda2/datasets/imagenet1k/imagenet-nano3/val/n03467068/ILSVRC2012_val_00041424.JPEG,n03467068,583,guillotine,0.9826796054840088,0.8128174543380737,0.838383674621582
/mnt/sda2/datasets/imagenet1k/imagenet-nano3/val/n03467068/ILSVRC2012_val_00007208.JPEG,n03467068,583,guillotine,0.9999433755874634,0.7505505681037903,0.9152499437332153
/mnt/sda2/datasets/imagenet1k/imagenet-nano3/val/n03775546/ILSVRC2012_val_00016381.JPEG,n03775546,659,mixing_bowl,0.999861478805542,0.7602866888046265,0.9106096625328064
/mnt/sda2/datasets/imagenet1k/imagenet-nano3/val/n03775546/ILSVRC2012_val_00025316.JPEG,n03775546,659,mixing_bowl,0.9044440388679504,0.7995377779006958,0.8940854072570801
/mnt/sda2/datasets/imagenet1k/imagenet-nano3/val/n02871525/ILSVRC2012_val_00003028.JPEG,n02871525,454,bookshop,0.7958243489265442,0.8922834396362305,0.8752509951591492
/mnt/sda2/datasets/imagenet1k/imagenet-nano3/val/n01484850/ILSVRC2012_val_00030127.JPEG,n01484850,2,great_white_shark,0.998306393623352,0.7886675596237183,0.8911908864974976
/mnt/sda2/datasets/imagenet1k/imagenet-nano3/val/n01484850/ILSVRC2012_val_00039445.JPEG,n01484850,2,great_white_shark,0.9951044321060181,0.7347888350486755,0.9041744470596313
/mnt/sda2/datasets/imagenet1k/imagenet-nano3/val/n02999410/ILSVRC2012_val_00046589.JPEG,n02999410,488,chain,0.9596916437149048,0.742387592792511,0.836885929107666
/mnt/sda2/datasets/imagenet1k/imagenet-nano3/val/n03942813/ILSVRC2012_val_00018725.JPEG,n03942813,722,ping-pong_ball,0.9998840093612671,0.8298186659812927,0.9093168377876282
/mnt/sda2/datasets/imagenet1k/imagenet-nano3/val/n03942813/ILSVRC2012_val_00041504.JPEG,n03942813,722,ping-pong_ball,0.9991280436515808,0.8113313317298889,0.9494872689247131
/mnt/sda2/datasets/imagenet1k/imagenet-nano3/val/n03942813/ILSVRC2012_val_00018628.JPEG,n03942813,722,ping-pong_ball,0.9959694147109985,0.8498677611351013,0.8957311511039734
/mnt/sda2/datasets/imagenet1k/imagenet-nano3/val/n02280649/ILSVRC2012_val_00021992.JPEG,n02280649,324,cabbage_butterfly,0.9956148862838745,0.7053574919700623,0.8992672562599182
/mnt/sda2/datasets/imagenet1k/imagenet-nano3/val/n01797886/ILSVRC2012_val_00021417.JPEG,n01797886,82,ruffed_grouse,0.9863242506980896,0.7129721641540527,0.7897542119026184
/mnt/sda2/datasets/imagenet1k/imagenet-nano3/val/n02120505/ILSVRC2012_val_00043254.JPEG,n02120505,280,grey_fox,0.8864800333976746,0.7570505738258362,0.8125192523002625
/mnt/sda2/datasets/imagenet1k/imagenet-nano3/val/n04423845/ILSVRC2012_val_00014027.JPEG,n04423845,855,thimble,0.9999208450317383,0.8719238042831421,0.853428840637207
/mnt/sda2/datasets/imagenet1k/imagenet-nano3/val/n04423845/ILSVRC2012_val_00006890.JPEG,n04423845,855,thimble,0.7857449054718018,0.9101440906524658,0.8159392476081848
/mnt/sda2/datasets/imagenet1k/imagenet-nano3/val/n03272562/ILSVRC2012_val_00036429.JPEG,n03272562,547,electric_locomotive,0.9976485371589661,0.8553236126899719,0.9063633680343628
/mnt/sda2/datasets/imagenet1k/imagenet-nano3/val/n03272562/ILSVRC2012_val_00014184.JPEG,n03272562,547,electric_locomotive,0.9836607575416565,0.7792132496833801,0.8172633647918701
/mnt/sda2/datasets/imagenet1k/imagenet-nano3/val/n01978287/ILSVRC2012_val_00023991.JPEG,n01978287,118,Dungeness_crab,0.9342005252838135,0.7621329426765442,0.8447806239128113
/mnt/sda2/datasets/imagenet1k/imagenet-nano3/val/n04483307/ILSVRC2012_val_00005196.JPEG,n04483307,871,trimaran,0.9295026659965515,0.737857460975647,0.8773137927055359
/mnt/sda2/datasets/imagenet1k/imagenet-nano3/val/n04483307/ILSVRC2012_val_00005883.JPEG,n04483307,871,trimaran,0.923198401927948,0.752760648727417,0.8224233388900757
/mnt/sda2/datasets/imagenet1k/imagenet-nano3/val/n04483307/ILSVRC2012_val_00040333.JPEG,n04483307,871,trimaran,0.8516446948051453,0.8130521774291992,0.821252703666687
/mnt/sda2/datasets/imagenet1k/imagenet-nano3/val/n02105412/ILSVRC2012_val_00032826.JPEG,n02105412,227,kelpie,0.9998052716255188,0.8378942012786865,0.8529936075210571
/mnt/sda2/datasets/imagenet1k/imagenet-nano3/val/n02066245/ILSVRC2012_val_00022105.JPEG,n02066245,147,grey_whale,0.9558566808700562,0.7468247413635254,0.7535296082496643
/mnt/sda2/datasets/imagenet1k/imagenet-nano3/val/n02066245/ILSVRC2012_val_00009440.JPEG,n02066245,147,grey_whale,0.9994986057281494,0.8121721744537354,0.9201604723930359
/mnt/sda2/datasets/imagenet1k/imagenet-nano3/val/n02442845/ILSVRC2012_val_00040698.JPEG,n02442845,357,mink,0.7665559649467468,0.7893373966217041,0.8354812860488892
/mnt/sda2/datasets/imagenet1k/imagenet-nano3/val/n04251144/ILSVRC2012_val_00042178.JPEG,n04251144,801,snorkel,0.9500741958618164,0.8578822612762451,0.9148556590080261
/mnt/sda2/datasets/imagenet1k/imagenet-nano3/val/n03976657/ILSVRC2012_val_00026898.JPEG,n03976657,733,pole,0.9977503418922424,0.7824026346206665,0.7319865226745605
/mnt/sda2/datasets/imagenet1k/imagenet-nano3/val/n01534433/ILSVRC2012_val_00001915.JPEG,n01534433,13,junco,0.9999929666519165,0.7275450825691223,0.8820510506629944
/mnt/sda2/datasets/imagenet1k/imagenet-nano3/val/n01534433/ILSVRC2012_val_00047333.JPEG,n01534433,13,junco,0.9999470710754395,0.72868412733078,0.8829919695854187
/mnt/sda2/datasets/imagenet1k/imagenet-nano3/val/n01534433/ILSVRC2012_val_00004245.JPEG,n01534433,13,junco,1.0,0.7021610736846924,0.8989824056625366
/mnt/sda2/datasets/imagenet1k/imagenet-nano3/val/n01981276/ILSVRC2012_val_00009446.JPEG,n01981276,121,king_crab,0.9996610879898071,0.7546996474266052,0.8695756196975708
/mnt/sda2/datasets/imagenet1k/imagenet-nano3/val/n01981276/ILSVRC2012_val_00039138.JPEG,n01981276,121,king_crab,0.9998708963394165,0.8391773104667664,0.9111613631248474
/mnt/sda2/datasets/imagenet1k/imagenet-nano3/val/n01614925/ILSVRC2012_val_00026707.JPEG,n01614925,22,bald_eagle,0.999998927116394,0.7649213671684265,0.8833848834037781
/mnt/sda2/datasets/imagenet1k/imagenet-nano3/val/n01614925/ILSVRC2012_val_00033435.JPEG,n01614925,22,bald_eagle,0.9951995611190796,0.7881834506988525,0.8897201418876648
/mnt/sda2/datasets/imagenet1k/imagenet-nano3/val/n02110958/ILSVRC2012_val_00030606.JPEG,n02110958,254,pug,0.9962955117225647,0.7264878153800964,0.9125219583511353
/mnt/sda2/datasets/imagenet1k/imagenet-nano3/val/n02110958/ILSVRC2012_val_00036072.JPEG,n02110958,254,pug,0.9973614811897278,0.8785080313682556,0.8936717510223389
/mnt/sda2/datasets/imagenet1k/imagenet-nano3/val/n02794156/ILSVRC2012_val_00045889.JPEG,n02794156,426,barometer,1.0,0.7561578750610352,0.8707902431488037
/mnt/sda2/datasets/imagenet1k/imagenet-nano3/val/n09472597/ILSVRC2012_val_00018560.JPEG,n09472597,980,volcano,0.9998680353164673,0.706875205039978,0.896791398525238
/mnt/sda2/datasets/imagenet1k/imagenet-nano3/val/n09472597/ILSVRC2012_val_00037959.JPEG,n09472597,980,volcano,0.999454915523529,0.8330971002578735,0.8721814751625061
/mnt/sda2/datasets/imagenet1k/imagenet-nano3/val/n02130308/ILSVRC2012_val_00005006.JPEG,n02130308,293,cheetah,0.9459126591682434,0.7731683850288391,0.8405867218971252
/mnt/sda2/datasets/imagenet1k/imagenet-nano3/val/n02130308/ILSVRC2012_val_00007031.JPEG,n02130308,293,cheetah,0.9992949962615967,0.7680869102478027,0.8500121831893921
/mnt/sda2/datasets/imagenet1k/imagenet-nano3/val/n02510455/ILSVRC2012_val_00012726.JPEG,n02510455,388,giant_panda,0.9999997615814209,0.7750933170318604,0.8967480659484863
/mnt/sda2/datasets/imagenet1k/imagenet-nano3/val/n02510455/ILSVRC2012_val_00047796.JPEG,n02510455,388,giant_panda,0.9999071359634399,0.8326722383499146,0.9351707696914673
/mnt/sda2/datasets/imagenet1k/imagenet-nano3/val/n02510455/ILSVRC2012_val_00035397.JPEG,n02510455,388,giant_panda,0.9999972581863403,0.754199206829071,0.8872082233428955
/mnt/sda2/datasets/imagenet1k/imagenet-nano3/val/n02086646/ILSVRC2012_val_00022264.JPEG,n02086646,156,Blenheim_spaniel,0.9607970714569092,0.7433724403381348,0.8714156746864319
/mnt/sda2/datasets/imagenet1k/imagenet-nano3/val/n03127925/ILSVRC2012_val_00017591.JPEG,n03127925,519,crate,0.9939150214195251,0.7872846126556396,0.9262890815734863
/mnt/sda2/datasets/imagenet1k/imagenet-nano3/val/n03127925/ILSVRC2012_val_00034903.JPEG,n03127925,519,crate,0.9894760847091675,0.7050468325614929,0.8926001787185669
/mnt/sda2/datasets/imagenet1k/imagenet-nano3/val/n01632458/ILSVRC2012_val_00023080.JPEG,n01632458,28,spotted_salamander,0.8855079412460327,0.7287943959236145,0.9076128602027893
/mnt/sda2/datasets/imagenet1k/imagenet-nano3/val/n01632458/ILSVRC2012_val_00025492.JPEG,n01632458,28,spotted_salamander,0.9981814622879028,0.7583267092704773,0.892969012260437
/mnt/sda2/datasets/imagenet1k/imagenet-nano3/val/n01632458/ILSVRC2012_val_00001131.JPEG,n01632458,28,spotted_salamander,0.8195762634277344,0.7072312831878662,0.8298138976097107
/mnt/sda2/datasets/imagenet1k/imagenet-nano3/val/n02417914/ILSVRC2012_val_00011631.JPEG,n02417914,350,ibex,0.9999867677688599,0.709867000579834,0.8633694648742676
/mnt/sda2/datasets/imagenet1k/imagenet-nano3/val/n03388043/ILSVRC2012_val_00034662.JPEG,n03388043,562,fountain,0.9925566911697388,0.7135120630264282,0.8907768130302429
/mnt/sda2/datasets/imagenet1k/imagenet-nano3/val/n01798484/ILSVRC2012_val_00020239.JPEG,n01798484,83,prairie_chicken,0.9916175007820129,0.7753214836120605,0.8840337991714478
/mnt/sda2/datasets/imagenet1k/imagenet-nano3/val/n01798484/ILSVRC2012_val_00002395.JPEG,n01798484,83,prairie_chicken,0.9999840259552002,0.7471280694007874,0.8138204216957092
/mnt/sda2/datasets/imagenet1k/imagenet-nano3/val/n13052670/ILSVRC2012_val_00006421.JPEG,n13052670,996,hen-of-the-woods,0.9896841049194336,0.814574658870697,0.8870861530303955
/mnt/sda2/datasets/imagenet1k/imagenet-nano3/val/n02486410/ILSVRC2012_val_00000486.JPEG,n02486410,372,baboon,0.9917037487030029,0.8425868153572083,0.8837740421295166
/mnt/sda2/datasets/imagenet1k/imagenet-nano3/val/n02486410/ILSVRC2012_val_00000945.JPEG,n02486410,372,baboon,0.9643086791038513,0.7414813041687012,0.8530783653259277
/mnt/sda2/datasets/imagenet1k/imagenet-nano3/val/n04347754/ILSVRC2012_val_00031365.JPEG,n04347754,833,submarine,0.9988604784011841,0.8019144535064697,0.8740216493606567
/mnt/sda2/datasets/imagenet1k/imagenet-nano3/val/n03786901/ILSVRC2012_val_00033326.JPEG,n03786901,666,mortar,0.9990111589431763,0.7663394212722778,0.8862550854682922
/mnt/sda2/datasets/imagenet1k/imagenet-nano3/val/n02397096/ILSVRC2012_val_00001712.JPEG,n02397096,343,warthog,0.9951541423797607,0.7577608823776245,0.8472357988357544
/mnt/sda2/datasets/imagenet1k/imagenet-nano3/val/n02397096/ILSVRC2012_val_00009708.JPEG,n02397096,343,warthog,0.797458291053772,0.7203975319862366,0.9078686237335205
/mnt/sda2/datasets/imagenet1k/imagenet-nano3/val/n07718472/ILSVRC2012_val_00023028.JPEG,n07718472,943,cucumber,0.8301392197608948,0.8897238969802856,0.8537256121635437
/mnt/sda2/datasets/imagenet1k/imagenet-nano3/val/n03792972/ILSVRC2012_val_00020645.JPEG,n03792972,672,mountain_tent,0.8017512559890747,0.719291627407074,0.8842407464981079
/mnt/sda2/datasets/imagenet1k/imagenet-nano3/val/n03792972/ILSVRC2012_val_00024316.JPEG,n03792972,672,mountain_tent,0.9999516010284424,0.7173410654067993,0.9189204573631287
/mnt/sda2/datasets/imagenet1k/imagenet-nano3/val/n04209133/ILSVRC2012_val_00018624.JPEG,n04209133,793,shower_cap,0.7366815805435181,0.8217513561248779,0.8856658339500427
/mnt/sda2/datasets/imagenet1k/imagenet-nano3/val/n04209133/ILSVRC2012_val_00005233.JPEG,n04209133,793,shower_cap,0.9933856129646301,0.8002046942710876,0.921650230884552
/mnt/sda2/datasets/imagenet1k/imagenet-nano3/val/n02138441/ILSVRC2012_val_00039182.JPEG,n02138441,299,meerkat,0.7140865325927734,0.7199721932411194,0.8485895991325378
/mnt/sda2/datasets/imagenet1k/imagenet-nano3/val/n03670208/ILSVRC2012_val_00037457.JPEG,n03670208,627,limousine,0.9999980926513672,0.779055655002594,0.9178178310394287
/mnt/sda2/datasets/imagenet1k/imagenet-nano3/val/n03670208/ILSVRC2012_val_00043434.JPEG,n03670208,627,limousine,0.9868896007537842,0.7289695739746094,0.9053583741188049
/mnt/sda2/datasets/imagenet1k/imagenet-nano3/val/n02319095/ILSVRC2012_val_00004772.JPEG,n02319095,328,sea_urchin,0.9998825788497925,0.8047858476638794,0.8857712745666504
/mnt/sda2/datasets/imagenet1k/imagenet-nano3/val/n11939491/ILSVRC2012_val_00028956.JPEG,n11939491,985,daisy,0.9756222367286682,0.7204828858375549,0.8748719096183777
/mnt/sda2/datasets/imagenet1k/imagenet-nano3/val/n11939491/ILSVRC2012_val_00048975.JPEG,n11939491,985,daisy,0.9982208609580994,0.7742165327072144,0.8872631192207336
/mnt/sda2/datasets/imagenet1k/imagenet-nano3/val/n11939491/ILSVRC2012_val_00044606.JPEG,n11939491,985,daisy,0.9993759989738464,0.7285313010215759,0.8613292574882507
/mnt/sda2/datasets/imagenet1k/imagenet-nano3/val/n04131690/ILSVRC2012_val_00042770.JPEG,n04131690,773,saltshaker,0.9646260142326355,0.8047288060188293,0.823798656463623
/mnt/sda2/datasets/imagenet1k/imagenet-nano3/val/n04131690/ILSVRC2012_val_00033390.JPEG,n04131690,773,saltshaker,0.9999741315841675,0.7917659282684326,0.8933718204498291
/mnt/sda2/datasets/imagenet1k/imagenet-nano3/val/n03992509/ILSVRC2012_val_00026538.JPEG,n03992509,739,potter's_wheel,0.9629417061805725,0.7043659687042236,0.8896141648292542
/mnt/sda2/datasets/imagenet1k/imagenet-nano3/val/n03992509/ILSVRC2012_val_00044041.JPEG,n03992509,739,potter's_wheel,0.9999998807907104,0.7091201543807983,0.8843802809715271
/mnt/sda2/datasets/imagenet1k/imagenet-nano3/val/n03743016/ILSVRC2012_val_00005693.JPEG,n03743016,649,megalith,0.9999908208847046,0.7155452370643616,0.8933385610580444
/mnt/sda2/datasets/imagenet1k/imagenet-nano3/val/n03376595/ILSVRC2012_val_00023734.JPEG,n03376595,559,folding_chair,0.8644663095474243,0.7265604734420776,0.9258289337158203
/mnt/sda2/datasets/imagenet1k/imagenet-nano3/val/n02423022/ILSVRC2012_val_00047308.JPEG,n02423022,353,gazelle,0.9823383688926697,0.7197679281234741,0.8911216855049133
/mnt/sda2/datasets/imagenet1k/imagenet-nano3/val/n02094114/ILSVRC2012_val_00014810.JPEG,n02094114,185,Norfolk_terrier,0.8970627784729004,0.7313684821128845,0.7216743230819702
/mnt/sda2/datasets/imagenet1k/imagenet-nano3/val/n02094114/ILSVRC2012_val_00043364.JPEG,n02094114,185,Norfolk_terrier,0.967445969581604,0.7154538631439209,0.8634272217750549
/mnt/sda2/datasets/imagenet1k/imagenet-nano3/val/n01496331/ILSVRC2012_val_00007569.JPEG,n01496331,5,electric_ray,0.9997308850288391,0.7443205118179321,0.9020628333091736
/mnt/sda2/datasets/imagenet1k/imagenet-nano3/val/n02009229/ILSVRC2012_val_00034578.JPEG,n02009229,131,little_blue_heron,0.9993902444839478,0.7900200486183167,0.8635618686676025
/mnt/sda2/datasets/imagenet1k/imagenet-nano3/val/n02009229/ILSVRC2012_val_00000794.JPEG,n02009229,131,little_blue_heron,0.9997764229774475,0.7136003375053406,0.8791528344154358
/mnt/sda2/datasets/imagenet1k/imagenet-nano3/val/n02804414/ILSVRC2012_val_00041763.JPEG,n02804414,431,bassinet,0.9579117894172668,0.8346685171127319,0.7641472816467285
/mnt/sda2/datasets/imagenet1k/imagenet-nano3/val/n02119022/ILSVRC2012_val_00049984.JPEG,n02119022,277,red_fox,0.7531100511550903,0.7500085234642029,0.852513313293457
/mnt/sda2/datasets/imagenet1k/imagenet-nano3/val/n07697313/ILSVRC2012_val_00008200.JPEG,n07697313,933,cheeseburger,0.9921534657478333,0.7309903502464294,0.8621538877487183
/mnt/sda2/datasets/imagenet1k/imagenet-nano3/val/n07697313/ILSVRC2012_val_00049095.JPEG,n07697313,933,cheeseburger,0.999954104423523,0.7291181087493896,0.8873720169067383
/mnt/sda2/datasets/imagenet1k/imagenet-nano3/val/n13040303/ILSVRC2012_val_00017416.JPEG,n13040303,994,stinkhorn,0.9976750016212463,0.7481349110603333,0.8502206802368164
/mnt/sda2/datasets/imagenet1k/imagenet-nano3/val/n13040303/ILSVRC2012_val_00022663.JPEG,n13040303,994,stinkhorn,0.9994497895240784,0.7227720618247986,0.9012090563774109
/mnt/sda2/datasets/imagenet1k/imagenet-nano3/val/n13040303/ILSVRC2012_val_00005844.JPEG,n13040303,994,stinkhorn,0.9974105954170227,0.7553948163986206,0.886378288269043
/mnt/sda2/datasets/imagenet1k/imagenet-nano3/val/n02445715/ILSVRC2012_val_00040228.JPEG,n02445715,361,skunk,0.999996542930603,0.7965883016586304,0.8764755129814148
/mnt/sda2/datasets/imagenet1k/imagenet-nano3/val/n04458633/ILSVRC2012_val_00039537.JPEG,n04458633,863,totem_pole,0.9819974303245544,0.8973236083984375,0.8710697293281555
/mnt/sda2/datasets/imagenet1k/imagenet-nano3/val/n04458633/ILSVRC2012_val_00041937.JPEG,n04458633,863,totem_pole,0.9635387659072876,0.8039868474006653,0.8815863728523254
/mnt/sda2/datasets/imagenet1k/imagenet-nano3/val/n04458633/ILSVRC2012_val_00039521.JPEG,n04458633,863,totem_pole,0.9807043671607971,0.7286430597305298,0.8217278718948364
/mnt/sda2/datasets/imagenet1k/imagenet-nano3/val/n02097209/ILSVRC2012_val_00025606.JPEG,n02097209,198,standard_schnauzer,0.9780259728431702,0.801521897315979,0.8734539151191711
/mnt/sda2/datasets/imagenet1k/imagenet-nano3/val/n02097209/ILSVRC2012_val_00022042.JPEG,n02097209,198,standard_schnauzer,0.8541903495788574,0.8134671449661255,0.899310290813446
/mnt/sda2/datasets/imagenet1k/imagenet-nano3/val/n02860847/ILSVRC2012_val_00033607.JPEG,n02860847,450,bobsled,0.8273782134056091,0.7819790840148926,0.7392251491546631
/mnt/sda2/datasets/imagenet1k/imagenet-nano3/val/n02860847/ILSVRC2012_val_00013695.JPEG,n02860847,450,bobsled,0.9997346997261047,0.7701741456985474,0.9140878319740295
/mnt/sda2/datasets/imagenet1k/imagenet-nano3/val/n02795169/ILSVRC2012_val_00028797.JPEG,n02795169,427,barrel,0.9509198665618896,0.9067660570144653,0.9884293079376221
/mnt/sda2/datasets/imagenet1k/imagenet-nano3/val/n01917289/ILSVRC2012_val_00047927.JPEG,n01917289,109,brain_coral,0.8904718160629272,0.8593866229057312,0.8816546201705933
/mnt/sda2/datasets/imagenet1k/imagenet-nano3/val/n01917289/ILSVRC2012_val_00014410.JPEG,n01917289,109,brain_coral,0.9677634835243225,0.7268247604370117,0.8791329860687256
/mnt/sda2/datasets/imagenet1k/imagenet-nano3/val/n02097298/ILSVRC2012_val_00000440.JPEG,n02097298,199,Scotch_terrier,0.9995971322059631,0.7635177969932556,0.9207733273506165
/mnt/sda2/datasets/imagenet1k/imagenet-nano3/val/n02865351/ILSVRC2012_val_00048004.JPEG,n02865351,451,bolo_tie,0.9964876174926758,0.7900168299674988,0.912842869758606
/mnt/sda2/datasets/imagenet1k/imagenet-nano3/val/n03769881/ILSVRC2012_val_00035193.JPEG,n03769881,654,minibus,0.8248076438903809,0.7823807597160339,0.8788936138153076
/mnt/sda2/datasets/imagenet1k/imagenet-nano3/val/n03134739/ILSVRC2012_val_00004507.JPEG,n03134739,522,croquet_ball,0.9590809345245361,0.8573911786079407,0.7846771478652954
/mnt/sda2/datasets/imagenet1k/imagenet-nano3/val/n07613480/ILSVRC2012_val_00036446.JPEG,n07613480,927,trifle,0.9884495735168457,0.8171325922012329,0.9081797003746033
/mnt/sda2/datasets/imagenet1k/imagenet-nano3/val/n07613480/ILSVRC2012_val_00008465.JPEG,n07613480,927,trifle,0.9990119934082031,0.8336631655693054,0.918042004108429
/mnt/sda2/datasets/imagenet1k/imagenet-nano3/val/n02264363/ILSVRC2012_val_00031524.JPEG,n02264363,318,lacewing,0.9999986886978149,0.7381740212440491,0.8953977227210999
/mnt/sda2/datasets/imagenet1k/imagenet-nano3/val/n02011460/ILSVRC2012_val_00030908.JPEG,n02011460,133,bittern,0.9999690055847168,0.7652519345283508,0.9033111333847046
/mnt/sda2/datasets/imagenet1k/imagenet-nano3/val/n03598930/ILSVRC2012_val_00039623.JPEG,n03598930,611,jigsaw_puzzle,0.9999969005584717,0.8637791872024536,0.9429645538330078
/mnt/sda2/datasets/imagenet1k/imagenet-nano3/val/n03598930/ILSVRC2012_val_00019551.JPEG,n03598930,611,jigsaw_puzzle,0.9999992847442627,0.7928062081336975,0.8943604230880737
/mnt/sda2/datasets/imagenet1k/imagenet-nano3/val/n03721384/ILSVRC2012_val_00029458.JPEG,n03721384,642,marimba,0.9991387128829956,0.7930723428726196,0.9010059833526611
/mnt/sda2/datasets/imagenet1k/imagenet-nano3/val/n02167151/ILSVRC2012_val_00022273.JPEG,n02167151,302,ground_beetle,0.8537205457687378,0.7789409756660461,0.8692921996116638
/mnt/sda2/datasets/imagenet1k/imagenet-nano3/val/n02480495/ILSVRC2012_val_00012167.JPEG,n02480495,365,orangutan,0.9986512064933777,0.8141160011291504,0.8586572408676147
/mnt/sda2/datasets/imagenet1k/imagenet-nano3/val/n02480495/ILSVRC2012_val_00011592.JPEG,n02480495,365,orangutan,0.9998414516448975,0.7867264747619629,0.8598020672798157
/mnt/sda2/datasets/imagenet1k/imagenet-nano3/val/n03594734/ILSVRC2012_val_00048785.JPEG,n03594734,608,jean,0.9802947044372559,0.9158563613891602,0.901958167552948
/mnt/sda2/datasets/imagenet1k/imagenet-nano3/val/n03492542/ILSVRC2012_val_00003609.JPEG,n03492542,592,hard_disc,0.9996592998504639,0.7880861163139343,0.9155800938606262
/mnt/sda2/datasets/imagenet1k/imagenet-nano3/val/n02110341/ILSVRC2012_val_00040598.JPEG,n02110341,251,dalmatian,0.990504801273346,0.7818887829780579,0.8713427186012268
/mnt/sda2/datasets/imagenet1k/imagenet-nano3/val/n02110341/ILSVRC2012_val_00010202.JPEG,n02110341,251,dalmatian,0.999995231628418,0.7238554358482361,0.9364912509918213
/mnt/sda2/datasets/imagenet1k/imagenet-nano3/val/n02110341/ILSVRC2012_val_00033418.JPEG,n02110341,251,dalmatian,0.7799412608146667,0.743039071559906,0.9040229320526123
/mnt/sda2/datasets/imagenet1k/imagenet-nano3/val/n03325584/ILSVRC2012_val_00015351.JPEG,n03325584,552,feather_boa,0.9907476902008057,0.7542363405227661,0.8714538812637329
/mnt/sda2/datasets/imagenet1k/imagenet-nano3/val/n03325584/ILSVRC2012_val_00016632.JPEG,n03325584,552,feather_boa,0.9996551275253296,0.7777100801467896,0.9207178950309753
/mnt/sda2/datasets/imagenet1k/imagenet-nano3/val/n03325584/ILSVRC2012_val_00037618.JPEG,n03325584,552,feather_boa,0.7221543192863464,0.8105854988098145,0.8329455256462097
/mnt/sda2/datasets/imagenet1k/imagenet-nano3/val/n04417672/ILSVRC2012_val_00039570.JPEG,n04417672,853,thatch,0.9999830722808838,0.8311875462532043,0.9181516170501709
/mnt/sda2/datasets/imagenet1k/imagenet-nano3/val/n04417672/ILSVRC2012_val_00023197.JPEG,n04417672,853,thatch,0.9995912909507751,0.8541820049285889,0.8903166651725769
/mnt/sda2/datasets/imagenet1k/imagenet-nano3/val/n01558993/ILSVRC2012_val_00043300.JPEG,n01558993,15,robin,0.9998681545257568,0.7156870365142822,0.9040864706039429
/mnt/sda2/datasets/imagenet1k/imagenet-nano3/val/n02111129/ILSVRC2012_val_00002635.JPEG,n02111129,255,Leonberg,0.9999994039535522,0.7309757471084595,0.8927346467971802
/mnt/sda2/datasets/imagenet1k/imagenet-nano3/val/n02111129/ILSVRC2012_val_00049245.JPEG,n02111129,255,Leonberg,0.9997121691703796,0.7604432702064514,0.868009090423584
/mnt/sda2/datasets/imagenet1k/imagenet-nano3/val/n02111129/ILSVRC2012_val_00038690.JPEG,n02111129,255,Leonberg,0.9999935626983643,0.8131474256515503,0.8491042256355286
/mnt/sda2/datasets/imagenet1k/imagenet-nano3/val/n02093754/ILSVRC2012_val_00025302.JPEG,n02093754,182,Border_terrier,0.9870060682296753,0.7564469575881958,0.8094998598098755
/mnt/sda2/datasets/imagenet1k/imagenet-nano3/val/n03717622/ILSVRC2012_val_00045556.JPEG,n03717622,640,manhole_cover,0.9612491726875305,0.7066830992698669,0.9296590089797974
/mnt/sda2/datasets/imagenet1k/imagenet-nano3/val/n03825788/ILSVRC2012_val_00027936.JPEG,n03825788,680,nipple,0.9325075745582581,0.7015518546104431,0.9552829265594482
/mnt/sda2/datasets/imagenet1k/imagenet-nano3/val/n03733281/ILSVRC2012_val_00038862.JPEG,n03733281,646,maze,0.8637188673019409,0.7637348175048828,0.8649485111236572
/mnt/sda2/datasets/imagenet1k/imagenet-nano3/val/n03733281/ILSVRC2012_val_00031729.JPEG,n03733281,646,maze,1.0,0.7378588914871216,0.9084787964820862
/mnt/sda2/datasets/imagenet1k/imagenet-nano3/val/n02877765/ILSVRC2012_val_00049979.JPEG,n02877765,455,bottlecap,1.0,0.8518577814102173,0.915859580039978
/mnt/sda2/datasets/imagenet1k/imagenet-nano3/val/n02877765/ILSVRC2012_val_00006672.JPEG,n02877765,455,bottlecap,1.0,0.7920015454292297,0.8867425918579102
/mnt/sda2/datasets/imagenet1k/imagenet-nano3/val/n02346627/ILSVRC2012_val_00012414.JPEG,n02346627,334,porcupine,0.9999839067459106,0.7894372940063477,0.899036169052124
/mnt/sda2/datasets/imagenet1k/imagenet-nano3/val/n02346627/ILSVRC2012_val_00004986.JPEG,n02346627,334,porcupine,0.9929376244544983,0.7450451850891113,0.8933441638946533
/mnt/sda2/datasets/imagenet1k/imagenet-nano3/val/n02906734/ILSVRC2012_val_00041911.JPEG,n02906734,462,broom,0.9932119846343994,0.7003108859062195,0.9186866879463196
/mnt/sda2/datasets/imagenet1k/imagenet-nano3/val/n03627232/ILSVRC2012_val_00019463.JPEG,n03627232,616,knot,0.9832685589790344,0.7393465042114258,0.9150815010070801
/mnt/sda2/datasets/imagenet1k/imagenet-nano3/val/n03627232/ILSVRC2012_val_00045419.JPEG,n03627232,616,knot,0.9971201419830322,0.7241531610488892,0.9001120924949646
/mnt/sda2/datasets/imagenet1k/imagenet-nano3/val/n02088238/ILSVRC2012_val_00024881.JPEG,n02088238,161,basset,0.9858944416046143,0.7530904412269592,0.8517100214958191
/mnt/sda2/datasets/imagenet1k/imagenet-nano3/val/n02088238/ILSVRC2012_val_00020460.JPEG,n02088238,161,basset,0.8460116386413574,0.7948258519172668,0.9091670513153076
/mnt/sda2/datasets/imagenet1k/imagenet-nano3/val/n02088238/ILSVRC2012_val_00020535.JPEG,n02088238,161,basset,0.9956634640693665,0.7492980360984802,0.8366346955299377
/mnt/sda2/datasets/imagenet1k/imagenet-nano3/val/n02107312/ILSVRC2012_val_00016499.JPEG,n02107312,237,miniature_pinscher,0.840420126914978,0.7596070766448975,0.8255309462547302
/mnt/sda2/datasets/imagenet1k/imagenet-nano3/val/n02107312/ILSVRC2012_val_00005902.JPEG,n02107312,237,miniature_pinscher,0.9600827693939209,0.721650242805481,0.802882194519043
/mnt/sda2/datasets/imagenet1k/imagenet-nano3/val/n02666196/ILSVRC2012_val_00033282.JPEG,n02666196,398,abacus,0.9999995231628418,0.78426593542099,0.9085227847099304
/mnt/sda2/datasets/imagenet1k/imagenet-nano3/val/n02666196/ILSVRC2012_val_00008875.JPEG,n02666196,398,abacus,1.0,0.7361969351768494,0.8834196925163269
/mnt/sda2/datasets/imagenet1k/imagenet-nano3/val/n02259212/ILSVRC2012_val_00003032.JPEG,n02259212,317,leafhopper,0.9983211159706116,0.776372492313385,0.9034023284912109
/mnt/sda2/datasets/imagenet1k/imagenet-nano3/val/n02259212/ILSVRC2012_val_00012106.JPEG,n02259212,317,leafhopper,0.9999927282333374,0.8133214712142944,0.9042601585388184
/mnt/sda2/datasets/imagenet1k/imagenet-nano3/val/n07730033/ILSVRC2012_val_00046230.JPEG,n07730033,946,cardoon,0.9787439703941345,0.7084309458732605,0.8670295476913452
/mnt/sda2/datasets/imagenet1k/imagenet-nano3/val/n07730033/ILSVRC2012_val_00004728.JPEG,n07730033,946,cardoon,0.9972429275512695,0.7149183750152588,0.8975369334220886
/mnt/sda2/datasets/imagenet1k/imagenet-nano3/val/n04399382/ILSVRC2012_val_00006996.JPEG,n04399382,850,teddy,0.9926621913909912,0.808211624622345,0.9135953783988953
/mnt/sda2/datasets/imagenet1k/imagenet-nano3/val/n04399382/ILSVRC2012_val_00006509.JPEG,n04399382,850,teddy,0.9747573733329773,0.7237961292266846,0.9075713157653809
/mnt/sda2/datasets/imagenet1k/imagenet-nano3/val/n02177972/ILSVRC2012_val_00001570.JPEG,n02177972,307,weevil,0.9966669678688049,0.714248776435852,0.8840703964233398
/mnt/sda2/datasets/imagenet1k/imagenet-nano3/val/n02177972/ILSVRC2012_val_00039612.JPEG,n02177972,307,weevil,0.9994114637374878,0.7177423238754272,0.8797902464866638
/mnt/sda2/datasets/imagenet1k/imagenet-nano3/val/n02841315/ILSVRC2012_val_00021033.JPEG,n02841315,447,binoculars,0.7762970924377441,0.7143793106079102,0.9281182885169983
/mnt/sda2/datasets/imagenet1k/imagenet-nano3/val/n02102318/ILSVRC2012_val_00017713.JPEG,n02102318,219,cocker_spaniel,0.9835802912712097,0.8260809779167175,0.9066281914710999
/mnt/sda2/datasets/imagenet1k/imagenet-nano3/val/n02009912/ILSVRC2012_val_00001891.JPEG,n02009912,132,American_egret,0.8810848593711853,0.8134348392486572,0.8656023740768433
/mnt/sda2/datasets/imagenet1k/imagenet-nano3/val/n02009912/ILSVRC2012_val_00031290.JPEG,n02009912,132,American_egret,0.7979587316513062,0.700089693069458,0.7395021915435791
/mnt/sda2/datasets/imagenet1k/imagenet-nano3/val/n03837869/ILSVRC2012_val_00008580.JPEG,n03837869,682,obelisk,0.9986516833305359,0.8318973183631897,0.8923763632774353
/mnt/sda2/datasets/imagenet1k/imagenet-nano3/val/n07742313/ILSVRC2012_val_00018708.JPEG,n07742313,948,Granny_Smith,0.989589512348175,0.7581490278244019,0.9000213742256165
/mnt/sda2/datasets/imagenet1k/imagenet-nano3/val/n03417042/ILSVRC2012_val_00038268.JPEG,n03417042,569,garbage_truck,0.9135145545005798,0.7890047430992126,0.881260335445404
/mnt/sda2/datasets/imagenet1k/imagenet-nano3/val/n03417042/ILSVRC2012_val_00044888.JPEG,n03417042,569,garbage_truck,0.8043334484100342,0.7921417951583862,0.8883056640625
/mnt/sda2/datasets/imagenet1k/imagenet-nano3/val/n03417042/ILSVRC2012_val_00041478.JPEG,n03417042,569,garbage_truck,0.9546535015106201,0.7866043448448181,0.8823807239532471
/mnt/sda2/datasets/imagenet1k/imagenet-nano3/val/n01498041/ILSVRC2012_val_00013655.JPEG,n01498041,6,stingray,0.8614824414253235,0.8325942158699036,0.9228647351264954
/mnt/sda2/datasets/imagenet1k/imagenet-nano3/val/n02025239/ILSVRC2012_val_00044377.JPEG,n02025239,139,ruddy_turnstone,0.9336581230163574,0.8786308169364929,0.8684058785438538
/mnt/sda2/datasets/imagenet1k/imagenet-nano3/val/n03125729/ILSVRC2012_val_00010259.JPEG,n03125729,516,cradle,0.9167926907539368,0.8518345952033997,0.9333239197731018
/mnt/sda2/datasets/imagenet1k/imagenet-nano3/val/n02727426/ILSVRC2012_val_00015988.JPEG,n02727426,410,apiary,0.9985195994377136,0.8237649202346802,0.9091444611549377
/mnt/sda2/datasets/imagenet1k/imagenet-nano3/val/n01871265/ILSVRC2012_val_00021170.JPEG,n01871265,101,tusker,0.7196046113967896,0.749428391456604,0.8018423914909363
/mnt/sda2/datasets/imagenet1k/imagenet-nano3/val/n07871810/ILSVRC2012_val_00021763.JPEG,n07871810,962,meat_loaf,0.9782172441482544,0.8927944898605347,0.8443681001663208
/mnt/sda2/datasets/imagenet1k/imagenet-nano3/val/n03630383/ILSVRC2012_val_00016305.JPEG,n03630383,617,lab_coat,0.9902987480163574,0.8706214427947998,0.8756678104400635
/mnt/sda2/datasets/imagenet1k/imagenet-nano3/val/n03630383/ILSVRC2012_val_00034841.JPEG,n03630383,617,lab_coat,0.994309663772583,0.8650527596473694,0.892385721206665
/mnt/sda2/datasets/imagenet1k/imagenet-nano3/val/n03495258/ILSVRC2012_val_00043409.JPEG,n03495258,594,harp,0.9999998807907104,0.7978030443191528,0.8631086349487305
/mnt/sda2/datasets/imagenet1k/imagenet-nano3/val/n02799071/ILSVRC2012_val_00019591.JPEG,n02799071,429,baseball,0.8785912394523621,0.8083063364028931,0.8649276494979858
/mnt/sda2/datasets/imagenet1k/imagenet-nano3/val/n02799071/ILSVRC2012_val_00001468.JPEG,n02799071,429,baseball,0.9999996423721313,0.7970358729362488,0.8859171867370605
/mnt/sda2/datasets/imagenet1k/imagenet-nano3/val/n03220513/ILSVRC2012_val_00004794.JPEG,n03220513,538,dome,0.9989677667617798,0.8171967267990112,0.8749533891677856
/mnt/sda2/datasets/imagenet1k/imagenet-nano3/val/n02105855/ILSVRC2012_val_00048315.JPEG,n02105855,230,Shetland_sheepdog,0.925112783908844,0.776037871837616,0.8817193508148193
/mnt/sda2/datasets/imagenet1k/imagenet-nano3/val/n02105855/ILSVRC2012_val_00020678.JPEG,n02105855,230,Shetland_sheepdog,0.9440351128578186,0.7621002793312073,0.8718143105506897
/mnt/sda2/datasets/imagenet1k/imagenet-nano3/val/n07614500/ILSVRC2012_val_00042011.JPEG,n07614500,928,ice_cream,0.9442782402038574,0.8578364253044128,0.9136285781860352
/mnt/sda2/datasets/imagenet1k/imagenet-nano3/val/n02277742/ILSVRC2012_val_00035673.JPEG,n02277742,322,ringlet,0.9999986886978149,0.7264537215232849,0.8703498840332031
/mnt/sda2/datasets/imagenet1k/imagenet-nano3/val/n07802026/ILSVRC2012_val_00001159.JPEG,n07802026,958,hay,0.8474673628807068,0.7713868021965027,0.8399154543876648
/mnt/sda2/datasets/imagenet1k/imagenet-nano3/val/n03920288/ILSVRC2012_val_00037018.JPEG,n03920288,712,Petri_dish,0.9691791534423828,0.9588313102722168,0.9067373275756836
/mnt/sda2/datasets/imagenet1k/imagenet-nano3/val/n03661043/ILSVRC2012_val_00018698.JPEG,n03661043,624,library,0.9206105470657349,0.808028519153595,0.9185160994529724
/mnt/sda2/datasets/imagenet1k/imagenet-nano3/val/n03290653/ILSVRC2012_val_00030898.JPEG,n03290653,548,entertainment_center,0.8428154587745667,0.7806776762008667,0.8519888520240784
/mnt/sda2/datasets/imagenet1k/imagenet-nano3/val/n03290653/ILSVRC2012_val_00008081.JPEG,n03290653,548,entertainment_center,0.9884564876556396,0.7763055562973022,0.8127138614654541
/mnt/sda2/datasets/imagenet1k/imagenet-nano3/val/n03729826/ILSVRC2012_val_00030440.JPEG,n03729826,644,matchstick,0.9996308088302612,0.7289804220199585,0.8951507210731506
/mnt/sda2/datasets/imagenet1k/imagenet-nano3/val/n02091134/ILSVRC2012_val_00004823.JPEG,n02091134,172,whippet,0.794289231300354,0.8460782766342163,0.9009431004524231
/mnt/sda2/datasets/imagenet1k/imagenet-nano3/val/n01537544/ILSVRC2012_val_00041252.JPEG,n01537544,14,indigo_bunting,0.9998487234115601,0.7578384876251221,0.9080010652542114
/mnt/sda2/datasets/imagenet1k/imagenet-nano3/val/n01537544/ILSVRC2012_val_00023573.JPEG,n01537544,14,indigo_bunting,0.9963036775588989,0.762316882610321,0.8260747194290161
/mnt/sda2/datasets/imagenet1k/imagenet-nano3/val/n03796401/ILSVRC2012_val_00015917.JPEG,n03796401,675,moving_van,0.9059237837791443,0.8212597370147705,0.8523648381233215
/mnt/sda2/datasets/imagenet1k/imagenet-nano3/val/n04509417/ILSVRC2012_val_00020497.JPEG,n04509417,880,unicycle,0.9387447237968445,0.8117290735244751,0.92496258020401
/mnt/sda2/datasets/imagenet1k/imagenet-nano3/val/n04070727/ILSVRC2012_val_00014602.JPEG,n04070727,760,refrigerator,0.9994255304336548,0.7597048282623291,0.800658106803894
/mnt/sda2/datasets/imagenet1k/imagenet-nano3/val/n04070727/ILSVRC2012_val_00030280.JPEG,n04070727,760,refrigerator,0.9936417937278748,0.8500732779502869,0.8535710573196411
/mnt/sda2/datasets/imagenet1k/imagenet-nano3/val/n04070727/ILSVRC2012_val_00042498.JPEG,n04070727,760,refrigerator,0.8959519267082214,0.9028444886207581,0.8001241683959961
/mnt/sda2/datasets/imagenet1k/imagenet-nano3/val/n02108915/ILSVRC2012_val_00022050.JPEG,n02108915,245,French_bulldog,0.9252339005470276,0.8851515650749207,0.8769733309745789
/mnt/sda2/datasets/imagenet1k/imagenet-nano3/val/n03485794/ILSVRC2012_val_00045092.JPEG,n03485794,591,handkerchief,0.9596903324127197,0.8819547891616821,0.9018054008483887
/mnt/sda2/datasets/imagenet1k/imagenet-nano3/val/n01608432/ILSVRC2012_val_00021056.JPEG,n01608432,21,kite,0.9634856581687927,0.7341379523277283,0.877036988735199
/mnt/sda2/datasets/imagenet1k/imagenet-nano3/val/n01608432/ILSVRC2012_val_00000073.JPEG,n01608432,21,kite,0.975262463092804,0.8801379203796387,0.8966701030731201
/mnt/sda2/datasets/imagenet1k/imagenet-nano3/val/n02840245/ILSVRC2012_val_00016307.JPEG,n02840245,446,binder,0.7391998171806335,0.8144393563270569,0.8018946647644043
/mnt/sda2/datasets/imagenet1k/imagenet-nano3/val/n02977058/ILSVRC2012_val_00026363.JPEG,n02977058,480,cash_machine,0.9801194071769714,0.9027644991874695,0.8850192427635193
/mnt/sda2/datasets/imagenet1k/imagenet-nano3/val/n02457408/ILSVRC2012_val_00046495.JPEG,n02457408,364,three-toed_sloth,0.9993277788162231,0.7034542560577393,0.9028608202934265
/mnt/sda2/datasets/imagenet1k/imagenet-nano3/val/n02894605/ILSVRC2012_val_00048936.JPEG,n02894605,460,breakwater,0.9104219675064087,0.7565414905548096,0.916601836681366
/mnt/sda2/datasets/imagenet1k/imagenet-nano3/val/n02894605/ILSVRC2012_val_00037041.JPEG,n02894605,460,breakwater,0.9864919781684875,0.8121544718742371,0.9308190941810608
/mnt/sda2/datasets/imagenet1k/imagenet-nano3/val/n04517823/ILSVRC2012_val_00037908.JPEG,n04517823,882,vacuum,0.8734017610549927,0.813007116317749,0.9779276847839355
/mnt/sda2/datasets/imagenet1k/imagenet-nano3/val/n04517823/ILSVRC2012_val_00020843.JPEG,n04517823,882,vacuum,0.8740935921669006,0.772846519947052,0.9602322578430176
/mnt/sda2/datasets/imagenet1k/imagenet-nano3/val/n04517823/ILSVRC2012_val_00039615.JPEG,n04517823,882,vacuum,0.9999070167541504,0.762986958026886,0.9100735187530518
/mnt/sda2/datasets/imagenet1k/imagenet-nano3/val/n02490219/ILSVRC2012_val_00002936.JPEG,n02490219,377,marmoset,0.8000752925872803,0.7546566724777222,0.8576374053955078
/mnt/sda2/datasets/imagenet1k/imagenet-nano3/val/n01824575/ILSVRC2012_val_00004340.JPEG,n01824575,91,coucal,0.9997296929359436,0.8026675581932068,0.8930404782295227
/mnt/sda2/datasets/imagenet1k/imagenet-nano3/val/n01824575/ILSVRC2012_val_00027555.JPEG,n01824575,91,coucal,0.998936116695404,0.7427176237106323,0.8946897983551025
/mnt/sda2/datasets/imagenet1k/imagenet-nano3/val/n04204347/ILSVRC2012_val_00019748.JPEG,n04204347,791,shopping_cart,0.877149224281311,0.7082813382148743,0.9343672394752502
/mnt/sda2/datasets/imagenet1k/imagenet-nano3/val/n02112706/ILSVRC2012_val_00030619.JPEG,n02112706,262,Brabancon_griffon,0.993961751461029,0.8187536597251892,0.9031763672828674
/mnt/sda2/datasets/imagenet1k/imagenet-nano3/val/n03924679/ILSVRC2012_val_00047747.JPEG,n03924679,713,photocopier,0.9962576627731323,0.9245687127113342,0.8812166452407837
/mnt/sda2/datasets/imagenet1k/imagenet-nano3/val/n03924679/ILSVRC2012_val_00037742.JPEG,n03924679,713,photocopier,0.9953656196594238,0.8432137966156006,0.8987825512886047
/mnt/sda2/datasets/imagenet1k/imagenet-nano3/val/n03924679/ILSVRC2012_val_00038997.JPEG,n03924679,713,photocopier,0.9931981563568115,0.8488559722900391,0.8770684599876404
/mnt/sda2/datasets/imagenet1k/imagenet-nano3/val/n04263257/ILSVRC2012_val_00023205.JPEG,n04263257,809,soup_bowl,0.9780007600784302,0.8022098541259766,0.9204632639884949
/mnt/sda2/datasets/imagenet1k/imagenet-nano3/val/n01688243/ILSVRC2012_val_00044980.JPEG,n01688243,43,frilled_lizard,0.9959405660629272,0.7535587549209595,0.9317412376403809
/mnt/sda2/datasets/imagenet1k/imagenet-nano3/val/n01688243/ILSVRC2012_val_00002295.JPEG,n01688243,43,frilled_lizard,0.999383807182312,0.7472834587097168,0.8623365163803101
/mnt/sda2/datasets/imagenet1k/imagenet-nano3/val/n02114712/ILSVRC2012_val_00047850.JPEG,n02114712,271,red_wolf,0.9574872255325317,0.7463078498840332,0.864577054977417
/mnt/sda2/datasets/imagenet1k/imagenet-nano3/val/n03877472/ILSVRC2012_val_00040480.JPEG,n03877472,697,pajama,0.9431038498878479,0.8764892816543579,0.8966342806816101
/mnt/sda2/datasets/imagenet1k/imagenet-nano3/val/n04554684/ILSVRC2012_val_00009655.JPEG,n04554684,897,washer,0.9999809265136719,0.7704099416732788,0.8856409788131714
/mnt/sda2/datasets/imagenet1k/imagenet-nano3/val/n04554684/ILSVRC2012_val_00023591.JPEG,n04554684,897,washer,0.99724280834198,0.8552460074424744,0.910429060459137
/mnt/sda2/datasets/imagenet1k/imagenet-nano3/val/n04554684/ILSVRC2012_val_00027235.JPEG,n04554684,897,washer,0.9982627034187317,0.7299461364746094,0.9106211066246033
/mnt/sda2/datasets/imagenet1k/imagenet-nano3/val/n02391049/ILSVRC2012_val_00004267.JPEG,n02391049,340,zebra,0.9999947547912598,0.8439843654632568,0.8908978700637817
/mnt/sda2/datasets/imagenet1k/imagenet-nano3/val/n02391049/ILSVRC2012_val_00002996.JPEG,n02391049,340,zebra,0.9997431635856628,0.7566808462142944,0.8904422521591187
/mnt/sda2/datasets/imagenet1k/imagenet-nano3/val/n04285008/ILSVRC2012_val_00004979.JPEG,n04285008,817,sports_car,0.926980197429657,0.7967768311500549,0.909324049949646
/mnt/sda2/datasets/imagenet1k/imagenet-nano3/val/n02481823/ILSVRC2012_val_00032684.JPEG,n02481823,367,chimpanzee,0.9971412420272827,0.7060394883155823,0.8647989630699158
/mnt/sda2/datasets/imagenet1k/imagenet-nano3/val/n02817516/ILSVRC2012_val_00035801.JPEG,n02817516,439,bearskin,0.9986360669136047,0.8250630497932434,0.8394469618797302
/mnt/sda2/datasets/imagenet1k/imagenet-nano3/val/n02817516/ILSVRC2012_val_00029927.JPEG,n02817516,439,bearskin,0.9999908208847046,0.8481898903846741,0.9017754197120667
/mnt/sda2/datasets/imagenet1k/imagenet-nano3/val/n01795545/ILSVRC2012_val_00047404.JPEG,n01795545,80,black_grouse,0.8940389156341553,0.7514529228210449,0.8873924612998962
/mnt/sda2/datasets/imagenet1k/imagenet-nano3/val/n03384352/ILSVRC2012_val_00033601.JPEG,n03384352,561,forklift,0.999891996383667,0.7250153422355652,0.915499746799469
/mnt/sda2/datasets/imagenet1k/imagenet-nano3/val/n04418357/ILSVRC2012_val_00021503.JPEG,n04418357,854,theater_curtain,0.7174106240272522,0.820401132106781,0.8662385940551758
/mnt/sda2/datasets/imagenet1k/imagenet-nano3/val/n03131574/ILSVRC2012_val_00045719.JPEG,n03131574,520,crib,0.9105871915817261,0.7378408908843994,0.8654693961143494
/mnt/sda2/datasets/imagenet1k/imagenet-nano3/val/n03131574/ILSVRC2012_val_00044316.JPEG,n03131574,520,crib,0.9537220001220703,0.7266064882278442,0.7948302030563354
/mnt/sda2/datasets/imagenet1k/imagenet-nano3/val/n02104029/ILSVRC2012_val_00012318.JPEG,n02104029,222,kuvasz,0.8618350028991699,0.8344734907150269,0.7060311436653137
/mnt/sda2/datasets/imagenet1k/imagenet-nano3/val/n03956157/ILSVRC2012_val_00041536.JPEG,n03956157,727,planetarium,0.9983067512512207,0.7902937531471252,0.9374667406082153
/mnt/sda2/datasets/imagenet1k/imagenet-nano3/val/n03956157/ILSVRC2012_val_00028693.JPEG,n03956157,727,planetarium,0.9997081160545349,0.870004415512085,0.8980269432067871
/mnt/sda2/datasets/imagenet1k/imagenet-nano3/val/n03956157/ILSVRC2012_val_00031330.JPEG,n03956157,727,planetarium,0.9993932247161865,0.7684107422828674,0.8954759240150452
/mnt/sda2/datasets/imagenet1k/imagenet-nano3/val/n02948072/ILSVRC2012_val_00011230.JPEG,n02948072,470,candle,0.9220304489135742,0.7604368925094604,0.9508172273635864
/mnt/sda2/datasets/imagenet1k/imagenet-nano3/val/n04259630/ILSVRC2012_val_00006980.JPEG,n04259630,808,sombrero,0.8092323541641235,0.794933557510376,0.9101898074150085
/mnt/sda2/datasets/imagenet1k/imagenet-nano3/val/n01751748/ILSVRC2012_val_00043075.JPEG,n01751748,65,sea_snake,0.9506232142448425,0.712672233581543,0.8802400231361389
/mnt/sda2/datasets/imagenet1k/imagenet-nano3/val/n02917067/ILSVRC2012_val_00012612.JPEG,n02917067,466,bullet_train,0.9999997615814209,0.7848761677742004,0.8701067566871643
/mnt/sda2/datasets/imagenet1k/imagenet-nano3/val/n02917067/ILSVRC2012_val_00019277.JPEG,n02917067,466,bullet_train,0.9999878406524658,0.7191945910453796,0.8601868152618408
/mnt/sda2/datasets/imagenet1k/imagenet-nano3/val/n02917067/ILSVRC2012_val_00020919.JPEG,n02917067,466,bullet_train,0.9998915195465088,0.815131664276123,0.8919370174407959
/mnt/sda2/datasets/imagenet1k/imagenet-nano3/val/n02091244/ILSVRC2012_val_00009334.JPEG,n02091244,173,Ibizan_hound,0.9999969005584717,0.7119134068489075,0.8386927843093872
/mnt/sda2/datasets/imagenet1k/imagenet-nano3/val/n02091244/ILSVRC2012_val_00024216.JPEG,n02091244,173,Ibizan_hound,0.9986466765403748,0.7006068825721741,0.9504059553146362
/mnt/sda2/datasets/imagenet1k/imagenet-nano3/val/n01860187/ILSVRC2012_val_00027816.JPEG,n01860187,100,black_swan,0.9998219609260559,0.7353475689888,0.8987886905670166
/mnt/sda2/datasets/imagenet1k/imagenet-nano3/val/n01860187/ILSVRC2012_val_00017441.JPEG,n01860187,100,black_swan,0.9999964237213135,0.758205771446228,0.8959117531776428
/mnt/sda2/datasets/imagenet1k/imagenet-nano3/val/n02097130/ILSVRC2012_val_00004248.JPEG,n02097130,197,giant_schnauzer,0.9378595948219299,0.8350141644477844,0.7751011848449707
/mnt/sda2/datasets/imagenet1k/imagenet-nano3/val/n01728572/ILSVRC2012_val_00022901.JPEG,n01728572,52,thunder_snake,0.9799191951751709,0.8075255751609802,0.8247407674789429
/mnt/sda2/datasets/imagenet1k/imagenet-nano3/val/n01728572/ILSVRC2012_val_00020383.JPEG,n01728572,52,thunder_snake,0.9559511542320251,0.8190955519676208,0.7763482332229614
/mnt/sda2/datasets/imagenet1k/imagenet-nano3/val/n01728572/ILSVRC2012_val_00042100.JPEG,n01728572,52,thunder_snake,0.9753512740135193,0.7465366125106812,0.8775079846382141
/mnt/sda2/datasets/imagenet1k/imagenet-nano3/val/n03814906/ILSVRC2012_val_00039183.JPEG,n03814906,679,necklace,0.9150683283805847,0.8049106597900391,0.8581042289733887
/mnt/sda2/datasets/imagenet1k/imagenet-nano3/val/n03814906/ILSVRC2012_val_00033046.JPEG,n03814906,679,necklace,0.9919328093528748,0.8294854760169983,0.8373816609382629
/mnt/sda2/datasets/imagenet1k/imagenet-nano3/val/n03445777/ILSVRC2012_val_00041672.JPEG,n03445777,574,golf_ball,0.9891554713249207,0.7039003968238831,0.9290704727172852
/mnt/sda2/datasets/imagenet1k/imagenet-nano3/val/n03838899/ILSVRC2012_val_00021771.JPEG,n03838899,683,oboe,0.989682674407959,0.7987731099128723,0.8913734555244446
/mnt/sda2/datasets/imagenet1k/imagenet-nano3/val/n03998194/ILSVRC2012_val_00030732.JPEG,n03998194,741,prayer_rug,0.9953374862670898,0.7198919057846069,0.8970789909362793
/mnt/sda2/datasets/imagenet1k/imagenet-nano3/val/n02231487/ILSVRC2012_val_00001585.JPEG,n02231487,313,walking_stick,0.9219990372657776,0.7083521485328674,0.8457051515579224
/mnt/sda2/datasets/imagenet1k/imagenet-nano3/val/n02910353/ILSVRC2012_val_00035865.JPEG,n02910353,464,buckle,0.9573023915290833,0.830254077911377,0.9470363855361938
/mnt/sda2/datasets/imagenet1k/imagenet-nano3/val/n02910353/ILSVRC2012_val_00007920.JPEG,n02910353,464,buckle,0.9999715089797974,0.810845136642456,0.8228424191474915
/mnt/sda2/datasets/imagenet1k/imagenet-nano3/val/n02363005/ILSVRC2012_val_00017953.JPEG,n02363005,337,beaver,0.9975712895393372,0.8327323794364929,0.9164265990257263
/mnt/sda2/datasets/imagenet1k/imagenet-nano3/val/n02363005/ILSVRC2012_val_00003292.JPEG,n02363005,337,beaver,0.9999333620071411,0.8084222674369812,0.903162956237793
/mnt/sda2/datasets/imagenet1k/imagenet-nano3/val/n01748264/ILSVRC2012_val_00030303.JPEG,n01748264,63,Indian_cobra,0.995593249797821,0.7533732652664185,0.8800117373466492
/mnt/sda2/datasets/imagenet1k/imagenet-nano3/val/n03854065/ILSVRC2012_val_00034845.JPEG,n03854065,687,organ,0.9999873638153076,0.8404319286346436,0.8644927740097046
/mnt/sda2/datasets/imagenet1k/imagenet-nano3/val/n03854065/ILSVRC2012_val_00004425.JPEG,n03854065,687,organ,0.9998787641525269,0.7874916195869446,0.9159721732139587
/mnt/sda2/datasets/imagenet1k/imagenet-nano3/val/n04118538/ILSVRC2012_val_00009409.JPEG,n04118538,768,rugby_ball,0.8645080924034119,0.8444879651069641,0.7932589650154114
/mnt/sda2/datasets/imagenet1k/imagenet-nano3/val/n04118538/ILSVRC2012_val_00002018.JPEG,n04118538,768,rugby_ball,0.9165331125259399,0.8439689874649048,0.9036101698875427
/mnt/sda2/datasets/imagenet1k/imagenet-nano3/val/n02104365/ILSVRC2012_val_00046683.JPEG,n02104365,223,schipperke,0.9960291385650635,0.7737970352172852,0.8288474082946777
/mnt/sda2/datasets/imagenet1k/imagenet-nano3/val/n02104365/ILSVRC2012_val_00023554.JPEG,n02104365,223,schipperke,0.9622302651405334,0.7683300375938416,0.919276237487793
/mnt/sda2/datasets/imagenet1k/imagenet-nano3/val/n02104365/ILSVRC2012_val_00008664.JPEG,n02104365,223,schipperke,0.9931821227073669,0.7818118929862976,0.9056376218795776
/mnt/sda2/datasets/imagenet1k/imagenet-nano3/val/n02102040/ILSVRC2012_val_00015694.JPEG,n02102040,217,English_springer,0.9806767702102661,0.752820611000061,0.9134126305580139
/mnt/sda2/datasets/imagenet1k/imagenet-nano3/val/n02102040/ILSVRC2012_val_00049218.JPEG,n02102040,217,English_springer,0.9984691739082336,0.7836502194404602,0.8945449590682983
/mnt/sda2/datasets/imagenet1k/imagenet-nano3/val/n06785654/ILSVRC2012_val_00012126.JPEG,n06785654,918,crossword_puzzle,0.9730347990989685,0.827664315700531,0.9031338691711426
/mnt/sda2/datasets/imagenet1k/imagenet-nano3/val/n06785654/ILSVRC2012_val_00031495.JPEG,n06785654,918,crossword_puzzle,0.9999998807907104,0.7667914032936096,0.8406733870506287
/mnt/sda2/datasets/imagenet1k/imagenet-nano3/val/n06785654/ILSVRC2012_val_00033741.JPEG,n06785654,918,crossword_puzzle,1.0,0.8470426201820374,0.9031968712806702
/mnt/sda2/datasets/imagenet1k/imagenet-nano3/val/n04552348/ILSVRC2012_val_00037204.JPEG,n04552348,895,warplane,0.9964919686317444,0.8047178983688354,0.8451852202415466
/mnt/sda2/datasets/imagenet1k/imagenet-nano3/val/n07584110/ILSVRC2012_val_00031813.JPEG,n07584110,925,consomme,0.9959642887115479,0.783731997013092,0.8143038153648376
/mnt/sda2/datasets/imagenet1k/imagenet-nano3/val/n06359193/ILSVRC2012_val_00019037.JPEG,n06359193,916,web_site,0.9991349577903748,0.8794748783111572,0.8506864309310913
/mnt/sda2/datasets/imagenet1k/imagenet-nano3/val/n06359193/ILSVRC2012_val_00005200.JPEG,n06359193,916,web_site,0.9300061464309692,0.7582379579544067,0.8258153200149536
/mnt/sda2/datasets/imagenet1k/imagenet-nano3/val/n06359193/ILSVRC2012_val_00030085.JPEG,n06359193,916,web_site,0.841060996055603,0.9343142509460449,0.8718957901000977
/mnt/sda2/datasets/imagenet1k/imagenet-nano3/val/n03100240/ILSVRC2012_val_00025028.JPEG,n03100240,511,convertible,0.9845661520957947,0.7660803198814392,0.9185206890106201
/mnt/sda2/datasets/imagenet1k/imagenet-nano3/val/n02089078/ILSVRC2012_val_00003905.JPEG,n02089078,165,black-and-tan_coonhound,0.9315823316574097,0.8253995180130005,0.8853940367698669
/mnt/sda2/datasets/imagenet1k/imagenet-nano3/val/n04149813/ILSVRC2012_val_00011266.JPEG,n04149813,781,scoreboard,0.9882217049598694,0.7023776769638062,0.8975868821144104
/mnt/sda2/datasets/imagenet1k/imagenet-nano3/val/n03443371/ILSVRC2012_val_00046087.JPEG,n03443371,572,goblet,0.8846337795257568,0.7649768590927124,0.8913387060165405
/mnt/sda2/datasets/imagenet1k/imagenet-nano3/val/n03443371/ILSVRC2012_val_00035335.JPEG,n03443371,572,goblet,0.8466503024101257,0.7848270535469055,0.8341146111488342
/mnt/sda2/datasets/imagenet1k/imagenet-nano3/val/n03443371/ILSVRC2012_val_00044121.JPEG,n03443371,572,goblet,0.927025556564331,0.7213963866233826,0.8702067732810974
/mnt/sda2/datasets/imagenet1k/imagenet-nano3/val/n04525305/ILSVRC2012_val_00004510.JPEG,n04525305,886,vending_machine,0.9981098175048828,0.821404218673706,0.9101579189300537
/mnt/sda2/datasets/imagenet1k/imagenet-nano3/val/n04525305/ILSVRC2012_val_00023279.JPEG,n04525305,886,vending_machine,0.9989228844642639,0.8521370887756348,0.8494492769241333
/mnt/sda2/datasets/imagenet1k/imagenet-nano3/val/n04525305/ILSVRC2012_val_00006255.JPEG,n04525305,886,vending_machine,0.9998063445091248,0.7992567420005798,0.8931690454483032
/mnt/sda2/datasets/imagenet1k/imagenet-nano3/val/n02965783/ILSVRC2012_val_00038000.JPEG,n02965783,475,car_mirror,0.9999620914459229,0.8174582719802856,0.9076663851737976
/mnt/sda2/datasets/imagenet1k/imagenet-nano3/val/n02965783/ILSVRC2012_val_00016380.JPEG,n02965783,475,car_mirror,0.7478061318397522,0.8038004040718079,0.9181906580924988
/mnt/sda2/datasets/imagenet1k/imagenet-nano3/val/n01882714/ILSVRC2012_val_00018026.JPEG,n01882714,105,koala,0.9999978542327881,0.8300463557243347,0.8700579404830933
/mnt/sda2/datasets/imagenet1k/imagenet-nano3/val/n01882714/ILSVRC2012_val_00027599.JPEG,n01882714,105,koala,0.9998466968536377,0.8427526354789734,0.924710750579834
/mnt/sda2/datasets/imagenet1k/imagenet-nano3/val/n01882714/ILSVRC2012_val_00026297.JPEG,n01882714,105,koala,0.9999649524688721,0.85456383228302,0.8983056545257568
/mnt/sda2/datasets/imagenet1k/imagenet-nano3/val/n15075141/ILSVRC2012_val_00013028.JPEG,n15075141,999,toilet_tissue,0.9625571966171265,0.7585245370864868,0.8074579238891602
/mnt/sda2/datasets/imagenet1k/imagenet-nano3/val/n15075141/ILSVRC2012_val_00038905.JPEG,n15075141,999,toilet_tissue,0.9734175801277161,0.8590496778488159,0.7882677316665649
/mnt/sda2/datasets/imagenet1k/imagenet-nano3/val/n02190166/ILSVRC2012_val_00021808.JPEG,n02190166,308,fly,0.9998832941055298,0.7128584980964661,0.8918660283088684
/mnt/sda2/datasets/imagenet1k/imagenet-nano3/val/n02096437/ILSVRC2012_val_00030910.JPEG,n02096437,194,Dandie_Dinmont,0.9534874558448792,0.7626421451568604,0.8768775463104248
/mnt/sda2/datasets/imagenet1k/imagenet-nano3/val/n02096437/ILSVRC2012_val_00044284.JPEG,n02096437,194,Dandie_Dinmont,0.9986270666122437,0.813365638256073,0.8284041285514832
/mnt/sda2/datasets/imagenet1k/imagenet-nano3/val/n03599486/ILSVRC2012_val_00032319.JPEG,n03599486,612,jinrikisha,0.9999998807907104,0.7124506831169128,0.8801450729370117
/mnt/sda2/datasets/imagenet1k/imagenet-nano3/val/n03599486/ILSVRC2012_val_00008961.JPEG,n03599486,612,jinrikisha,0.9999594688415527,0.734613299369812,0.8903695940971375
/mnt/sda2/datasets/imagenet1k/imagenet-nano3/val/n03599486/ILSVRC2012_val_00043161.JPEG,n03599486,612,jinrikisha,0.9998000264167786,0.8573588132858276,0.8982899785041809
/mnt/sda2/datasets/imagenet1k/imagenet-nano3/val/n02077923/ILSVRC2012_val_00013809.JPEG,n02077923,150,sea_lion,0.9999773502349854,0.7949118614196777,0.903717041015625
/mnt/sda2/datasets/imagenet1k/imagenet-nano3/val/n02077923/ILSVRC2012_val_00032540.JPEG,n02077923,150,sea_lion,0.9999712705612183,0.811134934425354,0.8665951490402222
/mnt/sda2/datasets/imagenet1k/imagenet-nano3/val/n02077923/ILSVRC2012_val_00004302.JPEG,n02077923,150,sea_lion,0.9956797361373901,0.7490072846412659,0.9108247756958008
/mnt/sda2/datasets/imagenet1k/imagenet-nano3/val/n03697007/ILSVRC2012_val_00046301.JPEG,n03697007,634,lumbermill,0.9987722039222717,0.7965265512466431,0.8670516610145569
/mnt/sda2/datasets/imagenet1k/imagenet-nano3/val/n03697007/ILSVRC2012_val_00013631.JPEG,n03697007,634,lumbermill,0.888541579246521,0.8281041979789734,0.8632519841194153
/mnt/sda2/datasets/imagenet1k/imagenet-nano3/val/n01689811/ILSVRC2012_val_00038667.JPEG,n01689811,44,alligator_lizard,0.998817503452301,0.7747669816017151,0.9031340479850769
/mnt/sda2/datasets/imagenet1k/imagenet-nano3/val/n03095699/ILSVRC2012_val_00036884.JPEG,n03095699,510,container_ship,0.9994248151779175,0.8129867911338806,0.9024627804756165
/mnt/sda2/datasets/imagenet1k/imagenet-nano3/val/n07583066/ILSVRC2012_val_00034029.JPEG,n07583066,924,guacamole,0.9831563830375671,0.8737215995788574,0.9315552115440369
/mnt/sda2/datasets/imagenet1k/imagenet-nano3/val/n07583066/ILSVRC2012_val_00049358.JPEG,n07583066,924,guacamole,0.989264726638794,0.7050129771232605,0.885521411895752
/mnt/sda2/datasets/imagenet1k/imagenet-nano3/val/n02088094/ILSVRC2012_val_00015990.JPEG,n02088094,160,Afghan_hound,0.9993463158607483,0.7823872566223145,0.8519604802131653
/mnt/sda2/datasets/imagenet1k/imagenet-nano3/val/n02123597/ILSVRC2012_val_00035566.JPEG,n02123597,284,Siamese_cat,0.9956945180892944,0.8328667283058167,0.9068865180015564
/mnt/sda2/datasets/imagenet1k/imagenet-nano3/val/n02123597/ILSVRC2012_val_00034254.JPEG,n02123597,284,Siamese_cat,0.9999864101409912,0.825695276260376,0.8804067373275757
/mnt/sda2/datasets/imagenet1k/imagenet-nano3/val/n02134418/ILSVRC2012_val_00033689.JPEG,n02134418,297,sloth_bear,0.9999966621398926,0.7217381596565247,0.9065443873405457
/mnt/sda2/datasets/imagenet1k/imagenet-nano3/val/n02134418/ILSVRC2012_val_00033241.JPEG,n02134418,297,sloth_bear,0.9993147850036621,0.8658016920089722,0.8896177411079407
/mnt/sda2/datasets/imagenet1k/imagenet-nano3/val/n01873310/ILSVRC2012_val_00008907.JPEG,n01873310,103,platypus,0.9999977350234985,0.7623944878578186,0.9045904278755188
/mnt/sda2/datasets/imagenet1k/imagenet-nano3/val/n02486261/ILSVRC2012_val_00022420.JPEG,n02486261,371,patas,0.999911904335022,0.7087035179138184,0.8509653806686401
/mnt/sda2/datasets/imagenet1k/imagenet-nano3/val/n02486261/ILSVRC2012_val_00043687.JPEG,n02486261,371,patas,0.8507729768753052,0.7066361308097839,0.9057177901268005
/mnt/sda2/datasets/imagenet1k/imagenet-nano3/val/n03977966/ILSVRC2012_val_00001143.JPEG,n03977966,734,police_van,0.9413909912109375,0.77962726354599,0.878948986530304
/mnt/sda2/datasets/imagenet1k/imagenet-nano3/val/n04486054/ILSVRC2012_val_00035081.JPEG,n04486054,873,triumphal_arch,0.97446209192276,0.7823024392127991,0.880509614944458
/mnt/sda2/datasets/imagenet1k/imagenet-nano3/val/n03026506/ILSVRC2012_val_00034047.JPEG,n03026506,496,Christmas_stocking,0.8486276268959045,0.7912705540657043,0.8862446546554565
/mnt/sda2/datasets/imagenet1k/imagenet-nano3/val/n03026506/ILSVRC2012_val_00042060.JPEG,n03026506,496,Christmas_stocking,0.8539548516273499,0.7510116100311279,0.8918859958648682
/mnt/sda2/datasets/imagenet1k/imagenet-nano3/val/n03026506/ILSVRC2012_val_00005560.JPEG,n03026506,496,Christmas_stocking,0.9169912934303284,0.7975580096244812,0.8737863898277283
/mnt/sda2/datasets/imagenet1k/imagenet-nano3/val/n02951585/ILSVRC2012_val_00028303.JPEG,n02951585,473,can_opener,0.9287571310997009,0.7743748426437378,0.9498048424720764
/mnt/sda2/datasets/imagenet1k/imagenet-nano3/val/n01667114/ILSVRC2012_val_00026446.JPEG,n01667114,35,mud_turtle,0.9222774505615234,0.8101068139076233,0.9136783480644226
/mnt/sda2/datasets/imagenet1k/imagenet-nano3/val/n01667114/ILSVRC2012_val_00012732.JPEG,n01667114,35,mud_turtle,0.9381800889968872,0.7966097593307495,0.9030793309211731
/mnt/sda2/datasets/imagenet1k/imagenet-nano3/val/n04252077/ILSVRC2012_val_00041951.JPEG,n04252077,802,snowmobile,0.9994440674781799,0.7520355582237244,0.8576006889343262
/mnt/sda2/datasets/imagenet1k/imagenet-nano3/val/n04252077/ILSVRC2012_val_00029893.JPEG,n04252077,802,snowmobile,0.8947997689247131,0.8624589443206787,0.9079371094703674
/mnt/sda2/datasets/imagenet1k/imagenet-nano3/val/n04252077/ILSVRC2012_val_00018612.JPEG,n04252077,802,snowmobile,0.9992231130599976,0.7424291968345642,0.9102991819381714
/mnt/sda2/datasets/imagenet1k/imagenet-nano3/val/n04542943/ILSVRC2012_val_00048545.JPEG,n04542943,891,waffle_iron,1.0,0.7924104332923889,0.9053201675415039
/mnt/sda2/datasets/imagenet1k/imagenet-nano3/val/n04542943/ILSVRC2012_val_00003642.JPEG,n04542943,891,waffle_iron,0.969944417476654,0.7782250642776489,0.9160783290863037
/mnt/sda2/datasets/imagenet1k/imagenet-nano3/val/n03445924/ILSVRC2012_val_00040651.JPEG,n03445924,575,golfcart,0.7199733257293701,0.8348507881164551,0.867154061794281
/mnt/sda2/datasets/imagenet1k/imagenet-nano3/val/n03445924/ILSVRC2012_val_00012668.JPEG,n03445924,575,golfcart,1.0,0.8241417407989502,0.90916508436203
/mnt/sda2/datasets/imagenet1k/imagenet-nano3/val/n07697537/ILSVRC2012_val_00016179.JPEG,n07697537,934,hotdog,0.9593981504440308,0.7343231439590454,0.7307437062263489
/mnt/sda2/datasets/imagenet1k/imagenet-nano3/val/n07697537/ILSVRC2012_val_00015811.JPEG,n07697537,934,hotdog,0.9998301267623901,0.8087539672851562,0.8572918772697449
/mnt/sda2/datasets/imagenet1k/imagenet-nano3/val/n04266014/ILSVRC2012_val_00033013.JPEG,n04266014,812,space_shuttle,0.9999654293060303,0.7694964408874512,0.8624314665794373
/mnt/sda2/datasets/imagenet1k/imagenet-nano3/val/n04266014/ILSVRC2012_val_00034371.JPEG,n04266014,812,space_shuttle,0.9984287619590759,0.7284131050109863,0.8282588124275208
/mnt/sda2/datasets/imagenet1k/imagenet-nano3/val/n02106662/ILSVRC2012_val_00021704.JPEG,n02106662,235,German_shepherd,0.7171795964241028,0.7168569564819336,0.870261013507843
/mnt/sda2/datasets/imagenet1k/imagenet-nano3/val/n02109047/ILSVRC2012_val_00033455.JPEG,n02109047,246,Great_Dane,0.8913042545318604,0.8000786900520325,0.8315772414207458
/mnt/sda2/datasets/imagenet1k/imagenet-nano3/val/n01806143/ILSVRC2012_val_00022422.JPEG,n01806143,84,peacock,1.0,0.7213075160980225,0.859381377696991
/mnt/sda2/datasets/imagenet1k/imagenet-nano3/val/n03344393/ILSVRC2012_val_00017026.JPEG,n03344393,554,fireboat,0.9952180981636047,0.7325176000595093,0.844477653503418
/mnt/sda2/datasets/imagenet1k/imagenet-nano3/val/n03344393/ILSVRC2012_val_00013632.JPEG,n03344393,554,fireboat,0.9995984435081482,0.7173077464103699,0.8741700053215027
/mnt/sda2/datasets/imagenet1k/imagenet-nano3/val/n03344393/ILSVRC2012_val_00026507.JPEG,n03344393,554,fireboat,0.99915611743927,0.8450727462768555,0.8961662650108337
/mnt/sda2/datasets/imagenet1k/imagenet-nano3/val/n02493509/ILSVRC2012_val_00036953.JPEG,n02493509,380,titi,0.9926580786705017,0.8347527980804443,0.8883067965507507
/mnt/sda2/datasets/imagenet1k/imagenet-nano3/val/n04153751/ILSVRC2012_val_00014344.JPEG,n04153751,783,screw,0.9836824536323547,0.7670445442199707,0.8610891103744507
/mnt/sda2/datasets/imagenet1k/imagenet-nano3/val/n04153751/ILSVRC2012_val_00004966.JPEG,n04153751,783,screw,0.9980716109275818,0.7850726246833801,0.8852464556694031
/mnt/sda2/datasets/imagenet1k/imagenet-nano3/val/n03201208/ILSVRC2012_val_00023795.JPEG,n03201208,532,dining_table,0.9993404746055603,0.757294237613678,0.9085711240768433
/mnt/sda2/datasets/imagenet1k/imagenet-nano3/val/n03201208/ILSVRC2012_val_00015035.JPEG,n03201208,532,dining_table,0.9869124889373779,0.7774182558059692,0.8218603730201721
/mnt/sda2/datasets/imagenet1k/imagenet-nano3/val/n02033041/ILSVRC2012_val_00026178.JPEG,n02033041,142,dowitcher,0.9986183643341064,0.7720492482185364,0.8812698721885681
/mnt/sda2/datasets/imagenet1k/imagenet-nano3/val/n02033041/ILSVRC2012_val_00029782.JPEG,n02033041,142,dowitcher,0.9887657761573792,0.7721068859100342,0.8902021646499634
/mnt/sda2/datasets/imagenet1k/imagenet-nano3/val/n04120489/ILSVRC2012_val_00036855.JPEG,n04120489,770,running_shoe,0.924380898475647,0.7697423696517944,0.8697986006736755
/mnt/sda2/datasets/imagenet1k/imagenet-nano3/val/n04120489/ILSVRC2012_val_00038922.JPEG,n04120489,770,running_shoe,0.9962401390075684,0.8341091275215149,0.9240820407867432
/mnt/sda2/datasets/imagenet1k/imagenet-nano3/val/n04120489/ILSVRC2012_val_00003882.JPEG,n04120489,770,running_shoe,0.98589026927948,0.7484419941902161,0.904699981212616
/mnt/sda2/datasets/imagenet1k/imagenet-nano3/val/n04254777/ILSVRC2012_val_00023534.JPEG,n04254777,806,sock,0.8303391933441162,0.8138109445571899,0.9046995639801025
/mnt/sda2/datasets/imagenet1k/imagenet-nano3/val/n04201297/ILSVRC2012_val_00038109.JPEG,n04201297,789,shoji,0.8085929751396179,0.7356871962547302,0.7927638292312622
/mnt/sda2/datasets/imagenet1k/imagenet-nano3/val/n02988304/ILSVRC2012_val_00011788.JPEG,n02988304,485,CD_player,0.9521950483322144,0.8416582942008972,0.9453662037849426
/mnt/sda2/datasets/imagenet1k/imagenet-nano3/val/n03775071/ILSVRC2012_val_00025301.JPEG,n03775071,658,mitten,0.9687600135803223,0.8362566232681274,0.8768009543418884
/mnt/sda2/datasets/imagenet1k/imagenet-nano3/val/n03775071/ILSVRC2012_val_00002123.JPEG,n03775071,658,mitten,0.9977547526359558,0.741292417049408,0.9202771782875061
/mnt/sda2/datasets/imagenet1k/imagenet-nano3/val/n02437312/ILSVRC2012_val_00005356.JPEG,n02437312,354,Arabian_camel,1.0,0.8146710991859436,0.8911929130554199
/mnt/sda2/datasets/imagenet1k/imagenet-nano3/val/n02437312/ILSVRC2012_val_00046752.JPEG,n02437312,354,Arabian_camel,0.9999974966049194,0.8222336173057556,0.8948304057121277
/mnt/sda2/datasets/imagenet1k/imagenet-nano3/val/n04004767/ILSVRC2012_val_00033653.JPEG,n04004767,742,printer,0.8987740874290466,0.852657675743103,0.9458218812942505
/mnt/sda2/datasets/imagenet1k/imagenet-nano3/val/n07753275/ILSVRC2012_val_00047038.JPEG,n07753275,953,pineapple,0.7457568049430847,0.7619893550872803,0.7913974523544312
/mnt/sda2/datasets/imagenet1k/imagenet-nano3/val/n02137549/ILSVRC2012_val_00033747.JPEG,n02137549,298,mongoose,0.9997630715370178,0.7493574619293213,0.8979864716529846
/mnt/sda2/datasets/imagenet1k/imagenet-nano3/val/n02777292/ILSVRC2012_val_00013329.JPEG,n02777292,416,balance_beam,0.9735653400421143,0.758457601070404,0.9016179442405701
/mnt/sda2/datasets/imagenet1k/imagenet-nano3/val/n04238763/ILSVRC2012_val_00012051.JPEG,n04238763,798,slide_rule,0.9869976043701172,0.7995145320892334,0.8980569243431091
/mnt/sda2/datasets/imagenet1k/imagenet-nano3/val/n04238763/ILSVRC2012_val_00014937.JPEG,n04238763,798,slide_rule,0.9980533123016357,0.781246542930603,0.8451803922653198
/mnt/sda2/datasets/imagenet1k/imagenet-nano3/val/n04311004/ILSVRC2012_val_00042606.JPEG,n04311004,821,steel_arch_bridge,0.9531320929527283,0.7144661545753479,0.8337440490722656
/mnt/sda2/datasets/imagenet1k/imagenet-nano3/val/n02058221/ILSVRC2012_val_00012187.JPEG,n02058221,146,albatross,0.9946698546409607,0.7723562121391296,0.8810544013977051
/mnt/sda2/datasets/imagenet1k/imagenet-nano3/val/n02058221/ILSVRC2012_val_00029223.JPEG,n02058221,146,albatross,0.9991831183433533,0.7237120270729065,0.8774986267089844
/mnt/sda2/datasets/imagenet1k/imagenet-nano3/val/n07693725/ILSVRC2012_val_00022802.JPEG,n07693725,931,bagel,0.9944851994514465,0.8279011845588684,0.8577933311462402
/mnt/sda2/datasets/imagenet1k/imagenet-nano3/val/n07693725/ILSVRC2012_val_00020828.JPEG,n07693725,931,bagel,0.9244669079780579,0.7175490260124207,0.8659495115280151
/mnt/sda2/datasets/imagenet1k/imagenet-nano3/val/n04009552/ILSVRC2012_val_00018298.JPEG,n04009552,745,projector,0.9849120378494263,0.8249807357788086,0.9179990887641907
/mnt/sda2/datasets/imagenet1k/imagenet-nano3/val/n02165456/ILSVRC2012_val_00030697.JPEG,n02165456,301,ladybug,0.9989720582962036,0.8181055188179016,0.8927563428878784
/mnt/sda2/datasets/imagenet1k/imagenet-nano3/val/n04596742/ILSVRC2012_val_00020778.JPEG,n04596742,909,wok,0.7006089091300964,0.7557793259620667,0.7445098161697388
/mnt/sda2/datasets/imagenet1k/imagenet-nano3/val/n03733805/ILSVRC2012_val_00034141.JPEG,n03733805,647,measuring_cup,0.9760373830795288,0.7626450061798096,0.871975839138031
/mnt/sda2/datasets/imagenet1k/imagenet-nano3/val/n02172182/ILSVRC2012_val_00037889.JPEG,n02172182,305,dung_beetle,0.9996706247329712,0.740581214427948,0.9114955067634583
/mnt/sda2/datasets/imagenet1k/imagenet-nano3/val/n02172182/ILSVRC2012_val_00045513.JPEG,n02172182,305,dung_beetle,0.9774686694145203,0.7714602947235107,0.893932044506073
/mnt/sda2/datasets/imagenet1k/imagenet-nano3/val/n04523525/ILSVRC2012_val_00013142.JPEG,n04523525,884,vault,0.9721648097038269,0.855265736579895,0.9383528232574463
/mnt/sda2/datasets/imagenet1k/imagenet-nano3/val/n02112350/ILSVRC2012_val_00047515.JPEG,n02112350,261,keeshond,0.999977707862854,0.8141823410987854,0.8969753980636597
/mnt/sda2/datasets/imagenet1k/imagenet-nano3/val/n04099969/ILSVRC2012_val_00041916.JPEG,n04099969,765,rocking_chair,0.8002753853797913,0.7209341526031494,0.9309042096138
/mnt/sda2/datasets/imagenet1k/imagenet-nano3/val/n02112018/ILSVRC2012_val_00045514.JPEG,n02112018,259,Pomeranian,0.950480580329895,0.820258378982544,0.8660826683044434
/mnt/sda2/datasets/imagenet1k/imagenet-nano3/val/n02112018/ILSVRC2012_val_00040463.JPEG,n02112018,259,Pomeranian,0.9994736313819885,0.8289181590080261,0.8979707360267639
/mnt/sda2/datasets/imagenet1k/imagenet-nano3/val/n01641577/ILSVRC2012_val_00028352.JPEG,n01641577,30,bullfrog,0.7846462726593018,0.7095826268196106,0.856834352016449
/mnt/sda2/datasets/imagenet1k/imagenet-nano3/val/n01531178/ILSVRC2012_val_00048710.JPEG,n01531178,11,goldfinch,0.9999896287918091,0.7107008695602417,0.8905576467514038
/mnt/sda2/datasets/imagenet1k/imagenet-nano3/val/n01531178/ILSVRC2012_val_00001274.JPEG,n01531178,11,goldfinch,0.9999959468841553,0.8186395764350891,0.8899087905883789
/mnt/sda2/datasets/imagenet1k/imagenet-nano3/val/n03459775/ILSVRC2012_val_00003517.JPEG,n03459775,581,grille,0.9358644485473633,0.8790152072906494,0.8409869074821472
/mnt/sda2/datasets/imagenet1k/imagenet-nano3/val/n02909870/ILSVRC2012_val_00000336.JPEG,n02909870,463,bucket,0.9934553503990173,0.7585965991020203,0.8135954141616821
/mnt/sda2/datasets/imagenet1k/imagenet-nano3/val/n03776460/ILSVRC2012_val_00021328.JPEG,n03776460,660,mobile_home,0.9989185333251953,0.8223270773887634,0.8520379066467285
/mnt/sda2/datasets/imagenet1k/imagenet-nano3/val/n03776460/ILSVRC2012_val_00022673.JPEG,n03776460,660,mobile_home,0.9927272796630859,0.8078429698944092,0.9064124822616577
/mnt/sda2/datasets/imagenet1k/imagenet-nano3/val/n01819313/ILSVRC2012_val_00045408.JPEG,n01819313,89,sulphur-crested_cockatoo,0.9999955892562866,0.7382491827011108,0.8878311514854431
/mnt/sda2/datasets/imagenet1k/imagenet-nano3/val/n03530642/ILSVRC2012_val_00009684.JPEG,n03530642,599,honeycomb,0.9749947190284729,0.8042380213737488,0.8169624209403992
/mnt/sda2/datasets/imagenet1k/imagenet-nano3/val/n02102480/ILSVRC2012_val_00019449.JPEG,n02102480,220,Sussex_spaniel,0.8751550316810608,0.8555715084075928,0.8261591196060181
/mnt/sda2/datasets/imagenet1k/imagenet-nano3/val/n02102480/ILSVRC2012_val_00004185.JPEG,n02102480,220,Sussex_spaniel,0.9984177350997925,0.7623279690742493,0.8189233541488647
/mnt/sda2/datasets/imagenet1k/imagenet-nano3/val/n02102480/ILSVRC2012_val_00020961.JPEG,n02102480,220,Sussex_spaniel,0.9999109506607056,0.7421819567680359,0.8564870357513428
/mnt/sda2/datasets/imagenet1k/imagenet-nano3/val/n07930864/ILSVRC2012_val_00015509.JPEG,n07930864,968,cup,0.8072149157524109,0.7983535528182983,0.9486843943595886
/mnt/sda2/datasets/imagenet1k/imagenet-nano3/val/n02640242/ILSVRC2012_val_00038973.JPEG,n02640242,394,sturgeon,0.9997493624687195,0.7924122214317322,0.9116116762161255
/mnt/sda2/datasets/imagenet1k/imagenet-nano3/val/n02640242/ILSVRC2012_val_00004574.JPEG,n02640242,394,sturgeon,0.9998020529747009,0.7795501947402954,0.8943781852722168
/mnt/sda2/datasets/imagenet1k/imagenet-nano3/val/n02317335/ILSVRC2012_val_00001161.JPEG,n02317335,327,starfish,0.9996274709701538,0.712421715259552,0.8816071152687073
/mnt/sda2/datasets/imagenet1k/imagenet-nano3/val/n02094258/ILSVRC2012_val_00042642.JPEG,n02094258,186,Norwich_terrier,0.9928469061851501,0.7895612120628357,0.8802344799041748
/mnt/sda2/datasets/imagenet1k/imagenet-nano3/val/n03617480/ILSVRC2012_val_00004848.JPEG,n03617480,614,kimono,0.9999322891235352,0.8582833409309387,0.9070886373519897
/mnt/sda2/datasets/imagenet1k/imagenet-nano3/val/n03617480/ILSVRC2012_val_00005093.JPEG,n03617480,614,kimono,0.9999918937683105,0.7475758194923401,0.8906443119049072
/mnt/sda2/datasets/imagenet1k/imagenet-nano3/val/n04111531/ILSVRC2012_val_00033304.JPEG,n04111531,766,rotisserie,0.9397612810134888,0.7196420431137085,0.8898183703422546
/mnt/sda2/datasets/imagenet1k/imagenet-nano3/val/n02095889/ILSVRC2012_val_00014477.JPEG,n02095889,190,Sealyham_terrier,0.9040051102638245,0.827551543712616,0.8152046799659729
/mnt/sda2/datasets/imagenet1k/imagenet-nano3/val/n07695742/ILSVRC2012_val_00025057.JPEG,n07695742,932,pretzel,0.9999902248382568,0.7859769463539124,0.8508967161178589
/mnt/sda2/datasets/imagenet1k/imagenet-nano3/val/n07695742/ILSVRC2012_val_00045165.JPEG,n07695742,932,pretzel,0.9999210834503174,0.8189300298690796,0.8651403784751892
/mnt/sda2/datasets/imagenet1k/imagenet-nano3/val/n04467665/ILSVRC2012_val_00041588.JPEG,n04467665,867,trailer_truck,0.9999035596847534,0.8572918772697449,0.890466570854187
/mnt/sda2/datasets/imagenet1k/imagenet-nano3/val/n04467665/ILSVRC2012_val_00014564.JPEG,n04467665,867,trailer_truck,0.876216471195221,0.7690272927284241,0.7849931120872498
/mnt/sda2/datasets/imagenet1k/imagenet-nano3/val/n03788365/ILSVRC2012_val_00003241.JPEG,n03788365,669,mosquito_net,0.9942446351051331,0.7663886547088623,0.8488488793373108
/mnt/sda2/datasets/imagenet1k/imagenet-nano3/val/n03788365/ILSVRC2012_val_00006572.JPEG,n03788365,669,mosquito_net,0.9842295050621033,0.773057222366333,0.8466042876243591
/mnt/sda2/datasets/imagenet1k/imagenet-nano3/val/n03788365/ILSVRC2012_val_00034671.JPEG,n03788365,669,mosquito_net,0.9979298114776611,0.8174629807472229,0.852247416973114
/mnt/sda2/datasets/imagenet1k/imagenet-nano3/val/n03544143/ILSVRC2012_val_00048860.JPEG,n03544143,604,hourglass,1.0,0.7123759388923645,0.9077802896499634
/mnt/sda2/datasets/imagenet1k/imagenet-nano3/val/n03733131/ILSVRC2012_val_00021102.JPEG,n03733131,645,maypole,0.9848169684410095,0.870215892791748,0.8662216067314148
/mnt/sda2/datasets/imagenet1k/imagenet-nano3/val/n03733131/ILSVRC2012_val_00044411.JPEG,n03733131,645,maypole,0.9993003606796265,0.7470276951789856,0.882224440574646
/mnt/sda2/datasets/imagenet1k/imagenet-nano3/val/n02125311/ILSVRC2012_val_00022007.JPEG,n02125311,286,cougar,0.9905933737754822,0.7416478395462036,0.8779854774475098
/mnt/sda2/datasets/imagenet1k/imagenet-nano3/val/n02125311/ILSVRC2012_val_00015558.JPEG,n02125311,286,cougar,0.9932383298873901,0.764222264289856,0.8585140705108643
/mnt/sda2/datasets/imagenet1k/imagenet-nano3/val/n02342885/ILSVRC2012_val_00001226.JPEG,n02342885,333,hamster,0.9999122619628906,0.7964203357696533,0.893244206905365
/mnt/sda2/datasets/imagenet1k/imagenet-nano3/val/n02342885/ILSVRC2012_val_00023034.JPEG,n02342885,333,hamster,0.9932646751403809,0.7688375115394592,0.842684805393219
/mnt/sda2/datasets/imagenet1k/imagenet-nano3/val/n02342885/ILSVRC2012_val_00047769.JPEG,n02342885,333,hamster,0.9987480640411377,0.7724997997283936,0.844968318939209
/mnt/sda2/datasets/imagenet1k/imagenet-nano3/val/n02837789/ILSVRC2012_val_00043179.JPEG,n02837789,445,bikini,0.9012022018432617,0.840842068195343,0.9220957159996033
/mnt/sda2/datasets/imagenet1k/imagenet-nano3/val/n03000247/ILSVRC2012_val_00022809.JPEG,n03000247,490,chain_mail,0.8187747597694397,0.776104211807251,0.8223752379417419
/mnt/sda2/datasets/imagenet1k/imagenet-nano3/val/n03000247/ILSVRC2012_val_00016036.JPEG,n03000247,490,chain_mail,0.9913747906684875,0.7752021551132202,0.9100315570831299
/mnt/sda2/datasets/imagenet1k/imagenet-nano3/val/n02091467/ILSVRC2012_val_00046530.JPEG,n02091467,174,Norwegian_elkhound,0.9983659386634827,0.8598387241363525,0.9096662402153015
/mnt/sda2/datasets/imagenet1k/imagenet-nano3/val/n02091467/ILSVRC2012_val_00047836.JPEG,n02091467,174,Norwegian_elkhound,0.719963014125824,0.758974015712738,0.8159056901931763
/mnt/sda2/datasets/imagenet1k/imagenet-nano3/val/n02091467/ILSVRC2012_val_00012351.JPEG,n02091467,174,Norwegian_elkhound,0.9999263286590576,0.7897458076477051,0.8668350577354431
/mnt/sda2/datasets/imagenet1k/imagenet-nano3/val/n04037443/ILSVRC2012_val_00001995.JPEG,n04037443,751,racer,0.9195161461830139,0.7706974744796753,0.845410168170929
/mnt/sda2/datasets/imagenet1k/imagenet-nano3/val/n02111889/ILSVRC2012_val_00033280.JPEG,n02111889,258,Samoyed,0.9989392161369324,0.8363209962844849,0.8971096873283386
/mnt/sda2/datasets/imagenet1k/imagenet-nano3/val/n02111889/ILSVRC2012_val_00033101.JPEG,n02111889,258,Samoyed,0.9998162388801575,0.8021387457847595,0.8611862659454346
/mnt/sda2/datasets/imagenet1k/imagenet-nano3/val/n02113978/ILSVRC2012_val_00039850.JPEG,n02113978,268,Mexican_hairless,0.9989217519760132,0.7712027430534363,0.8931251168251038
/mnt/sda2/datasets/imagenet1k/imagenet-nano3/val/n02113978/ILSVRC2012_val_00026509.JPEG,n02113978,268,Mexican_hairless,0.999473512172699,0.7751662135124207,0.8887748122215271
/mnt/sda2/datasets/imagenet1k/imagenet-nano3/val/n02105251/ILSVRC2012_val_00046402.JPEG,n02105251,226,briard,0.9969995617866516,0.7007084488868713,0.8688426613807678
/mnt/sda2/datasets/imagenet1k/imagenet-nano3/val/n02410509/ILSVRC2012_val_00009221.JPEG,n02410509,347,bison,0.9999793767929077,0.812779426574707,0.9207071661949158
/mnt/sda2/datasets/imagenet1k/imagenet-nano3/val/n02410509/ILSVRC2012_val_00048448.JPEG,n02410509,347,bison,0.9996689558029175,0.7230909466743469,0.8575236797332764
/mnt/sda2/datasets/imagenet1k/imagenet-nano3/val/n03690938/ILSVRC2012_val_00032861.JPEG,n03690938,631,lotion,0.9710727334022522,0.8156207203865051,0.8690930604934692
/mnt/sda2/datasets/imagenet1k/imagenet-nano3/val/n02814860/ILSVRC2012_val_00049827.JPEG,n02814860,437,beacon,0.9730642437934875,0.8372931480407715,0.8403251767158508
/mnt/sda2/datasets/imagenet1k/imagenet-nano3/val/n03673027/ILSVRC2012_val_00006026.JPEG,n03673027,628,liner,0.9809445142745972,0.7319501638412476,0.849742591381073
/mnt/sda2/datasets/imagenet1k/imagenet-nano3/val/n03673027/ILSVRC2012_val_00014164.JPEG,n03673027,628,liner,0.9657017588615417,0.7765273451805115,0.8715322613716125
/mnt/sda2/datasets/imagenet1k/imagenet-nano3/val/n03673027/ILSVRC2012_val_00036424.JPEG,n03673027,628,liner,0.948774516582489,0.8071111440658569,0.8691099286079407
/mnt/sda2/datasets/imagenet1k/imagenet-nano3/val/n03602883/ILSVRC2012_val_00021732.JPEG,n03602883,613,joystick,0.8207306861877441,0.853314995765686,0.9059247970581055
/mnt/sda2/datasets/imagenet1k/imagenet-nano3/val/n04086273/ILSVRC2012_val_00026654.JPEG,n04086273,763,revolver,0.9954766631126404,0.7915099859237671,0.9194567203521729
/mnt/sda2/datasets/imagenet1k/imagenet-nano3/val/n04086273/ILSVRC2012_val_00030717.JPEG,n04086273,763,revolver,0.9998571872711182,0.753947377204895,0.9010757803916931
/mnt/sda2/datasets/imagenet1k/imagenet-nano3/val/n02105056/ILSVRC2012_val_00032418.JPEG,n02105056,224,groenendael,0.9852607846260071,0.8423365354537964,0.9223880171775818
/mnt/sda2/datasets/imagenet1k/imagenet-nano3/val/n02105056/ILSVRC2012_val_00017554.JPEG,n02105056,224,groenendael,0.8210517764091492,0.7698085308074951,0.8766283988952637
/mnt/sda2/datasets/imagenet1k/imagenet-nano3/val/n03980874/ILSVRC2012_val_00047428.JPEG,n03980874,735,poncho,0.9936081171035767,0.7925195693969727,0.8279288411140442
/mnt/sda2/datasets/imagenet1k/imagenet-nano3/val/n03452741/ILSVRC2012_val_00006036.JPEG,n03452741,579,grand_piano,0.9999996423721313,0.8034071922302246,0.9302207827568054
/mnt/sda2/datasets/imagenet1k/imagenet-nano3/val/n03452741/ILSVRC2012_val_00007450.JPEG,n03452741,579,grand_piano,0.9999268054962158,0.7351643443107605,0.8986014127731323
/mnt/sda2/datasets/imagenet1k/imagenet-nano3/val/n02256656/ILSVRC2012_val_00017593.JPEG,n02256656,316,cicada,0.9999194145202637,0.7184799909591675,0.9187428951263428
/mnt/sda2/datasets/imagenet1k/imagenet-nano3/val/n02256656/ILSVRC2012_val_00010562.JPEG,n02256656,316,cicada,0.998812198638916,0.7089959979057312,0.9087907075881958
/mnt/sda2/datasets/imagenet1k/imagenet-nano3/val/n02256656/ILSVRC2012_val_00041431.JPEG,n02256656,316,cicada,0.9999477863311768,0.7180854678153992,0.9077620506286621
/mnt/sda2/datasets/imagenet1k/imagenet-nano3/val/n02051845/ILSVRC2012_val_00048664.JPEG,n02051845,144,pelican,0.9999967813491821,0.7936269044876099,0.8867446780204773
/mnt/sda2/datasets/imagenet1k/imagenet-nano3/val/n04456115/ILSVRC2012_val_00012862.JPEG,n04456115,862,torch,0.8690016865730286,0.8025379180908203,0.9610957503318787
/mnt/sda2/datasets/imagenet1k/imagenet-nano3/val/n04456115/ILSVRC2012_val_00045788.JPEG,n04456115,862,torch,0.887887179851532,0.836277961730957,0.8595048785209656
/mnt/sda2/datasets/imagenet1k/imagenet-nano3/val/n03042490/ILSVRC2012_val_00025402.JPEG,n03042490,500,cliff_dwelling,0.9981912970542908,0.7557064890861511,0.8866892457008362
/mnt/sda2/datasets/imagenet1k/imagenet-nano3/val/n03042490/ILSVRC2012_val_00030838.JPEG,n03042490,500,cliff_dwelling,0.996751070022583,0.8415893316268921,0.8543997406959534
/mnt/sda2/datasets/imagenet1k/imagenet-nano3/val/n07768694/ILSVRC2012_val_00036377.JPEG,n07768694,957,pomegranate,0.9370855689048767,0.7298703789710999,0.8043972253799438
/mnt/sda2/datasets/imagenet1k/imagenet-nano3/val/n02398521/ILSVRC2012_val_00025996.JPEG,n02398521,344,hippopotamus,0.9999020099639893,0.7469953298568726,0.8823637962341309
/mnt/sda2/datasets/imagenet1k/imagenet-nano3/val/n03888605/ILSVRC2012_val_00024084.JPEG,n03888605,702,parallel_bars,0.879073977470398,0.7682768702507019,0.7539473176002502
/mnt/sda2/datasets/imagenet1k/imagenet-nano3/val/n02128385/ILSVRC2012_val_00032718.JPEG,n02128385,288,leopard,0.8538743853569031,0.7934500575065613,0.9023842215538025
/mnt/sda2/datasets/imagenet1k/imagenet-nano3/val/n09256479/ILSVRC2012_val_00020575.JPEG,n09256479,973,coral_reef,0.9641433358192444,0.8475133180618286,0.7693567872047424
/mnt/sda2/datasets/imagenet1k/imagenet-nano3/val/n02111277/ILSVRC2012_val_00003242.JPEG,n02111277,256,Newfoundland,0.9821982979774475,0.8100373148918152,0.9175917506217957
/mnt/sda2/datasets/imagenet1k/imagenet-nano3/val/n07717556/ILSVRC2012_val_00007798.JPEG,n07717556,942,butternut_squash,0.9404705762863159,0.75694340467453,0.8586058020591736
/mnt/sda2/datasets/imagenet1k/imagenet-nano3/val/n07717556/ILSVRC2012_val_00017449.JPEG,n07717556,942,butternut_squash,0.9950897097587585,0.8172550201416016,0.858458399772644
/mnt/sda2/datasets/imagenet1k/imagenet-nano3/val/n01440764/ILSVRC2012_val_00046252.JPEG,n01440764,0,tench,0.9993138313293457,0.7855157852172852,0.8830234408378601
/mnt/sda2/datasets/imagenet1k/imagenet-nano3/val/n01440764/ILSVRC2012_val_00030740.JPEG,n01440764,0,tench,0.9988085031509399,0.8602083921432495,0.894354522228241
/mnt/sda2/datasets/imagenet1k/imagenet-nano3/val/n01494475/ILSVRC2012_val_00027160.JPEG,n01494475,4,hammerhead,0.9254878759384155,0.7029268145561218,0.8310084342956543
/mnt/sda2/datasets/imagenet1k/imagenet-nano3/val/n02100583/ILSVRC2012_val_00017439.JPEG,n02100583,211,vizsla,0.9659730792045593,0.7886936664581299,0.8742000460624695
/mnt/sda2/datasets/imagenet1k/imagenet-nano3/val/n03841143/ILSVRC2012_val_00023459.JPEG,n03841143,685,odometer,0.9999659061431885,0.7312520742416382,0.8824295401573181
/mnt/sda2/datasets/imagenet1k/imagenet-nano3/val/n03841143/ILSVRC2012_val_00014933.JPEG,n03841143,685,odometer,0.999772846698761,0.7162533402442932,0.8841190934181213
/mnt/sda2/datasets/imagenet1k/imagenet-nano3/val/n03841143/ILSVRC2012_val_00022072.JPEG,n03841143,685,odometer,0.999998927116394,0.7975003719329834,0.8914153575897217
/mnt/sda2/datasets/imagenet1k/imagenet-nano3/val/n03710193/ILSVRC2012_val_00032424.JPEG,n03710193,637,mailbox,0.9991053938865662,0.8258767127990723,0.8904590606689453
/mnt/sda2/datasets/imagenet1k/imagenet-nano3/val/n01930112/ILSVRC2012_val_00035048.JPEG,n01930112,111,nematode,0.9994805455207825,0.8677763342857361,0.9072844982147217
/mnt/sda2/datasets/imagenet1k/imagenet-nano3/val/n01930112/ILSVRC2012_val_00036635.JPEG,n01930112,111,nematode,0.99678635597229,0.8337653279304504,0.9030688405036926
/mnt/sda2/datasets/imagenet1k/imagenet-nano3/val/n01930112/ILSVRC2012_val_00002428.JPEG,n01930112,111,nematode,0.9999430179595947,0.8185762166976929,0.9266952872276306
/mnt/sda2/datasets/imagenet1k/imagenet-nano3/val/n02815834/ILSVRC2012_val_00037928.JPEG,n02815834,438,beaker,0.8296824097633362,0.7552970051765442,0.9729077219963074
/mnt/sda2/datasets/imagenet1k/imagenet-nano3/val/n09421951/ILSVRC2012_val_00028807.JPEG,n09421951,977,sandbar,0.9196081757545471,0.8085649013519287,0.8579979538917542
/mnt/sda2/datasets/imagenet1k/imagenet-nano3/val/n03271574/ILSVRC2012_val_00009217.JPEG,n03271574,545,electric_fan,0.9983616471290588,0.7175502777099609,0.802737832069397
/mnt/sda2/datasets/imagenet1k/imagenet-nano3/val/n03271574/ILSVRC2012_val_00012322.JPEG,n03271574,545,electric_fan,0.9999144077301025,0.7797349691390991,0.8977736234664917
/mnt/sda2/datasets/imagenet1k/imagenet-nano3/val/n03271574/ILSVRC2012_val_00043592.JPEG,n03271574,545,electric_fan,0.9995725750923157,0.8013288974761963,0.8826084136962891
/mnt/sda2/datasets/imagenet1k/imagenet-nano3/val/n02422106/ILSVRC2012_val_00023252.JPEG,n02422106,351,hartebeest,0.985403299331665,0.811378538608551,0.8813092112541199
/mnt/sda2/datasets/imagenet1k/imagenet-nano3/val/n02422106/ILSVRC2012_val_00047424.JPEG,n02422106,351,hartebeest,0.9973561763763428,0.7553402781486511,0.8762402534484863
/mnt/sda2/datasets/imagenet1k/imagenet-nano3/val/n02422106/ILSVRC2012_val_00018252.JPEG,n02422106,351,hartebeest,0.9911973476409912,0.7908031940460205,0.9063715934753418
/mnt/sda2/datasets/imagenet1k/imagenet-nano3/val/n03720891/ILSVRC2012_val_00049204.JPEG,n03720891,641,maraca,0.9303387999534607,0.7405008673667908,0.8787631392478943
/mnt/sda2/datasets/imagenet1k/imagenet-nano3/val/n03720891/ILSVRC2012_val_00001675.JPEG,n03720891,641,maraca,0.9998928308486938,0.7117836475372314,0.9182088375091553
/mnt/sda2/datasets/imagenet1k/imagenet-nano3/val/n03444034/ILSVRC2012_val_00005381.JPEG,n03444034,573,go-kart,0.9999107122421265,0.8014581799507141,0.9103736281394958
/mnt/sda2/datasets/imagenet1k/imagenet-nano3/val/n03444034/ILSVRC2012_val_00015002.JPEG,n03444034,573,go-kart,0.9962305426597595,0.8349708914756775,0.8952608108520508
/mnt/sda2/datasets/imagenet1k/imagenet-nano3/val/n04252225/ILSVRC2012_val_00025966.JPEG,n04252225,803,snowplow,0.9529291987419128,0.7126544117927551,0.8931848406791687
/mnt/sda2/datasets/imagenet1k/imagenet-nano3/val/n04548280/ILSVRC2012_val_00027315.JPEG,n04548280,892,wall_clock,0.7724055051803589,0.7465813159942627,0.8470680713653564
/mnt/sda2/datasets/imagenet1k/imagenet-nano3/val/n04548280/ILSVRC2012_val_00034303.JPEG,n04548280,892,wall_clock,0.9040113687515259,0.7239924073219299,0.8251490592956543
/mnt/sda2/datasets/imagenet1k/imagenet-nano3/val/n09193705/ILSVRC2012_val_00011306.JPEG,n09193705,970,alp,0.8117949366569519,0.8034300208091736,0.9075020551681519
/mnt/sda2/datasets/imagenet1k/imagenet-nano3/val/n09193705/ILSVRC2012_val_00003084.JPEG,n09193705,970,alp,0.8922039866447449,0.7728255391120911,0.8590607643127441
/mnt/sda2/datasets/imagenet1k/imagenet-nano3/val/n02808304/ILSVRC2012_val_00049724.JPEG,n02808304,434,bath_towel,0.9666070938110352,0.8471570014953613,0.8814966678619385
/mnt/sda2/datasets/imagenet1k/imagenet-nano3/val/n03345487/ILSVRC2012_val_00010690.JPEG,n03345487,555,fire_engine,0.9973576664924622,0.8135586977005005,0.8815209269523621
/mnt/sda2/datasets/imagenet1k/imagenet-nano3/val/n03345487/ILSVRC2012_val_00003016.JPEG,n03345487,555,fire_engine,0.9983966946601868,0.7638812065124512,0.901353120803833
/mnt/sda2/datasets/imagenet1k/imagenet-nano3/val/n02028035/ILSVRC2012_val_00034441.JPEG,n02028035,141,redshank,1.0,0.7740728855133057,0.8812558054924011
/mnt/sda2/datasets/imagenet1k/imagenet-nano3/val/n03938244/ILSVRC2012_val_00048945.JPEG,n03938244,721,pillow,0.9979092478752136,0.778865396976471,0.8460708260536194
/mnt/sda2/datasets/imagenet1k/imagenet-nano3/val/n03938244/ILSVRC2012_val_00001501.JPEG,n03938244,721,pillow,0.9956672191619873,0.8285933136940002,0.8471876978874207
/mnt/sda2/datasets/imagenet1k/imagenet-nano3/val/n01630670/ILSVRC2012_val_00023488.JPEG,n01630670,26,common_newt,0.8824565410614014,0.7221717238426208,0.8685036897659302
/mnt/sda2/datasets/imagenet1k/imagenet-nano3/val/n01630670/ILSVRC2012_val_00011650.JPEG,n01630670,26,common_newt,0.8976033926010132,0.7187148928642273,0.9097868800163269
/mnt/sda2/datasets/imagenet1k/imagenet-nano3/val/n04532106/ILSVRC2012_val_00020412.JPEG,n04532106,887,vestment,0.913933515548706,0.8640384674072266,0.9481891989707947
/mnt/sda2/datasets/imagenet1k/imagenet-nano3/val/n04310018/ILSVRC2012_val_00046166.JPEG,n04310018,820,steam_locomotive,0.9994202852249146,0.8080201148986816,0.8789949417114258
/mnt/sda2/datasets/imagenet1k/imagenet-nano3/val/n04310018/ILSVRC2012_val_00031692.JPEG,n04310018,820,steam_locomotive,0.9999785423278809,0.7748252153396606,0.9232332110404968
/mnt/sda2/datasets/imagenet1k/imagenet-nano3/val/n04310018/ILSVRC2012_val_00007826.JPEG,n04310018,820,steam_locomotive,0.9997209906578064,0.7080228328704834,0.8890109658241272
/mnt/sda2/datasets/imagenet1k/imagenet-nano3/val/n01443537/ILSVRC2012_val_00000994.JPEG,n01443537,1,goldfish,0.9998904466629028,0.843953549861908,0.8998563289642334
/mnt/sda2/datasets/imagenet1k/imagenet-nano3/val/n01443537/ILSVRC2012_val_00020822.JPEG,n01443537,1,goldfish,1.0,0.7212802767753601,0.9125322699546814
/mnt/sda2/datasets/imagenet1k/imagenet-nano3/val/n03724870/ILSVRC2012_val_00021800.JPEG,n03724870,643,mask,0.9839262366294861,0.7011580467224121,0.933659017086029
/mnt/sda2/datasets/imagenet1k/imagenet-nano3/val/n03724870/ILSVRC2012_val_00031381.JPEG,n03724870,643,mask,0.815544843673706,0.8025462031364441,0.886906087398529
/mnt/sda2/datasets/imagenet1k/imagenet-nano3/val/n04254680/ILSVRC2012_val_00002349.JPEG,n04254680,805,soccer_ball,0.9623132944107056,0.7847995758056641,0.9052121043205261
/mnt/sda2/datasets/imagenet1k/imagenet-nano3/val/n04254680/ILSVRC2012_val_00032634.JPEG,n04254680,805,soccer_ball,0.9998941421508789,0.7523798942565918,0.9199680089950562
/mnt/sda2/datasets/imagenet1k/imagenet-nano3/val/n04254680/ILSVRC2012_val_00033315.JPEG,n04254680,805,soccer_ball,0.9997707009315491,0.7716320753097534,0.9038035273551941
/mnt/sda2/datasets/imagenet1k/imagenet-nano3/val/n07753592/ILSVRC2012_val_00005177.JPEG,n07753592,954,banana,0.9905847907066345,0.7505027651786804,0.8476420044898987
/mnt/sda2/datasets/imagenet1k/imagenet-nano3/val/n02098286/ILSVRC2012_val_00036498.JPEG,n02098286,203,West_Highland_white_terrier,0.9972556233406067,0.8130106925964355,0.9197609424591064
/mnt/sda2/datasets/imagenet1k/imagenet-nano3/val/n02098286/ILSVRC2012_val_00008945.JPEG,n02098286,203,West_Highland_white_terrier,0.9166476130485535,0.7491818070411682,0.8583534955978394
/mnt/sda2/datasets/imagenet1k/imagenet-nano3/val/n09288635/ILSVRC2012_val_00043647.JPEG,n09288635,974,geyser,0.999975323677063,0.7763317227363586,0.8696392178535461
/mnt/sda2/datasets/imagenet1k/imagenet-nano3/val/n09288635/ILSVRC2012_val_00045179.JPEG,n09288635,974,geyser,0.9988691210746765,0.7857900261878967,0.8651421070098877
/mnt/sda2/datasets/imagenet1k/imagenet-nano3/val/n09288635/ILSVRC2012_val_00043251.JPEG,n09288635,974,geyser,0.9998903274536133,0.8348391056060791,0.8866897225379944
/mnt/sda2/datasets/imagenet1k/imagenet-nano3/val/n07745940/ILSVRC2012_val_00010616.JPEG,n07745940,949,strawberry,0.9735504388809204,0.8047131896018982,0.8699463605880737
/mnt/sda2/datasets/imagenet1k/imagenet-nano3/val/n07745940/ILSVRC2012_val_00000099.JPEG,n07745940,949,strawberry,0.9917752742767334,0.7771109938621521,0.8948983550071716
/mnt/sda2/datasets/imagenet1k/imagenet-nano3/val/n03085013/ILSVRC2012_val_00045039.JPEG,n03085013,508,computer_keyboard,0.8909207582473755,0.7337896823883057,0.732694149017334
/mnt/sda2/datasets/imagenet1k/imagenet-nano3/val/n03085013/ILSVRC2012_val_00007754.JPEG,n03085013,508,computer_keyboard,0.897084653377533,0.765889585018158,0.8698316812515259
/mnt/sda2/datasets/imagenet1k/imagenet-nano3/val/n03764736/ILSVRC2012_val_00044392.JPEG,n03764736,653,milk_can,0.997154951095581,0.7808295488357544,0.9074085354804993
/mnt/sda2/datasets/imagenet1k/imagenet-nano3/val/n09468604/ILSVRC2012_val_00026860.JPEG,n09468604,979,valley,0.8965727686882019,0.7372094988822937,0.9016265273094177
/mnt/sda2/datasets/imagenet1k/imagenet-nano3/val/n02102177/ILSVRC2012_val_00049642.JPEG,n02102177,218,Welsh_springer_spaniel,0.9937372207641602,0.7920821905136108,0.8713855147361755
/mnt/sda2/datasets/imagenet1k/imagenet-nano3/val/n04023962/ILSVRC2012_val_00008547.JPEG,n04023962,747,punching_bag,0.9884126782417297,0.8843037486076355,0.7513719797134399
/mnt/sda2/datasets/imagenet1k/imagenet-nano3/val/n04243546/ILSVRC2012_val_00016377.JPEG,n04243546,800,slot,0.9999874830245972,0.8229603171348572,0.8947495222091675
/mnt/sda2/datasets/imagenet1k/imagenet-nano3/val/n04243546/ILSVRC2012_val_00042864.JPEG,n04243546,800,slot,0.9792060852050781,0.7674604058265686,0.9000719785690308
/mnt/sda2/datasets/imagenet1k/imagenet-nano3/val/n04243546/ILSVRC2012_val_00019474.JPEG,n04243546,800,slot,0.9999972581863403,0.8324323296546936,0.9093709588050842
/mnt/sda2/datasets/imagenet1k/imagenet-nano3/val/n02641379/ILSVRC2012_val_00030098.JPEG,n02641379,395,gar,0.9816285371780396,0.7860615849494934,0.9371293783187866
/mnt/sda2/datasets/imagenet1k/imagenet-nano3/val/n04487081/ILSVRC2012_val_00005140.JPEG,n04487081,874,trolleybus,0.9677369594573975,0.7689142227172852,0.8612795472145081
/mnt/sda2/datasets/imagenet1k/imagenet-nano3/val/n04487081/ILSVRC2012_val_00032183.JPEG,n04487081,874,trolleybus,0.9997182488441467,0.8251421451568604,0.8973041772842407
/mnt/sda2/datasets/imagenet1k/imagenet-nano3/val/n04487081/ILSVRC2012_val_00023784.JPEG,n04487081,874,trolleybus,0.9811120629310608,0.7634340524673462,0.8953514099121094
/mnt/sda2/datasets/imagenet1k/imagenet-nano3/val/n04428191/ILSVRC2012_val_00036517.JPEG,n04428191,856,thresher,0.9582439064979553,0.824895977973938,0.822316586971283
/mnt/sda2/datasets/imagenet1k/imagenet-nano3/val/n12768682/ILSVRC2012_val_00026660.JPEG,n12768682,990,buckeye,0.9999996423721313,0.8349602818489075,0.895013689994812
/mnt/sda2/datasets/imagenet1k/imagenet-nano3/val/n12768682/ILSVRC2012_val_00048677.JPEG,n12768682,990,buckeye,0.9974766373634338,0.8170318603515625,0.8967854976654053
/mnt/sda2/datasets/imagenet1k/imagenet-nano3/val/n02776631/ILSVRC2012_val_00010307.JPEG,n02776631,415,bakery,0.7759470343589783,0.8594211339950562,0.9025837779045105
/mnt/sda2/datasets/imagenet1k/imagenet-nano3/val/n04613696/ILSVRC2012_val_00021122.JPEG,n04613696,915,yurt,0.9979896545410156,0.714680552482605,0.8876664638519287
/mnt/sda2/datasets/imagenet1k/imagenet-nano3/val/n04613696/ILSVRC2012_val_00022898.JPEG,n04613696,915,yurt,0.9997333884239197,0.7793588042259216,0.8592269420623779
/mnt/sda2/datasets/imagenet1k/imagenet-nano3/val/n04613696/ILSVRC2012_val_00026625.JPEG,n04613696,915,yurt,0.9999995231628418,0.7012481689453125,0.8870208859443665
/mnt/sda2/datasets/imagenet1k/imagenet-nano3/val/n02493793/ILSVRC2012_val_00039786.JPEG,n02493793,381,spider_monkey,0.8055371046066284,0.7126812934875488,0.764423668384552
/mnt/sda2/datasets/imagenet1k/imagenet-nano3/val/n02092002/ILSVRC2012_val_00013361.JPEG,n02092002,177,Scottish_deerhound,0.984730064868927,0.8360638618469238,0.7892230749130249
/mnt/sda2/datasets/imagenet1k/imagenet-nano3/val/n07720875/ILSVRC2012_val_00022634.JPEG,n07720875,945,bell_pepper,0.960371196269989,0.7097119688987732,0.861400306224823
/mnt/sda2/datasets/imagenet1k/imagenet-nano3/val/n01532829/ILSVRC2012_val_00043392.JPEG,n01532829,12,house_finch,0.9988596439361572,0.8514798879623413,0.9048759341239929
/mnt/sda2/datasets/imagenet1k/imagenet-nano3/val/n04562935/ILSVRC2012_val_00019418.JPEG,n04562935,900,water_tower,0.8113029599189758,0.7217904329299927,0.876742959022522
/mnt/sda2/datasets/imagenet1k/imagenet-nano3/val/n04562935/ILSVRC2012_val_00027928.JPEG,n04562935,900,water_tower,1.0,0.7211945056915283,0.9021144509315491
/mnt/sda2/datasets/imagenet1k/imagenet-nano3/val/n04562935/ILSVRC2012_val_00046961.JPEG,n04562935,900,water_tower,1.0,0.8133907914161682,0.8990269899368286
/mnt/sda2/datasets/imagenet1k/imagenet-nano3/val/n03347037/ILSVRC2012_val_00019549.JPEG,n03347037,556,fire_screen,0.9926046133041382,0.835115909576416,0.8982135653495789
/mnt/sda2/datasets/imagenet1k/imagenet-nano3/val/n07715103/ILSVRC2012_val_00028387.JPEG,n07715103,938,cauliflower,0.9999741315841675,0.7168552875518799,0.8896400332450867
/mnt/sda2/datasets/imagenet1k/imagenet-nano3/val/n02017213/ILSVRC2012_val_00046080.JPEG,n02017213,136,European_gallinule,0.9973130822181702,0.7197601795196533,0.895111083984375
/mnt/sda2/datasets/imagenet1k/imagenet-nano3/val/n02085936/ILSVRC2012_val_00015807.JPEG,n02085936,153,Maltese_dog,0.9767016172409058,0.7130899429321289,0.8585466146469116
/mnt/sda2/datasets/imagenet1k/imagenet-nano3/val/n03791053/ILSVRC2012_val_00030997.JPEG,n03791053,670,motor_scooter,0.9301174879074097,0.7183751463890076,0.7955668568611145
/mnt/sda2/datasets/imagenet1k/imagenet-nano3/val/n02129604/ILSVRC2012_val_00023810.JPEG,n02129604,292,tiger,0.9823562502861023,0.7029728889465332,0.8384698033332825
/mnt/sda2/datasets/imagenet1k/imagenet-nano3/val/n01770081/ILSVRC2012_val_00016507.JPEG,n01770081,70,harvestman,0.9999749660491943,0.7572448253631592,0.8925275802612305
/mnt/sda2/datasets/imagenet1k/imagenet-nano3/val/n01770081/ILSVRC2012_val_00016318.JPEG,n01770081,70,harvestman,0.9996486902236938,0.71123868227005,0.9054293036460876
/mnt/sda2/datasets/imagenet1k/imagenet-nano3/val/n01770081/ILSVRC2012_val_00017153.JPEG,n01770081,70,harvestman,0.9999912977218628,0.7241142988204956,0.8622452616691589
/mnt/sda2/datasets/imagenet1k/imagenet-nano3/val/n03218198/ILSVRC2012_val_00043958.JPEG,n03218198,537,dogsled,0.9187953472137451,0.7986354231834412,0.9141824841499329
/mnt/sda2/datasets/imagenet1k/imagenet-nano3/val/n03218198/ILSVRC2012_val_00033569.JPEG,n03218198,537,dogsled,0.9966296553611755,0.726669192314148,0.8451056480407715
/mnt/sda2/datasets/imagenet1k/imagenet-nano3/val/n02114855/ILSVRC2012_val_00032758.JPEG,n02114855,272,coyote,0.8866055607795715,0.7905161380767822,0.8888117671012878
/mnt/sda2/datasets/imagenet1k/imagenet-nano3/val/n03424325/ILSVRC2012_val_00023331.JPEG,n03424325,570,gasmask,0.9483959674835205,0.700357973575592,0.9220592975616455
/mnt/sda2/datasets/imagenet1k/imagenet-nano3/val/n02085782/ILSVRC2012_val_00033222.JPEG,n02085782,152,Japanese_spaniel,0.9735811352729797,0.7451809644699097,0.8591184020042419
/mnt/sda2/datasets/imagenet1k/imagenet-nano3/val/n02085782/ILSVRC2012_val_00033200.JPEG,n02085782,152,Japanese_spaniel,0.9854355454444885,0.7020308375358582,0.9023154973983765
/mnt/sda2/datasets/imagenet1k/imagenet-nano3/val/n02492660/ILSVRC2012_val_00041120.JPEG,n02492660,379,howler_monkey,0.8270414471626282,0.7353671193122864,0.9042995572090149
/mnt/sda2/datasets/imagenet1k/imagenet-nano3/val/n02093647/ILSVRC2012_val_00027241.JPEG,n02093647,181,Bedlington_terrier,0.9829241633415222,0.7587932348251343,0.9265275597572327
/mnt/sda2/datasets/imagenet1k/imagenet-nano3/val/n02093647/ILSVRC2012_val_00007892.JPEG,n02093647,181,Bedlington_terrier,0.9560351371765137,0.732498288154602,0.9311482310295105
/mnt/sda2/datasets/imagenet1k/imagenet-nano3/val/n02892201/ILSVRC2012_val_00022073.JPEG,n02892201,458,brass,0.9469079375267029,0.7912927269935608,0.8624899983406067
/mnt/sda2/datasets/imagenet1k/imagenet-nano3/val/n02892201/ILSVRC2012_val_00033978.JPEG,n02892201,458,brass,0.9502524137496948,0.9342457056045532,0.887763500213623
/mnt/sda2/datasets/imagenet1k/imagenet-nano3/val/n02892201/ILSVRC2012_val_00010510.JPEG,n02892201,458,brass,0.9904546141624451,0.7819764018058777,0.8376781940460205
/mnt/sda2/datasets/imagenet1k/imagenet-nano3/val/n02119789/ILSVRC2012_val_00017444.JPEG,n02119789,278,kit_fox,0.9224534630775452,0.7606886029243469,0.8670891523361206
/mnt/sda2/datasets/imagenet1k/imagenet-nano3/val/n03930313/ILSVRC2012_val_00042948.JPEG,n03930313,716,picket_fence,0.9720062017440796,0.7008978128433228,0.8317251205444336
/mnt/sda2/datasets/imagenet1k/imagenet-nano3/val/n03930313/ILSVRC2012_val_00000626.JPEG,n03930313,716,picket_fence,0.9502891302108765,0.8337714672088623,0.8967941403388977
/mnt/sda2/datasets/imagenet1k/imagenet-nano3/val/n03930313/ILSVRC2012_val_00015816.JPEG,n03930313,716,picket_fence,0.8839634656906128,0.7183928489685059,0.8453902006149292
/mnt/sda2/datasets/imagenet1k/imagenet-nano3/val/n02326432/ILSVRC2012_val_00024176.JPEG,n02326432,331,hare,0.9921543002128601,0.7520275712013245,0.8847876787185669
/mnt/sda2/datasets/imagenet1k/imagenet-nano3/val/n02326432/ILSVRC2012_val_00042759.JPEG,n02326432,331,hare,0.9998452663421631,0.7730473875999451,0.8925725221633911
/mnt/sda2/datasets/imagenet1k/imagenet-nano3/val/n02326432/ILSVRC2012_val_00038648.JPEG,n02326432,331,hare,0.9948628544807434,0.7809990644454956,0.8969593644142151
/mnt/sda2/datasets/imagenet1k/imagenet-nano3/val/n04429376/ILSVRC2012_val_00004328.JPEG,n04429376,857,throne,0.9798640012741089,0.774080216884613,0.9018728733062744
/mnt/sda2/datasets/imagenet1k/imagenet-nano3/val/n04429376/ILSVRC2012_val_00022850.JPEG,n04429376,857,throne,0.9971112012863159,0.7476949691772461,0.8691302537918091
/mnt/sda2/datasets/imagenet1k/imagenet-nano3/val/n04429376/ILSVRC2012_val_00019420.JPEG,n04429376,857,throne,0.9993472695350647,0.7528460621833801,0.8500570058822632
/mnt/sda2/datasets/imagenet1k/imagenet-nano3/val/n04229816/ILSVRC2012_val_00000550.JPEG,n04229816,796,ski_mask,0.9811582565307617,0.7095329761505127,0.8835593461990356
/mnt/sda2/datasets/imagenet1k/imagenet-nano3/val/n04229816/ILSVRC2012_val_00022708.JPEG,n04229816,796,ski_mask,0.9854017496109009,0.7068549394607544,0.895979106426239
/mnt/sda2/datasets/imagenet1k/imagenet-nano3/val/n04118776/ILSVRC2012_val_00022379.JPEG,n04118776,769,rule,0.7445474863052368,0.7508113980293274,0.7369214296340942
/mnt/sda2/datasets/imagenet1k/imagenet-nano3/val/n04118776/ILSVRC2012_val_00035583.JPEG,n04118776,769,rule,0.9946563243865967,0.8654701709747314,0.9070014357566833
/mnt/sda2/datasets/imagenet1k/imagenet-nano3/val/n04118776/ILSVRC2012_val_00001210.JPEG,n04118776,769,rule,0.9938023090362549,0.8473290205001831,0.8743967413902283
/mnt/sda2/datasets/imagenet1k/imagenet-nano3/val/n02102973/ILSVRC2012_val_00035887.JPEG,n02102973,221,Irish_water_spaniel,0.9922232031822205,0.7497619986534119,0.8015199303627014
/mnt/sda2/datasets/imagenet1k/imagenet-nano3/val/n02102973/ILSVRC2012_val_00018530.JPEG,n02102973,221,Irish_water_spaniel,0.9687749743461609,0.7028248310089111,0.8786181807518005
/mnt/sda2/datasets/imagenet1k/imagenet-nano3/val/n02102973/ILSVRC2012_val_00042733.JPEG,n02102973,221,Irish_water_spaniel,0.9934509992599487,0.7546064853668213,0.8965197801589966
/mnt/sda2/datasets/imagenet1k/imagenet-nano3/val/n03018349/ILSVRC2012_val_00010121.JPEG,n03018349,495,china_cabinet,0.9935933947563171,0.7729190587997437,0.900819718837738
/mnt/sda2/datasets/imagenet1k/imagenet-nano3/val/n02002556/ILSVRC2012_val_00046533.JPEG,n02002556,127,white_stork,0.9909378290176392,0.8031697273254395,0.8774215579032898
/mnt/sda2/datasets/imagenet1k/imagenet-nano3/val/n02002556/ILSVRC2012_val_00032643.JPEG,n02002556,127,white_stork,0.9795982241630554,0.7621191143989563,0.7513304948806763
/mnt/sda2/datasets/imagenet1k/imagenet-nano3/val/n10148035/ILSVRC2012_val_00013819.JPEG,n10148035,982,groom,0.9372712969779968,0.8523494601249695,0.9178847074508667
/mnt/sda2/datasets/imagenet1k/imagenet-nano3/val/n03929855/ILSVRC2012_val_00042651.JPEG,n03929855,715,pickelhaube,0.9997172951698303,0.7659229040145874,0.896730899810791
/mnt/sda2/datasets/imagenet1k/imagenet-nano3/val/n03929855/ILSVRC2012_val_00025618.JPEG,n03929855,715,pickelhaube,0.9959922432899475,0.7138811349868774,0.7712031006813049
/mnt/sda2/datasets/imagenet1k/imagenet-nano3/val/n03929855/ILSVRC2012_val_00001994.JPEG,n03929855,715,pickelhaube,0.9994223117828369,0.8143274188041687,0.8511938452720642
/mnt/sda2/datasets/imagenet1k/imagenet-nano3/val/n02113186/ILSVRC2012_val_00008973.JPEG,n02113186,264,Cardigan,0.8511667251586914,0.9183160066604614,0.8431270122528076
/mnt/sda2/datasets/imagenet1k/imagenet-nano3/val/n02134084/ILSVRC2012_val_00007713.JPEG,n02134084,296,ice_bear,0.979749321937561,0.7690179944038391,0.9147204756736755
/mnt/sda2/datasets/imagenet1k/imagenet-nano3/val/n02134084/ILSVRC2012_val_00030704.JPEG,n02134084,296,ice_bear,0.99997878074646,0.8511794209480286,0.9059926867485046
/mnt/sda2/datasets/imagenet1k/imagenet-nano3/val/n02134084/ILSVRC2012_val_00021889.JPEG,n02134084,296,ice_bear,0.975471019744873,0.7923861742019653,0.9339637160301208
/mnt/sda2/datasets/imagenet1k/imagenet-nano3/val/n07717410/ILSVRC2012_val_00019317.JPEG,n07717410,941,acorn_squash,0.9992555975914001,0.7960572838783264,0.9061957597732544
/mnt/sda2/datasets/imagenet1k/imagenet-nano3/val/n07717410/ILSVRC2012_val_00040432.JPEG,n07717410,941,acorn_squash,0.7992516756057739,0.711182713508606,0.8884385228157043
/mnt/sda2/datasets/imagenet1k/imagenet-nano3/val/n07717410/ILSVRC2012_val_00025236.JPEG,n07717410,941,acorn_squash,0.8709614872932434,0.7108879685401917,0.733039915561676
/mnt/sda2/datasets/imagenet1k/imagenet-nano3/val/n02690373/ILSVRC2012_val_00047829.JPEG,n02690373,404,airliner,0.9854028224945068,0.7199322581291199,0.8406240344047546
/mnt/sda2/datasets/imagenet1k/imagenet-nano3/val/n03187595/ILSVRC2012_val_00023321.JPEG,n03187595,528,dial_telephone,0.999994158744812,0.8388593196868896,0.9178739786148071
/mnt/sda2/datasets/imagenet1k/imagenet-nano3/val/n03187595/ILSVRC2012_val_00013729.JPEG,n03187595,528,dial_telephone,0.9918683767318726,0.7834951281547546,0.92756187915802
/mnt/sda2/datasets/imagenet1k/imagenet-nano3/val/n03187595/ILSVRC2012_val_00020238.JPEG,n03187595,528,dial_telephone,0.9990136623382568,0.7235805988311768,0.8899449706077576
/mnt/sda2/datasets/imagenet1k/imagenet-nano3/val/n01796340/ILSVRC2012_val_00045392.JPEG,n01796340,81,ptarmigan,0.9999938011169434,0.7318065762519836,0.8781209588050842
/mnt/sda2/datasets/imagenet1k/imagenet-nano3/val/n01796340/ILSVRC2012_val_00031432.JPEG,n01796340,81,ptarmigan,0.9997844099998474,0.7040062546730042,0.8417382836341858
/mnt/sda2/datasets/imagenet1k/imagenet-nano3/val/n02112137/ILSVRC2012_val_00020728.JPEG,n02112137,260,chow,0.957325279712677,0.8534907698631287,0.8982702493667603
/mnt/sda2/datasets/imagenet1k/imagenet-nano3/val/n02112137/ILSVRC2012_val_00034735.JPEG,n02112137,260,chow,0.9999107122421265,0.8357858061790466,0.8960848450660706
/mnt/sda2/datasets/imagenet1k/imagenet-nano3/val/n04487394/ILSVRC2012_val_00029358.JPEG,n04487394,875,trombone,0.9469972848892212,0.7889385223388672,0.8674614429473877
/mnt/sda2/datasets/imagenet1k/imagenet-nano3/val/n04487394/ILSVRC2012_val_00029574.JPEG,n04487394,875,trombone,0.7785059809684753,0.7435712814331055,0.8573426008224487
/mnt/sda2/datasets/imagenet1k/imagenet-nano3/val/n02174001/ILSVRC2012_val_00003572.JPEG,n02174001,306,rhinoceros_beetle,0.9998822212219238,0.7121908664703369,0.8973476886749268
/mnt/sda2/datasets/imagenet1k/imagenet-nano3/val/n01883070/ILSVRC2012_val_00047920.JPEG,n01883070,106,wombat,0.9919931888580322,0.7283667325973511,0.8958879113197327
/mnt/sda2/datasets/imagenet1k/imagenet-nano3/val/n01883070/ILSVRC2012_val_00033576.JPEG,n01883070,106,wombat,0.9418879747390747,0.7391996383666992,0.7957557439804077
/mnt/sda2/datasets/imagenet1k/imagenet-nano3/val/n02105162/ILSVRC2012_val_00013763.JPEG,n02105162,225,malinois,0.9990023970603943,0.8436771035194397,0.8962209224700928
/mnt/sda2/datasets/imagenet1k/imagenet-nano3/val/n02105162/ILSVRC2012_val_00013248.JPEG,n02105162,225,malinois,0.9915180802345276,0.7755553722381592,0.9144824743270874
/mnt/sda2/datasets/imagenet1k/imagenet-nano3/val/n03404251/ILSVRC2012_val_00005864.JPEG,n03404251,568,fur_coat,0.9998947381973267,0.768215000629425,0.8516465425491333
/mnt/sda2/datasets/imagenet1k/imagenet-nano3/val/n03404251/ILSVRC2012_val_00022952.JPEG,n03404251,568,fur_coat,0.999460756778717,0.7823081612586975,0.8947509527206421
/mnt/sda2/datasets/imagenet1k/imagenet-nano3/val/n04372370/ILSVRC2012_val_00017546.JPEG,n04372370,844,switch,0.9998880624771118,0.81437087059021,0.9065717458724976
/mnt/sda2/datasets/imagenet1k/imagenet-nano3/val/n04372370/ILSVRC2012_val_00024696.JPEG,n04372370,844,switch,0.9390608668327332,0.7481898665428162,0.9205306768417358
/mnt/sda2/datasets/imagenet1k/imagenet-nano3/val/n02085620/ILSVRC2012_val_00031154.JPEG,n02085620,151,Chihuahua,0.9936493039131165,0.7196189761161804,0.9535701274871826
/mnt/sda2/datasets/imagenet1k/imagenet-nano3/val/n02027492/ILSVRC2012_val_00018099.JPEG,n02027492,140,red-backed_sandpiper,0.9748926162719727,0.8070682287216187,0.8919764757156372
/mnt/sda2/datasets/imagenet1k/imagenet-nano3/val/n01601694/ILSVRC2012_val_00008816.JPEG,n01601694,20,water_ouzel,0.9998838901519775,0.7062225341796875,0.8876895904541016
/mnt/sda2/datasets/imagenet1k/imagenet-nano3/val/n01833805/ILSVRC2012_val_00023796.JPEG,n01833805,94,hummingbird,0.9981561303138733,0.7110485434532166,0.8831003308296204
/mnt/sda2/datasets/imagenet1k/imagenet-nano3/val/n01833805/ILSVRC2012_val_00025449.JPEG,n01833805,94,hummingbird,0.9985847473144531,0.7749000787734985,0.8970447182655334
/mnt/sda2/datasets/imagenet1k/imagenet-nano3/val/n01924916/ILSVRC2012_val_00037245.JPEG,n01924916,110,flatworm,0.9751002192497253,0.7673438787460327,0.7910269498825073
/mnt/sda2/datasets/imagenet1k/imagenet-nano3/val/n02098413/ILSVRC2012_val_00001955.JPEG,n02098413,204,Lhasa,0.8712720274925232,0.7039628624916077,0.8737648129463196
/mnt/sda2/datasets/imagenet1k/imagenet-nano3/val/n02071294/ILSVRC2012_val_00040408.JPEG,n02071294,148,killer_whale,0.999994158744812,0.8077765703201294,0.8846727609634399
/mnt/sda2/datasets/imagenet1k/imagenet-nano3/val/n01629819/ILSVRC2012_val_00049244.JPEG,n01629819,25,European_fire_salamander,0.9898738861083984,0.7067729830741882,0.9015018343925476
/mnt/sda2/datasets/imagenet1k/imagenet-nano3/val/n01774750/ILSVRC2012_val_00035080.JPEG,n01774750,76,tarantula,0.9999866485595703,0.7378683686256409,0.8985274434089661
/mnt/sda2/datasets/imagenet1k/imagenet-nano3/val/n02480855/ILSVRC2012_val_00011482.JPEG,n02480855,366,gorilla,0.9417782425880432,0.8283876776695251,0.8122321963310242
/mnt/sda2/datasets/imagenet1k/imagenet-nano3/val/n02480855/ILSVRC2012_val_00049323.JPEG,n02480855,366,gorilla,0.9977947473526001,0.8459106087684631,0.8847752213478088
/mnt/sda2/datasets/imagenet1k/imagenet-nano3/val/n01677366/ILSVRC2012_val_00033961.JPEG,n01677366,39,common_iguana,0.9998624324798584,0.7248233556747437,0.9074331521987915
/mnt/sda2/datasets/imagenet1k/imagenet-nano3/val/n01872401/ILSVRC2012_val_00047972.JPEG,n01872401,102,echidna,0.9998024106025696,0.7009289860725403,0.8693445324897766
/mnt/sda2/datasets/imagenet1k/imagenet-nano3/val/n04507155/ILSVRC2012_val_00040204.JPEG,n04507155,879,umbrella,0.9970362186431885,0.913088321685791,0.8868900537490845
/mnt/sda2/datasets/imagenet1k/imagenet-nano3/val/n04507155/ILSVRC2012_val_00014772.JPEG,n04507155,879,umbrella,0.9858600497245789,0.839591920375824,0.9322726726531982
/mnt/sda2/datasets/imagenet1k/imagenet-nano3/val/n04507155/ILSVRC2012_val_00017824.JPEG,n04507155,879,umbrella,0.8105152249336243,0.7956764101982117,0.9101071953773499
/mnt/sda2/datasets/imagenet1k/imagenet-nano3/val/n02687172/ILSVRC2012_val_00001583.JPEG,n02687172,403,aircraft_carrier,0.9853159785270691,0.744278609752655,0.8752909302711487
/mnt/sda2/datasets/imagenet1k/imagenet-nano3/val/n02132136/ILSVRC2012_val_00031253.JPEG,n02132136,294,brown_bear,0.9987823367118835,0.70325767993927,0.8181018233299255
/mnt/sda2/datasets/imagenet1k/imagenet-nano3/val/n02132136/ILSVRC2012_val_00043182.JPEG,n02132136,294,brown_bear,0.9982991814613342,0.8120360970497131,0.8818560242652893
/mnt/sda2/datasets/imagenet1k/imagenet-nano3/val/n02132136/ILSVRC2012_val_00031645.JPEG,n02132136,294,brown_bear,0.8332456946372986,0.7633090615272522,0.9068262577056885
/mnt/sda2/datasets/imagenet1k/imagenet-nano3/val/n01829413/ILSVRC2012_val_00044209.JPEG,n01829413,93,hornbill,0.7041086554527283,0.724102795124054,0.9141431450843811
/mnt/sda2/datasets/imagenet1k/imagenet-nano3/val/n01829413/ILSVRC2012_val_00043635.JPEG,n01829413,93,hornbill,0.9957068562507629,0.749908983707428,0.8624399900436401
/mnt/sda2/datasets/imagenet1k/imagenet-nano3/val/n09229709/ILSVRC2012_val_00036556.JPEG,n09229709,971,bubble,0.9998294115066528,0.845399796962738,0.9062641859054565
/mnt/sda2/datasets/imagenet1k/imagenet-nano3/val/n02100877/ILSVRC2012_val_00041746.JPEG,n02100877,213,Irish_setter,0.997461199760437,0.7049018144607544,0.7251900434494019
/mnt/sda2/datasets/imagenet1k/imagenet-nano3/val/n02100877/ILSVRC2012_val_00003516.JPEG,n02100877,213,Irish_setter,0.9812086820602417,0.8286668062210083,0.8756475448608398
/mnt/sda2/datasets/imagenet1k/imagenet-nano3/val/n02791270/ILSVRC2012_val_00044193.JPEG,n02791270,424,barbershop,0.9866815805435181,0.8988803029060364,0.8475366830825806
/mnt/sda2/datasets/imagenet1k/imagenet-nano3/val/n02992211/ILSVRC2012_val_00047772.JPEG,n02992211,486,cello,0.9932154417037964,0.7597320675849915,0.9063960313796997
/mnt/sda2/datasets/imagenet1k/imagenet-nano3/val/n02992211/ILSVRC2012_val_00013202.JPEG,n02992211,486,cello,0.9974640607833862,0.7892884612083435,0.8835351467132568
/mnt/sda2/datasets/imagenet1k/imagenet-nano3/val/n02492035/ILSVRC2012_val_00041232.JPEG,n02492035,378,capuchin,0.7282785773277283,0.7343772649765015,0.9306977987289429
/mnt/sda2/datasets/imagenet1k/imagenet-nano3/val/n12057211/ILSVRC2012_val_00046332.JPEG,n12057211,986,yellow_lady's_slipper,1.0,0.7062907814979553,0.9094464182853699
/mnt/sda2/datasets/imagenet1k/imagenet-nano3/val/n04442312/ILSVRC2012_val_00015352.JPEG,n04442312,859,toaster,0.9909987449645996,0.8290752172470093,0.9490669369697571
/mnt/sda2/datasets/imagenet1k/imagenet-nano3/val/n04442312/ILSVRC2012_val_00001572.JPEG,n04442312,859,toaster,0.9871019721031189,0.8402480483055115,0.9087514281272888
/mnt/sda2/datasets/imagenet1k/imagenet-nano3/val/n03785016/ILSVRC2012_val_00006596.JPEG,n03785016,665,moped,0.8314411640167236,0.8629209399223328,0.9115543365478516
/mnt/sda2/datasets/imagenet1k/imagenet-nano3/val/n02797295/ILSVRC2012_val_00009500.JPEG,n02797295,428,barrow,0.8479112386703491,0.8411306142807007,0.8482235074043274
/mnt/sda2/datasets/imagenet1k/imagenet-nano3/val/n02797295/ILSVRC2012_val_00019109.JPEG,n02797295,428,barrow,0.9962552785873413,0.7769521474838257,0.8573710918426514
/mnt/sda2/datasets/imagenet1k/imagenet-nano3/val/n02797295/ILSVRC2012_val_00032004.JPEG,n02797295,428,barrow,0.9793581366539001,0.7621806859970093,0.901091456413269
/mnt/sda2/datasets/imagenet1k/imagenet-nano3/val/n02395406/ILSVRC2012_val_00003973.JPEG,n02395406,341,hog,0.9984519481658936,0.7588529586791992,0.8967419862747192
/mnt/sda2/datasets/imagenet1k/imagenet-nano3/val/n02395406/ILSVRC2012_val_00023420.JPEG,n02395406,341,hog,0.8326408267021179,0.9403417110443115,0.8709236979484558
/mnt/sda2/datasets/imagenet1k/imagenet-nano3/val/n02488291/ILSVRC2012_val_00025546.JPEG,n02488291,374,langur,0.9995738863945007,0.7633983492851257,0.8771636486053467
/mnt/sda2/datasets/imagenet1k/imagenet-nano3/val/n12620546/ILSVRC2012_val_00019783.JPEG,n12620546,989,hip,0.9999996423721313,0.7530746459960938,0.8699533939361572
