Image Path,Class,Class ID,Class Label,Score resnet101,Score convnext_base,Score vit_l_32
/mnt/sda2/datasets/imagenet1k/imagenet-nano3/val/n01592084/ILSVRC2012_val_00017017.JPEG,n01592084,19,chickadee,0.8425356149673462,0.7118668556213379,0.8919846415519714
/mnt/sda2/datasets/imagenet1k/imagenet-nano3/val/n02012849/ILSVRC2012_val_00006144.JPEG,n02012849,134,crane,0.8289051651954651,0.7674380540847778,0.8984955549240112
/mnt/sda2/datasets/imagenet1k/imagenet-nano3/val/n02012849/ILSVRC2012_val_00006711.JPEG,n02012849,134,crane,0.7289288640022278,0.8107000589370728,0.8691385388374329
/mnt/sda2/datasets/imagenet1k/imagenet-nano3/val/n02536864/ILSVRC2012_val_00005190.JPEG,n02536864,391,coho,0.7751989960670471,0.7404170632362366,0.8911047577857971
/mnt/sda2/datasets/imagenet1k/imagenet-nano3/val/n02536864/ILSVRC2012_val_00006292.JPEG,n02536864,391,coho,0.7457906603813171,0.7489866614341736,0.8712964653968811
/mnt/sda2/datasets/imagenet1k/imagenet-nano3/val/n01985128/ILSVRC2012_val_00001956.JPEG,n01985128,124,crayfish,0.7876512408256531,0.822528600692749,0.8299980163574219
/mnt/sda2/datasets/imagenet1k/imagenet-nano3/val/n02692877/ILSVRC2012_val_00031986.JPEG,n02692877,405,airship,0.7443838715553284,0.8750213980674744,0.8953660726547241
/mnt/sda2/datasets/imagenet1k/imagenet-nano3/val/n02692877/ILSVRC2012_val_00039339.JPEG,n02692877,405,airship,0.8666269183158875,0.7318211793899536,0.8802118301391602
/mnt/sda2/datasets/imagenet1k/imagenet-nano3/val/n02692877/ILSVRC2012_val_00018959.JPEG,n02692877,405,airship,0.7674646377563477,0.792787492275238,0.8859973549842834
/mnt/sda2/datasets/imagenet1k/imagenet-nano3/val/n02096585/ILSVRC2012_val_00039926.JPEG,n02096585,195,Boston_bull,0.7466787099838257,0.8354547619819641,0.8128156661987305
/mnt/sda2/datasets/imagenet1k/imagenet-nano3/val/n03947888/ILSVRC2012_val_00003230.JPEG,n03947888,724,pirate,0.783141016960144,0.7356910705566406,0.7095765471458435
/mnt/sda2/datasets/imagenet1k/imagenet-nano3/val/n01877812/ILSVRC2012_val_00040619.JPEG,n01877812,104,wallaby,0.8212152719497681,0.7236912250518799,0.9003108143806458
/mnt/sda2/datasets/imagenet1k/imagenet-nano3/val/n01877812/ILSVRC2012_val_00022626.JPEG,n01877812,104,wallaby,0.8152301907539368,0.8501107692718506,0.9210261106491089
/mnt/sda2/datasets/imagenet1k/imagenet-nano3/val/n04146614/ILSVRC2012_val_00031163.JPEG,n04146614,779,school_bus,0.8122265338897705,0.7772509455680847,0.916852593421936
/mnt/sda2/datasets/imagenet1k/imagenet-nano3/val/n04146614/ILSVRC2012_val_00016837.JPEG,n04146614,779,school_bus,0.8129673600196838,0.7079689502716064,0.8923405408859253
/mnt/sda2/datasets/imagenet1k/imagenet-nano3/val/n01518878/ILSVRC2012_val_00008294.JPEG,n01518878,9,ostrich,0.8444650173187256,0.7884944677352905,0.8721117973327637
/mnt/sda2/datasets/imagenet1k/imagenet-nano3/val/n01518878/ILSVRC2012_val_00048600.JPEG,n01518878,9,ostrich,0.7904049754142761,0.7995553016662598,0.9599692821502686
/mnt/sda2/datasets/imagenet1k/imagenet-nano3/val/n02814533/ILSVRC2012_val_00015651.JPEG,n02814533,436,beach_wagon,0.8044596314430237,0.7378723621368408,0.8842917084693909
/mnt/sda2/datasets/imagenet1k/imagenet-nano3/val/n04049303/ILSVRC2012_val_00034588.JPEG,n04049303,756,rain_barrel,0.8754254579544067,0.7191708087921143,0.8428482413291931
/mnt/sda2/datasets/imagenet1k/imagenet-nano3/val/n04049303/ILSVRC2012_val_00046223.JPEG,n04049303,756,rain_barrel,0.7277470827102661,0.7317814230918884,0.7838966250419617
/mnt/sda2/datasets/imagenet1k/imagenet-nano3/val/n02328150/ILSVRC2012_val_00015997.JPEG,n02328150,332,Angora,0.8387390971183777,0.771608829498291,0.8867671489715576
/mnt/sda2/datasets/imagenet1k/imagenet-nano3/val/n02328150/ILSVRC2012_val_00003933.JPEG,n02328150,332,Angora,0.8814272880554199,0.73366379737854,0.9006842970848083
/mnt/sda2/datasets/imagenet1k/imagenet-nano3/val/n02869837/ILSVRC2012_val_00016726.JPEG,n02869837,452,bonnet,0.9257478713989258,0.8609796166419983,0.8420207500457764
/mnt/sda2/datasets/imagenet1k/imagenet-nano3/val/n02869837/ILSVRC2012_val_00015695.JPEG,n02869837,452,bonnet,0.939507007598877,0.8259118795394897,0.9379023313522339
/mnt/sda2/datasets/imagenet1k/imagenet-nano3/val/n03788195/ILSVRC2012_val_00005980.JPEG,n03788195,668,mosque,0.7824196219444275,0.8466175198554993,0.8557997941970825
/mnt/sda2/datasets/imagenet1k/imagenet-nano3/val/n03680355/ILSVRC2012_val_00007565.JPEG,n03680355,630,Loafer,0.8078730702400208,0.7114261388778687,0.8864715099334717
/mnt/sda2/datasets/imagenet1k/imagenet-nano3/val/n03680355/ILSVRC2012_val_00043783.JPEG,n03680355,630,Loafer,0.8470888137817383,0.7421073913574219,0.9057241678237915
/mnt/sda2/datasets/imagenet1k/imagenet-nano3/val/n03208938/ILSVRC2012_val_00014377.JPEG,n03208938,535,disk_brake,0.8496888875961304,0.8864455223083496,0.865387499332428
/mnt/sda2/datasets/imagenet1k/imagenet-nano3/val/n03208938/ILSVRC2012_val_00015384.JPEG,n03208938,535,disk_brake,0.794053852558136,0.7606898546218872,0.949010968208313
/mnt/sda2/datasets/imagenet1k/imagenet-nano3/val/n04019541/ILSVRC2012_val_00002750.JPEG,n04019541,746,puck,0.765296220779419,0.8060130476951599,0.8809696435928345
/mnt/sda2/datasets/imagenet1k/imagenet-nano3/val/n04019541/ILSVRC2012_val_00004469.JPEG,n04019541,746,puck,0.7641191482543945,0.8269134759902954,0.9193052649497986
/mnt/sda2/datasets/imagenet1k/imagenet-nano3/val/n04019541/ILSVRC2012_val_00035285.JPEG,n04019541,746,puck,0.8479681611061096,0.8282402753829956,0.8601449728012085
/mnt/sda2/datasets/imagenet1k/imagenet-nano3/val/n02992529/ILSVRC2012_val_00020233.JPEG,n02992529,487,cellular_telephone,0.7197142839431763,0.8434940576553345,0.9473196268081665
/mnt/sda2/datasets/imagenet1k/imagenet-nano3/val/n07716906/ILSVRC2012_val_00011140.JPEG,n07716906,940,spaghetti_squash,0.8568240404129028,0.8542026281356812,0.9093246459960938
/mnt/sda2/datasets/imagenet1k/imagenet-nano3/val/n04346328/ILSVRC2012_val_00016767.JPEG,n04346328,832,stupa,0.7827711701393127,0.7446593046188354,0.9103626012802124
/mnt/sda2/datasets/imagenet1k/imagenet-nano3/val/n04346328/ILSVRC2012_val_00011607.JPEG,n04346328,832,stupa,0.8262357711791992,0.807201623916626,0.8105247616767883
/mnt/sda2/datasets/imagenet1k/imagenet-nano3/val/n02056570/ILSVRC2012_val_00043717.JPEG,n02056570,145,king_penguin,0.7230679988861084,0.7549301981925964,0.9016242027282715
/mnt/sda2/datasets/imagenet1k/imagenet-nano3/val/n02056570/ILSVRC2012_val_00039797.JPEG,n02056570,145,king_penguin,0.7924978733062744,0.7307192087173462,0.8868394494056702
/mnt/sda2/datasets/imagenet1k/imagenet-nano3/val/n02056570/ILSVRC2012_val_00008279.JPEG,n02056570,145,king_penguin,0.7190756797790527,0.8321713209152222,0.8932170867919922
/mnt/sda2/datasets/imagenet1k/imagenet-nano3/val/n03000684/ILSVRC2012_val_00025878.JPEG,n03000684,491,chain_saw,0.8307669758796692,0.7285345792770386,0.9210795164108276
/mnt/sda2/datasets/imagenet1k/imagenet-nano3/val/n01687978/ILSVRC2012_val_00041169.JPEG,n01687978,42,agama,0.7924103140830994,0.7708649635314941,0.902076780796051
/mnt/sda2/datasets/imagenet1k/imagenet-nano3/val/n03062245/ILSVRC2012_val_00008603.JPEG,n03062245,503,cocktail_shaker,0.885346531867981,0.8148744106292725,0.9085668921470642
/mnt/sda2/datasets/imagenet1k/imagenet-nano3/val/n04258138/ILSVRC2012_val_00002445.JPEG,n04258138,807,solar_dish,0.8257371783256531,0.7790849804878235,0.8984637260437012
/mnt/sda2/datasets/imagenet1k/imagenet-nano3/val/n04366367/ILSVRC2012_val_00040521.JPEG,n04366367,839,suspension_bridge,0.8197041749954224,0.7296045422554016,0.834943413734436
/mnt/sda2/datasets/imagenet1k/imagenet-nano3/val/n03126707/ILSVRC2012_val_00044118.JPEG,n03126707,517,crane,0.8269516229629517,0.8182414174079895,0.9193918108940125
/mnt/sda2/datasets/imagenet1k/imagenet-nano3/val/n03126707/ILSVRC2012_val_00002689.JPEG,n03126707,517,crane,0.72702956199646,0.7914732098579407,0.8162431716918945
/mnt/sda2/datasets/imagenet1k/imagenet-nano3/val/n04371774/ILSVRC2012_val_00041637.JPEG,n04371774,843,swing,0.9715287685394287,0.8206299543380737,0.8972750902175903
/mnt/sda2/datasets/imagenet1k/imagenet-nano3/val/n04065272/ILSVRC2012_val_00026802.JPEG,n04065272,757,recreational_vehicle,0.8393926620483398,0.7928400635719299,0.9004606008529663
/mnt/sda2/datasets/imagenet1k/imagenet-nano3/val/n04065272/ILSVRC2012_val_00028509.JPEG,n04065272,757,recreational_vehicle,0.825759768486023,0.7838002443313599,0.8107746839523315
/mnt/sda2/datasets/imagenet1k/imagenet-nano3/val/n02093256/ILSVRC2012_val_00032018.JPEG,n02093256,179,Staffordshire_bullterrier,0.8562589287757874,0.8457540273666382,0.9280902743339539
/mnt/sda2/datasets/imagenet1k/imagenet-nano3/val/n02093256/ILSVRC2012_val_00026058.JPEG,n02093256,179,Staffordshire_bullterrier,0.7681628465652466,0.8274786472320557,0.8803699016571045
/mnt/sda2/datasets/imagenet1k/imagenet-nano3/val/n02606052/ILSVRC2012_val_00019218.JPEG,n02606052,392,rock_beauty,0.7905132174491882,0.7197092771530151,0.8749995231628418
/mnt/sda2/datasets/imagenet1k/imagenet-nano3/val/n02606052/ILSVRC2012_val_00025871.JPEG,n02606052,392,rock_beauty,0.8043655157089233,0.7024486064910889,0.8813712000846863
/mnt/sda2/datasets/imagenet1k/imagenet-nano3/val/n03967562/ILSVRC2012_val_00047855.JPEG,n03967562,730,plow,0.7848247289657593,0.7701295018196106,0.9169296622276306
/mnt/sda2/datasets/imagenet1k/imagenet-nano3/val/n02116738/ILSVRC2012_val_00002365.JPEG,n02116738,275,African_hunting_dog,0.7726190090179443,0.726726770401001,0.8905504941940308
/mnt/sda2/datasets/imagenet1k/imagenet-nano3/val/n02116738/ILSVRC2012_val_00013584.JPEG,n02116738,275,African_hunting_dog,0.7767320871353149,0.7687041163444519,0.8791441321372986
/mnt/sda2/datasets/imagenet1k/imagenet-nano3/val/n02086079/ILSVRC2012_val_00009576.JPEG,n02086079,154,Pekinese,0.9052689671516418,0.8159904479980469,0.9188830256462097
/mnt/sda2/datasets/imagenet1k/imagenet-nano3/val/n04265275/ILSVRC2012_val_00040031.JPEG,n04265275,811,space_heater,0.8647875785827637,0.8587363362312317,0.9508402943611145
/mnt/sda2/datasets/imagenet1k/imagenet-nano3/val/n04265275/ILSVRC2012_val_00009031.JPEG,n04265275,811,space_heater,0.9571810960769653,0.9666918516159058,0.9219979047775269
/mnt/sda2/datasets/imagenet1k/imagenet-nano3/val/n03394916/ILSVRC2012_val_00048138.JPEG,n03394916,566,French_horn,0.9062644243240356,0.728084146976471,0.9418565034866333
/mnt/sda2/datasets/imagenet1k/imagenet-nano3/val/n03394916/ILSVRC2012_val_00043988.JPEG,n03394916,566,French_horn,0.814579427242279,0.7106900811195374,0.722759485244751
/mnt/sda2/datasets/imagenet1k/imagenet-nano3/val/n03394916/ILSVRC2012_val_00028723.JPEG,n03394916,566,French_horn,0.8388447165489197,0.8163357377052307,0.9094052910804749
/mnt/sda2/datasets/imagenet1k/imagenet-nano3/val/n03983396/ILSVRC2012_val_00008501.JPEG,n03983396,737,pop_bottle,0.7588031888008118,0.8138097524642944,0.8801471590995789
/mnt/sda2/datasets/imagenet1k/imagenet-nano3/val/n03983396/ILSVRC2012_val_00038651.JPEG,n03983396,737,pop_bottle,0.8452551364898682,0.8387215733528137,0.8899784684181213
/mnt/sda2/datasets/imagenet1k/imagenet-nano3/val/n07875152/ILSVRC2012_val_00027172.JPEG,n07875152,964,potpie,0.8094996213912964,0.7807174324989319,0.8385192155838013
/mnt/sda2/datasets/imagenet1k/imagenet-nano3/val/n07875152/ILSVRC2012_val_00015691.JPEG,n07875152,964,potpie,0.809009313583374,0.7258958220481873,0.8453883528709412
/mnt/sda2/datasets/imagenet1k/imagenet-nano3/val/n04179913/ILSVRC2012_val_00025462.JPEG,n04179913,786,sewing_machine,0.883809506893158,0.7604954838752747,0.8601208329200745
/mnt/sda2/datasets/imagenet1k/imagenet-nano3/val/n04179913/ILSVRC2012_val_00016978.JPEG,n04179913,786,sewing_machine,0.8419807553291321,0.7205256223678589,0.7987183332443237
/mnt/sda2/datasets/imagenet1k/imagenet-nano3/val/n07684084/ILSVRC2012_val_00046840.JPEG,n07684084,930,French_loaf,0.7800622582435608,0.7990854978561401,0.8790804743766785
/mnt/sda2/datasets/imagenet1k/imagenet-nano3/val/n02804610/ILSVRC2012_val_00021821.JPEG,n02804610,432,bassoon,0.815730094909668,0.7845230102539062,0.8288838863372803
/mnt/sda2/datasets/imagenet1k/imagenet-nano3/val/n02804610/ILSVRC2012_val_00003370.JPEG,n02804610,432,bassoon,0.7336757779121399,0.7734105587005615,0.8561919927597046
/mnt/sda2/datasets/imagenet1k/imagenet-nano3/val/n04273569/ILSVRC2012_val_00008630.JPEG,n04273569,814,speedboat,0.8098589181900024,0.7988526821136475,0.8844876289367676
/mnt/sda2/datasets/imagenet1k/imagenet-nano3/val/n03929660/ILSVRC2012_val_00037554.JPEG,n03929660,714,pick,0.7754930853843689,0.7367610931396484,0.9246640801429749
/mnt/sda2/datasets/imagenet1k/imagenet-nano3/val/n03929660/ILSVRC2012_val_00044022.JPEG,n03929660,714,pick,0.7837960720062256,0.7554547190666199,0.9110240340232849
/mnt/sda2/datasets/imagenet1k/imagenet-nano3/val/n02107574/ILSVRC2012_val_00022176.JPEG,n02107574,238,Greater_Swiss_Mountain_dog,0.7185429334640503,0.817867636680603,0.8949698805809021
/mnt/sda2/datasets/imagenet1k/imagenet-nano3/val/n07753113/ILSVRC2012_val_00016680.JPEG,n07753113,952,fig,0.8562613129615784,0.791719913482666,0.8856127262115479
/mnt/sda2/datasets/imagenet1k/imagenet-nano3/val/n07753113/ILSVRC2012_val_00036860.JPEG,n07753113,952,fig,0.7836319804191589,0.7875567078590393,0.8889697790145874
/mnt/sda2/datasets/imagenet1k/imagenet-nano3/val/n07753113/ILSVRC2012_val_00032827.JPEG,n07753113,952,fig,0.8142107129096985,0.7636041641235352,0.8835080862045288
/mnt/sda2/datasets/imagenet1k/imagenet-nano3/val/n06794110/ILSVRC2012_val_00038530.JPEG,n06794110,919,street_sign,0.7361241579055786,0.7092845439910889,0.7860839366912842
/mnt/sda2/datasets/imagenet1k/imagenet-nano3/val/n02655020/ILSVRC2012_val_00023468.JPEG,n02655020,397,puffer,0.8332405090332031,0.7263049483299255,0.8797054290771484
/mnt/sda2/datasets/imagenet1k/imagenet-nano3/val/n02655020/ILSVRC2012_val_00018824.JPEG,n02655020,397,puffer,0.7362471222877502,0.7511948347091675,0.8632795214653015
/mnt/sda2/datasets/imagenet1k/imagenet-nano3/val/n02655020/ILSVRC2012_val_00038928.JPEG,n02655020,397,puffer,0.8512173891067505,0.7208300232887268,0.8909014463424683
/mnt/sda2/datasets/imagenet1k/imagenet-nano3/val/n02129165/ILSVRC2012_val_00024234.JPEG,n02129165,291,lion,0.7917786240577698,0.7862275838851929,0.8916096091270447
/mnt/sda2/datasets/imagenet1k/imagenet-nano3/val/n02129165/ILSVRC2012_val_00040627.JPEG,n02129165,291,lion,0.7405770421028137,0.7645330429077148,0.8413720726966858
/mnt/sda2/datasets/imagenet1k/imagenet-nano3/val/n02129165/ILSVRC2012_val_00033659.JPEG,n02129165,291,lion,0.7388031482696533,0.7194751501083374,0.8975037932395935
/mnt/sda2/datasets/imagenet1k/imagenet-nano3/val/n02101556/ILSVRC2012_val_00005994.JPEG,n02101556,216,clumber,0.8653239607810974,0.7855826020240784,0.9179606437683105
/mnt/sda2/datasets/imagenet1k/imagenet-nano3/val/n02101556/ILSVRC2012_val_00025549.JPEG,n02101556,216,clumber,0.7887367606163025,0.8164791464805603,0.8722808361053467
/mnt/sda2/datasets/imagenet1k/imagenet-nano3/val/n01734418/ILSVRC2012_val_00000512.JPEG,n01734418,56,king_snake,0.8384701609611511,0.8027510643005371,0.8228358030319214
/mnt/sda2/datasets/imagenet1k/imagenet-nano3/val/n01734418/ILSVRC2012_val_00012578.JPEG,n01734418,56,king_snake,0.846153974533081,0.8329243659973145,0.9254839420318604
/mnt/sda2/datasets/imagenet1k/imagenet-nano3/val/n03196217/ILSVRC2012_val_00042585.JPEG,n03196217,530,digital_clock,0.8502577543258667,0.7993863224983215,0.8402484655380249
/mnt/sda2/datasets/imagenet1k/imagenet-nano3/val/n03976467/ILSVRC2012_val_00035621.JPEG,n03976467,732,Polaroid_camera,0.7521609663963318,0.7481477856636047,0.8919371366500854
/mnt/sda2/datasets/imagenet1k/imagenet-nano3/val/n03976467/ILSVRC2012_val_00016006.JPEG,n03976467,732,Polaroid_camera,0.7720237970352173,0.7731701135635376,0.907826840877533
/mnt/sda2/datasets/imagenet1k/imagenet-nano3/val/n03976467/ILSVRC2012_val_00006478.JPEG,n03976467,732,Polaroid_camera,0.7903554439544678,0.717095673084259,0.9127887487411499
/mnt/sda2/datasets/imagenet1k/imagenet-nano3/val/n02487347/ILSVRC2012_val_00022040.JPEG,n02487347,373,macaque,0.761062502861023,0.7937488555908203,0.8620865345001221
/mnt/sda2/datasets/imagenet1k/imagenet-nano3/val/n02487347/ILSVRC2012_val_00045230.JPEG,n02487347,373,macaque,0.7757977247238159,0.7660614252090454,0.8675484657287598
/mnt/sda2/datasets/imagenet1k/imagenet-nano3/val/n04479046/ILSVRC2012_val_00024006.JPEG,n04479046,869,trench_coat,0.8024296760559082,0.7013696432113647,0.9027738571166992
/mnt/sda2/datasets/imagenet1k/imagenet-nano3/val/n03958227/ILSVRC2012_val_00031510.JPEG,n03958227,728,plastic_bag,0.731697142124176,0.7110157012939453,0.8921458125114441
/mnt/sda2/datasets/imagenet1k/imagenet-nano3/val/n03777568/ILSVRC2012_val_00026792.JPEG,n03777568,661,Model_T,0.8053481578826904,0.7518642544746399,0.9104479551315308
/mnt/sda2/datasets/imagenet1k/imagenet-nano3/val/n03777568/ILSVRC2012_val_00049034.JPEG,n03777568,661,Model_T,0.900221049785614,0.7340052127838135,0.9126453399658203
/mnt/sda2/datasets/imagenet1k/imagenet-nano3/val/n02093859/ILSVRC2012_val_00041776.JPEG,n02093859,183,Kerry_blue_terrier,0.8594970703125,0.727953314781189,0.7403137683868408
/mnt/sda2/datasets/imagenet1k/imagenet-nano3/val/n02093859/ILSVRC2012_val_00029670.JPEG,n02093859,183,Kerry_blue_terrier,0.8518933057785034,0.7867885828018188,0.8539217710494995
/mnt/sda2/datasets/imagenet1k/imagenet-nano3/val/n03793489/ILSVRC2012_val_00026095.JPEG,n03793489,673,mouse,0.8650236129760742,0.7841590642929077,0.9156478643417358
/mnt/sda2/datasets/imagenet1k/imagenet-nano3/val/n03272010/ILSVRC2012_val_00000374.JPEG,n03272010,546,electric_guitar,0.8501870632171631,0.7512729167938232,0.9384486079216003
/mnt/sda2/datasets/imagenet1k/imagenet-nano3/val/n02106382/ILSVRC2012_val_00041947.JPEG,n02106382,233,Bouvier_des_Flandres,0.9384468197822571,0.8975118398666382,0.9115158915519714
/mnt/sda2/datasets/imagenet1k/imagenet-nano3/val/n02106382/ILSVRC2012_val_00019712.JPEG,n02106382,233,Bouvier_des_Flandres,0.7863715887069702,0.764725923538208,0.7560682892799377
/mnt/sda2/datasets/imagenet1k/imagenet-nano3/val/n03944341/ILSVRC2012_val_00007314.JPEG,n03944341,723,pinwheel,0.7889767289161682,0.8059892654418945,0.8946243524551392
/mnt/sda2/datasets/imagenet1k/imagenet-nano3/val/n03944341/ILSVRC2012_val_00033009.JPEG,n03944341,723,pinwheel,0.8521000742912292,0.7026072144508362,0.9249470829963684
/mnt/sda2/datasets/imagenet1k/imagenet-nano3/val/n02883205/ILSVRC2012_val_00003045.JPEG,n02883205,457,bow_tie,0.8351370692253113,0.8241743445396423,0.9502566456794739
/mnt/sda2/datasets/imagenet1k/imagenet-nano3/val/n02412080/ILSVRC2012_val_00019446.JPEG,n02412080,348,ram,0.7963703870773315,0.7806580662727356,0.91835618019104
/mnt/sda2/datasets/imagenet1k/imagenet-nano3/val/n02412080/ILSVRC2012_val_00017145.JPEG,n02412080,348,ram,0.8978742957115173,0.8578799962997437,0.8817312121391296
/mnt/sda2/datasets/imagenet1k/imagenet-nano3/val/n03314780/ILSVRC2012_val_00034630.JPEG,n03314780,551,face_powder,0.7139422297477722,0.8115434646606445,0.9056284427642822
/mnt/sda2/datasets/imagenet1k/imagenet-nano3/val/n03314780/ILSVRC2012_val_00025243.JPEG,n03314780,551,face_powder,0.74775230884552,0.788101851940155,0.8993514776229858
/mnt/sda2/datasets/imagenet1k/imagenet-nano3/val/n01664065/ILSVRC2012_val_00014352.JPEG,n01664065,33,loggerhead,0.8149793744087219,0.7417466044425964,0.8925395607948303
/mnt/sda2/datasets/imagenet1k/imagenet-nano3/val/n02500267/ILSVRC2012_val_00008415.JPEG,n02500267,384,indri,0.8351753354072571,0.7608521580696106,0.9090849757194519
/mnt/sda2/datasets/imagenet1k/imagenet-nano3/val/n02500267/ILSVRC2012_val_00030022.JPEG,n02500267,384,indri,0.762326180934906,0.7483482956886292,0.8807486891746521
/mnt/sda2/datasets/imagenet1k/imagenet-nano3/val/n02672831/ILSVRC2012_val_00001431.JPEG,n02672831,401,accordion,0.8607804179191589,0.7099290490150452,0.8970703482627869
/mnt/sda2/datasets/imagenet1k/imagenet-nano3/val/n02672831/ILSVRC2012_val_00033520.JPEG,n02672831,401,accordion,0.857222318649292,0.8194829225540161,0.943892776966095
/mnt/sda2/datasets/imagenet1k/imagenet-nano3/val/n04579432/ILSVRC2012_val_00031358.JPEG,n04579432,902,whistle,0.8617352843284607,0.8356949090957642,0.8821272253990173
/mnt/sda2/datasets/imagenet1k/imagenet-nano3/val/n02091831/ILSVRC2012_val_00040201.JPEG,n02091831,176,Saluki,0.8889191150665283,0.7701717019081116,0.9024611115455627
/mnt/sda2/datasets/imagenet1k/imagenet-nano3/val/n04044716/ILSVRC2012_val_00009089.JPEG,n04044716,755,radio_telescope,0.7855454087257385,0.7411693334579468,0.8934980034828186
/mnt/sda2/datasets/imagenet1k/imagenet-nano3/val/n04044716/ILSVRC2012_val_00021724.JPEG,n04044716,755,radio_telescope,0.8214573860168457,0.7815418839454651,0.8953351378440857
/mnt/sda2/datasets/imagenet1k/imagenet-nano3/val/n02108551/ILSVRC2012_val_00023750.JPEG,n02108551,244,Tibetan_mastiff,0.7924615144729614,0.8084725737571716,0.913984477519989
/mnt/sda2/datasets/imagenet1k/imagenet-nano3/val/n02108551/ILSVRC2012_val_00047808.JPEG,n02108551,244,Tibetan_mastiff,0.839458167552948,0.8462409377098083,0.8864552974700928
/mnt/sda2/datasets/imagenet1k/imagenet-nano3/val/n02108551/ILSVRC2012_val_00038231.JPEG,n02108551,244,Tibetan_mastiff,0.8636001944541931,0.8388004302978516,0.9057546854019165
/mnt/sda2/datasets/imagenet1k/imagenet-nano3/val/n03982430/ILSVRC2012_val_00041365.JPEG,n03982430,736,pool_table,0.9593429565429688,0.8616131544113159,0.8488513827323914
/mnt/sda2/datasets/imagenet1k/imagenet-nano3/val/n03982430/ILSVRC2012_val_00007106.JPEG,n03982430,736,pool_table,0.8093665242195129,0.7395322918891907,0.9000917077064514
/mnt/sda2/datasets/imagenet1k/imagenet-nano3/val/n03982430/ILSVRC2012_val_00043143.JPEG,n03982430,736,pool_table,0.7638996243476868,0.7398498058319092,0.9390562176704407
/mnt/sda2/datasets/imagenet1k/imagenet-nano3/val/n04612504/ILSVRC2012_val_00022075.JPEG,n04612504,914,yawl,0.8594684600830078,0.8860759139060974,0.8880248069763184
/mnt/sda2/datasets/imagenet1k/imagenet-nano3/val/n04612504/ILSVRC2012_val_00014591.JPEG,n04612504,914,yawl,0.7999695539474487,0.7818790674209595,0.8823834657669067
/mnt/sda2/datasets/imagenet1k/imagenet-nano3/val/n03874293/ILSVRC2012_val_00028877.JPEG,n03874293,694,paddlewheel,0.75938880443573,0.7659825682640076,0.7946845293045044
/mnt/sda2/datasets/imagenet1k/imagenet-nano3/val/n03874293/ILSVRC2012_val_00006741.JPEG,n03874293,694,paddlewheel,0.8569104075431824,0.7590224742889404,0.893589198589325
/mnt/sda2/datasets/imagenet1k/imagenet-nano3/val/n03874293/ILSVRC2012_val_00034002.JPEG,n03874293,694,paddlewheel,0.8674347996711731,0.8358061909675598,0.9154075384140015
/mnt/sda2/datasets/imagenet1k/imagenet-nano3/val/n03124043/ILSVRC2012_val_00014900.JPEG,n03124043,514,cowboy_boot,0.7668837904930115,0.7472284436225891,0.8801897764205933
/mnt/sda2/datasets/imagenet1k/imagenet-nano3/val/n03857828/ILSVRC2012_val_00045579.JPEG,n03857828,688,oscilloscope,0.8162727355957031,0.7542689442634583,0.9109688997268677
/mnt/sda2/datasets/imagenet1k/imagenet-nano3/val/n03857828/ILSVRC2012_val_00029074.JPEG,n03857828,688,oscilloscope,0.8521977663040161,0.8457886576652527,0.8937264680862427
/mnt/sda2/datasets/imagenet1k/imagenet-nano3/val/n03857828/ILSVRC2012_val_00028874.JPEG,n03857828,688,oscilloscope,0.8664849400520325,0.7382628917694092,0.9089096188545227
/mnt/sda2/datasets/imagenet1k/imagenet-nano3/val/n02090622/ILSVRC2012_val_00017766.JPEG,n02090622,169,borzoi,0.9324904680252075,0.8076561689376831,0.8997130990028381
/mnt/sda2/datasets/imagenet1k/imagenet-nano3/val/n01514859/ILSVRC2012_val_00048242.JPEG,n01514859,8,hen,0.8163387775421143,0.8720031976699829,0.8813855648040771
/mnt/sda2/datasets/imagenet1k/imagenet-nano3/val/n02966193/ILSVRC2012_val_00020337.JPEG,n02966193,476,carousel,0.8461318016052246,0.8158038854598999,0.886381208896637
/mnt/sda2/datasets/imagenet1k/imagenet-nano3/val/n02966193/ILSVRC2012_val_00016271.JPEG,n02966193,476,carousel,0.8374330401420593,0.8472153544425964,0.8800780177116394
/mnt/sda2/datasets/imagenet1k/imagenet-nano3/val/n02793495/ILSVRC2012_val_00015008.JPEG,n02793495,425,barn,0.80577552318573,0.7227659821510315,0.8830413222312927
/mnt/sda2/datasets/imagenet1k/imagenet-nano3/val/n02786058/ILSVRC2012_val_00019017.JPEG,n02786058,419,Band_Aid,0.8005558252334595,0.9129292964935303,0.8761612772941589
/mnt/sda2/datasets/imagenet1k/imagenet-nano3/val/n09835506/ILSVRC2012_val_00026142.JPEG,n09835506,981,ballplayer,0.7144957184791565,0.7242103219032288,0.8520514369010925
/mnt/sda2/datasets/imagenet1k/imagenet-nano3/val/n02389026/ILSVRC2012_val_00018932.JPEG,n02389026,339,sorrel,0.7724901437759399,0.7182866334915161,0.8601269125938416
/mnt/sda2/datasets/imagenet1k/imagenet-nano3/val/n02389026/ILSVRC2012_val_00039474.JPEG,n02389026,339,sorrel,0.8499771356582642,0.7674098014831543,0.9174903631210327
/mnt/sda2/datasets/imagenet1k/imagenet-nano3/val/n02701002/ILSVRC2012_val_00038491.JPEG,n02701002,407,ambulance,0.8506289720535278,0.7998077273368835,0.8500329256057739
/mnt/sda2/datasets/imagenet1k/imagenet-nano3/val/n02701002/ILSVRC2012_val_00011417.JPEG,n02701002,407,ambulance,0.8244196176528931,0.8093681335449219,0.8547929525375366
/mnt/sda2/datasets/imagenet1k/imagenet-nano3/val/n02701002/ILSVRC2012_val_00025159.JPEG,n02701002,407,ambulance,0.8447697162628174,0.770537257194519,0.8846135139465332
/mnt/sda2/datasets/imagenet1k/imagenet-nano3/val/n03792782/ILSVRC2012_val_00043207.JPEG,n03792782,671,mountain_bike,0.8037487864494324,0.7418434023857117,0.8919132947921753
/mnt/sda2/datasets/imagenet1k/imagenet-nano3/val/n04162706/ILSVRC2012_val_00047565.JPEG,n04162706,785,seat_belt,0.9681480526924133,0.817906379699707,0.8706153631210327
/mnt/sda2/datasets/imagenet1k/imagenet-nano3/val/n04162706/ILSVRC2012_val_00010752.JPEG,n04162706,785,seat_belt,0.7684884667396545,0.9207494854927063,0.9050572514533997
/mnt/sda2/datasets/imagenet1k/imagenet-nano3/val/n02128757/ILSVRC2012_val_00048394.JPEG,n02128757,289,snow_leopard,0.7569364905357361,0.7831290364265442,0.8411085605621338
/mnt/sda2/datasets/imagenet1k/imagenet-nano3/val/n07892512/ILSVRC2012_val_00037863.JPEG,n07892512,966,red_wine,0.7749342918395996,0.7983157634735107,0.9297338128089905
/mnt/sda2/datasets/imagenet1k/imagenet-nano3/val/n03017168/ILSVRC2012_val_00044962.JPEG,n03017168,494,chime,0.9297271370887756,0.7622445225715637,0.9513447880744934
/mnt/sda2/datasets/imagenet1k/imagenet-nano3/val/n04404412/ILSVRC2012_val_00022274.JPEG,n04404412,851,television,0.7854485511779785,0.7762314081192017,0.7281269431114197
/mnt/sda2/datasets/imagenet1k/imagenet-nano3/val/n02002724/ILSVRC2012_val_00019698.JPEG,n02002724,128,black_stork,0.8874427080154419,0.8640245795249939,0.8169545531272888
/mnt/sda2/datasets/imagenet1k/imagenet-nano3/val/n01735189/ILSVRC2012_val_00034251.JPEG,n01735189,57,garter_snake,0.8331682682037354,0.7053298354148865,0.8832003474235535
/mnt/sda2/datasets/imagenet1k/imagenet-nano3/val/n03000134/ILSVRC2012_val_00034364.JPEG,n03000134,489,chainlink_fence,0.919727087020874,0.7328534722328186,0.849886953830719
/mnt/sda2/datasets/imagenet1k/imagenet-nano3/val/n01580077/ILSVRC2012_val_00043995.JPEG,n01580077,17,jay,0.7685419917106628,0.7476223111152649,0.9040893912315369
/mnt/sda2/datasets/imagenet1k/imagenet-nano3/val/n04482393/ILSVRC2012_val_00036906.JPEG,n04482393,870,tricycle,0.8103604316711426,0.7841850519180298,0.8890172839164734
/mnt/sda2/datasets/imagenet1k/imagenet-nano3/val/n04482393/ILSVRC2012_val_00016915.JPEG,n04482393,870,tricycle,0.9849634766578674,0.8496438264846802,0.8922045230865479
/mnt/sda2/datasets/imagenet1k/imagenet-nano3/val/n02105505/ILSVRC2012_val_00025132.JPEG,n02105505,228,komondor,0.7206872701644897,0.7691003680229187,0.8952434062957764
/mnt/sda2/datasets/imagenet1k/imagenet-nano3/val/n02105505/ILSVRC2012_val_00014870.JPEG,n02105505,228,komondor,0.8429667353630066,0.7697052359580994,0.7362015247344971
/mnt/sda2/datasets/imagenet1k/imagenet-nano3/val/n02013706/ILSVRC2012_val_00029885.JPEG,n02013706,135,limpkin,0.8676489591598511,0.8295931816101074,0.8911488056182861
/mnt/sda2/datasets/imagenet1k/imagenet-nano3/val/n02013706/ILSVRC2012_val_00031304.JPEG,n02013706,135,limpkin,0.8682153224945068,0.7178493738174438,0.8986558318138123
/mnt/sda2/datasets/imagenet1k/imagenet-nano3/val/n02927161/ILSVRC2012_val_00021162.JPEG,n02927161,467,butcher_shop,0.9475200176239014,0.8451953530311584,0.8943723440170288
/mnt/sda2/datasets/imagenet1k/imagenet-nano3/val/n02927161/ILSVRC2012_val_00027097.JPEG,n02927161,467,butcher_shop,0.9366389513015747,0.8520049452781677,0.9270493388175964
/mnt/sda2/datasets/imagenet1k/imagenet-nano3/val/n02484975/ILSVRC2012_val_00000013.JPEG,n02484975,370,guenon,0.7911473512649536,0.7781162261962891,0.8393118381500244
/mnt/sda2/datasets/imagenet1k/imagenet-nano3/val/n02484975/ILSVRC2012_val_00004683.JPEG,n02484975,370,guenon,0.8265892267227173,0.8336169123649597,0.8686116933822632
/mnt/sda2/datasets/imagenet1k/imagenet-nano3/val/n03259280/ILSVRC2012_val_00020608.JPEG,n03259280,544,Dutch_oven,0.7626397609710693,0.7468799352645874,0.7681069374084473
/mnt/sda2/datasets/imagenet1k/imagenet-nano3/val/n03259280/ILSVRC2012_val_00014150.JPEG,n03259280,544,Dutch_oven,0.9060591459274292,0.8353522419929504,0.8610204458236694
/mnt/sda2/datasets/imagenet1k/imagenet-nano3/val/n02879718/ILSVRC2012_val_00046293.JPEG,n02879718,456,bow,0.8300644159317017,0.8461323976516724,0.950187623500824
/mnt/sda2/datasets/imagenet1k/imagenet-nano3/val/n02879718/ILSVRC2012_val_00031286.JPEG,n02879718,456,bow,0.7487807273864746,0.7942283153533936,0.882351815700531
/mnt/sda2/datasets/imagenet1k/imagenet-nano3/val/n02105641/ILSVRC2012_val_00041865.JPEG,n02105641,229,Old_English_sheepdog,0.7831555604934692,0.7538440823554993,0.885624885559082
/mnt/sda2/datasets/imagenet1k/imagenet-nano3/val/n07615774/ILSVRC2012_val_00021643.JPEG,n07615774,929,ice_lolly,0.7940123677253723,0.7659316062927246,0.9246842861175537
/mnt/sda2/datasets/imagenet1k/imagenet-nano3/val/n01855672/ILSVRC2012_val_00047073.JPEG,n01855672,99,goose,0.7850528359413147,0.8072686791419983,0.88019198179245
/mnt/sda2/datasets/imagenet1k/imagenet-nano3/val/n01855672/ILSVRC2012_val_00009610.JPEG,n01855672,99,goose,0.8266624212265015,0.7711455821990967,0.893050491809845
/mnt/sda2/datasets/imagenet1k/imagenet-nano3/val/n04447861/ILSVRC2012_val_00045528.JPEG,n04447861,861,toilet_seat,0.862910807132721,0.9384998083114624,0.9896669387817383
/mnt/sda2/datasets/imagenet1k/imagenet-nano3/val/n12267677/ILSVRC2012_val_00044880.JPEG,n12267677,988,acorn,0.8386253118515015,0.710308849811554,0.8863736391067505
/mnt/sda2/datasets/imagenet1k/imagenet-nano3/val/n03590841/ILSVRC2012_val_00008702.JPEG,n03590841,607,jack-o'-lantern,0.873752236366272,0.8149521350860596,0.9133299589157104
/mnt/sda2/datasets/imagenet1k/imagenet-nano3/val/n03590841/ILSVRC2012_val_00003206.JPEG,n03590841,607,jack-o'-lantern,0.8404213190078735,0.8310388326644897,0.9002361297607422
/mnt/sda2/datasets/imagenet1k/imagenet-nano3/val/n03590841/ILSVRC2012_val_00039036.JPEG,n03590841,607,jack-o'-lantern,0.812980592250824,0.7086716890335083,0.932883620262146
/mnt/sda2/datasets/imagenet1k/imagenet-nano3/val/n07880968/ILSVRC2012_val_00046107.JPEG,n07880968,965,burrito,0.7303608655929565,0.8082435727119446,0.8937079310417175
/mnt/sda2/datasets/imagenet1k/imagenet-nano3/val/n07880968/ILSVRC2012_val_00026100.JPEG,n07880968,965,burrito,0.789447546005249,0.8147647976875305,0.8691729307174683
/mnt/sda2/datasets/imagenet1k/imagenet-nano3/val/n02086240/ILSVRC2012_val_00012394.JPEG,n02086240,155,Shih-Tzu,0.8562235832214355,0.7544534802436829,0.9121405482292175
/mnt/sda2/datasets/imagenet1k/imagenet-nano3/val/n02113023/ILSVRC2012_val_00021908.JPEG,n02113023,263,Pembroke,0.7465150952339172,0.8219643235206604,0.9178666472434998
/mnt/sda2/datasets/imagenet1k/imagenet-nano3/val/n02113023/ILSVRC2012_val_00034619.JPEG,n02113023,263,Pembroke,0.7980149388313293,0.8251625299453735,0.8634490370750427
/mnt/sda2/datasets/imagenet1k/imagenet-nano3/val/n02097658/ILSVRC2012_val_00040109.JPEG,n02097658,201,silky_terrier,0.8486204147338867,0.7849878668785095,0.8746917843818665
/mnt/sda2/datasets/imagenet1k/imagenet-nano3/val/n02930766/ILSVRC2012_val_00048951.JPEG,n02930766,468,cab,0.8731245398521423,0.8287938833236694,0.9038745760917664
/mnt/sda2/datasets/imagenet1k/imagenet-nano3/val/n02930766/ILSVRC2012_val_00044318.JPEG,n02930766,468,cab,0.8652706146240234,0.7662523984909058,0.8614078760147095
/mnt/sda2/datasets/imagenet1k/imagenet-nano3/val/n01698640/ILSVRC2012_val_00001338.JPEG,n01698640,50,American_alligator,0.8373119235038757,0.7515701651573181,0.8441558480262756
/mnt/sda2/datasets/imagenet1k/imagenet-nano3/val/n02782093/ILSVRC2012_val_00016021.JPEG,n02782093,417,balloon,0.8044758439064026,0.7972395420074463,0.8877308368682861
/mnt/sda2/datasets/imagenet1k/imagenet-nano3/val/n02782093/ILSVRC2012_val_00038086.JPEG,n02782093,417,balloon,0.8335735201835632,0.7572147250175476,0.9149414896965027
/mnt/sda2/datasets/imagenet1k/imagenet-nano3/val/n01955084/ILSVRC2012_val_00025056.JPEG,n01955084,116,chiton,0.8450158834457397,0.7451335191726685,0.8847848773002625
/mnt/sda2/datasets/imagenet1k/imagenet-nano3/val/n03873416/ILSVRC2012_val_00038624.JPEG,n03873416,693,paddle,0.8570111989974976,0.8439854979515076,0.9021388292312622
/mnt/sda2/datasets/imagenet1k/imagenet-nano3/val/n01675722/ILSVRC2012_val_00024545.JPEG,n01675722,38,banded_gecko,0.7692962884902954,0.8263309597969055,0.8942161798477173
/mnt/sda2/datasets/imagenet1k/imagenet-nano3/val/n04367480/ILSVRC2012_val_00018831.JPEG,n04367480,840,swab,0.8144497275352478,0.760344922542572,0.9132580161094666
/mnt/sda2/datasets/imagenet1k/imagenet-nano3/val/n02279972/ILSVRC2012_val_00049418.JPEG,n02279972,323,monarch,0.8478564620018005,0.7313968539237976,0.8655601143836975
/mnt/sda2/datasets/imagenet1k/imagenet-nano3/val/n03884397/ILSVRC2012_val_00047848.JPEG,n03884397,699,panpipe,0.8243700265884399,0.7925973534584045,0.8748438954353333
/mnt/sda2/datasets/imagenet1k/imagenet-nano3/val/n03884397/ILSVRC2012_val_00007964.JPEG,n03884397,699,panpipe,0.8695017099380493,0.7777097225189209,0.9802481532096863
/mnt/sda2/datasets/imagenet1k/imagenet-nano3/val/n03884397/ILSVRC2012_val_00007123.JPEG,n03884397,699,panpipe,0.750184953212738,0.8126700520515442,0.9256685972213745
/mnt/sda2/datasets/imagenet1k/imagenet-nano3/val/n03534580/ILSVRC2012_val_00030501.JPEG,n03534580,601,hoopskirt,0.8993759155273438,0.869674026966095,0.9451853632926941
/mnt/sda2/datasets/imagenet1k/imagenet-nano3/val/n02916936/ILSVRC2012_val_00003790.JPEG,n02916936,465,bulletproof_vest,0.9158626794815063,0.7416509389877319,0.7737755179405212
/mnt/sda2/datasets/imagenet1k/imagenet-nano3/val/n02107142/ILSVRC2012_val_00021036.JPEG,n02107142,236,Doberman,0.8108805418014526,0.7768544554710388,0.821458637714386
/mnt/sda2/datasets/imagenet1k/imagenet-nano3/val/n03935335/ILSVRC2012_val_00019641.JPEG,n03935335,719,piggy_bank,0.8505859375,0.7664696574211121,0.9131072163581848
/mnt/sda2/datasets/imagenet1k/imagenet-nano3/val/n03935335/ILSVRC2012_val_00035065.JPEG,n03935335,719,piggy_bank,0.8116914629936218,0.8406413793563843,0.8385359644889832
/mnt/sda2/datasets/imagenet1k/imagenet-nano3/val/n03935335/ILSVRC2012_val_00035991.JPEG,n03935335,719,piggy_bank,0.7821856141090393,0.7934709787368774,0.9027349948883057
/mnt/sda2/datasets/imagenet1k/imagenet-nano3/val/n04476259/ILSVRC2012_val_00040453.JPEG,n04476259,868,tray,0.7409770488739014,0.9299920201301575,0.925182044506073
/mnt/sda2/datasets/imagenet1k/imagenet-nano3/val/n02514041/ILSVRC2012_val_00021708.JPEG,n02514041,389,barracouta,0.828519880771637,0.8227137923240662,0.8862380981445312
/mnt/sda2/datasets/imagenet1k/imagenet-nano3/val/n02514041/ILSVRC2012_val_00035957.JPEG,n02514041,389,barracouta,0.8737326860427856,0.7072523236274719,0.9023613333702087
/mnt/sda2/datasets/imagenet1k/imagenet-nano3/val/n02514041/ILSVRC2012_val_00034120.JPEG,n02514041,389,barracouta,0.7775254249572754,0.8880124688148499,0.9084702134132385
/mnt/sda2/datasets/imagenet1k/imagenet-nano3/val/n01818515/ILSVRC2012_val_00027656.JPEG,n01818515,88,macaw,0.9265568852424622,0.8034908175468445,0.9277660250663757
/mnt/sda2/datasets/imagenet1k/imagenet-nano3/val/n01818515/ILSVRC2012_val_00007081.JPEG,n01818515,88,macaw,0.8484591841697693,0.7698729634284973,0.9139852523803711
/mnt/sda2/datasets/imagenet1k/imagenet-nano3/val/n01818515/ILSVRC2012_val_00003823.JPEG,n01818515,88,macaw,0.7845485210418701,0.7143293619155884,0.8376375436782837
/mnt/sda2/datasets/imagenet1k/imagenet-nano3/val/n07747607/ILSVRC2012_val_00045114.JPEG,n07747607,950,orange,0.7753140926361084,0.757095217704773,0.8861380219459534
/mnt/sda2/datasets/imagenet1k/imagenet-nano3/val/n07747607/ILSVRC2012_val_00002915.JPEG,n07747607,950,orange,0.7616999745368958,0.8079315423965454,0.7859253287315369
/mnt/sda2/datasets/imagenet1k/imagenet-nano3/val/n07747607/ILSVRC2012_val_00027520.JPEG,n07747607,950,orange,0.8202612400054932,0.8078678250312805,0.7781375646591187
/mnt/sda2/datasets/imagenet1k/imagenet-nano3/val/n07714571/ILSVRC2012_val_00029598.JPEG,n07714571,936,head_cabbage,0.8194841146469116,0.713434636592865,0.883853554725647
/mnt/sda2/datasets/imagenet1k/imagenet-nano3/val/n03014705/ILSVRC2012_val_00041074.JPEG,n03014705,492,chest,0.7631246447563171,0.7946714162826538,0.9434649348258972
/mnt/sda2/datasets/imagenet1k/imagenet-nano3/val/n03160309/ILSVRC2012_val_00004828.JPEG,n03160309,525,dam,0.7881287336349487,0.7837232947349548,0.8980104327201843
/mnt/sda2/datasets/imagenet1k/imagenet-nano3/val/n03160309/ILSVRC2012_val_00043308.JPEG,n03160309,525,dam,0.8293077349662781,0.7972673773765564,0.9223036170005798
/mnt/sda2/datasets/imagenet1k/imagenet-nano3/val/n03160309/ILSVRC2012_val_00000330.JPEG,n03160309,525,dam,0.9172418713569641,0.7666168212890625,0.9022600650787354
/mnt/sda2/datasets/imagenet1k/imagenet-nano3/val/n13037406/ILSVRC2012_val_00043208.JPEG,n13037406,993,gyromitra,0.8188042044639587,0.7062262296676636,0.7993907332420349
/mnt/sda2/datasets/imagenet1k/imagenet-nano3/val/n13037406/ILSVRC2012_val_00047998.JPEG,n13037406,993,gyromitra,0.8725965023040771,0.7401018738746643,0.883961021900177
/mnt/sda2/datasets/imagenet1k/imagenet-nano3/val/n01622779/ILSVRC2012_val_00003169.JPEG,n01622779,24,great_grey_owl,0.8150225281715393,0.7097890377044678,0.8932921290397644
/mnt/sda2/datasets/imagenet1k/imagenet-nano3/val/n01622779/ILSVRC2012_val_00001213.JPEG,n01622779,24,great_grey_owl,0.8285825848579407,0.7210052609443665,0.9024835228919983
/mnt/sda2/datasets/imagenet1k/imagenet-nano3/val/n02037110/ILSVRC2012_val_00011196.JPEG,n02037110,143,oystercatcher,0.8261444568634033,0.7016927003860474,0.9008159637451172
/mnt/sda2/datasets/imagenet1k/imagenet-nano3/val/n11879895/ILSVRC2012_val_00000216.JPEG,n11879895,984,rapeseed,0.7545392513275146,0.8433631062507629,0.8873864412307739
/mnt/sda2/datasets/imagenet1k/imagenet-nano3/val/n11879895/ILSVRC2012_val_00043005.JPEG,n11879895,984,rapeseed,0.7913531064987183,0.8271027207374573,0.8854154944419861
/mnt/sda2/datasets/imagenet1k/imagenet-nano3/val/n02823750/ILSVRC2012_val_00026110.JPEG,n02823750,441,beer_glass,0.7703187465667725,0.887171745300293,0.8808199167251587
/mnt/sda2/datasets/imagenet1k/imagenet-nano3/val/n03141823/ILSVRC2012_val_00016028.JPEG,n03141823,523,crutch,0.7475296258926392,0.7638840675354004,0.874569833278656
/mnt/sda2/datasets/imagenet1k/imagenet-nano3/val/n04235860/ILSVRC2012_val_00006430.JPEG,n04235860,797,sleeping_bag,0.8138754963874817,0.7220479249954224,0.8839207887649536
/mnt/sda2/datasets/imagenet1k/imagenet-nano3/val/n04235860/ILSVRC2012_val_00017165.JPEG,n04235860,797,sleeping_bag,0.9495528340339661,0.839923620223999,0.785198986530304
/mnt/sda2/datasets/imagenet1k/imagenet-nano3/val/n02802426/ILSVRC2012_val_00044958.JPEG,n02802426,430,basketball,0.8600704669952393,0.7838252782821655,0.819496750831604
/mnt/sda2/datasets/imagenet1k/imagenet-nano3/val/n02802426/ILSVRC2012_val_00035401.JPEG,n02802426,430,basketball,0.8333377838134766,0.8484287261962891,0.8958879113197327
/mnt/sda2/datasets/imagenet1k/imagenet-nano3/val/n03527444/ILSVRC2012_val_00038025.JPEG,n03527444,597,holster,0.7739816904067993,0.7687180638313293,0.9013879299163818
/mnt/sda2/datasets/imagenet1k/imagenet-nano3/val/n03527444/ILSVRC2012_val_00011909.JPEG,n03527444,597,holster,0.8297345638275146,0.7958645224571228,0.8895545601844788
/mnt/sda2/datasets/imagenet1k/imagenet-nano3/val/n01776313/ILSVRC2012_val_00023564.JPEG,n01776313,78,tick,0.8257172107696533,0.7671434283256531,0.871330976486206
/mnt/sda2/datasets/imagenet1k/imagenet-nano3/val/n01776313/ILSVRC2012_val_00007065.JPEG,n01776313,78,tick,0.7271769046783447,0.7091547846794128,0.829568088054657
/mnt/sda2/datasets/imagenet1k/imagenet-nano3/val/n03891332/ILSVRC2012_val_00012116.JPEG,n03891332,704,parking_meter,0.7403385043144226,0.7621123790740967,0.9176101088523865
/mnt/sda2/datasets/imagenet1k/imagenet-nano3/val/n03877845/ILSVRC2012_val_00043029.JPEG,n03877845,698,palace,0.7803648710250854,0.8201489448547363,0.899505078792572
/mnt/sda2/datasets/imagenet1k/imagenet-nano3/val/n03877845/ILSVRC2012_val_00006640.JPEG,n03877845,698,palace,0.7626955509185791,0.8148404955863953,0.8077660202980042
/mnt/sda2/datasets/imagenet1k/imagenet-nano3/val/n03538406/ILSVRC2012_val_00034261.JPEG,n03538406,603,horse_cart,0.8564620614051819,0.7867459654808044,0.8773968815803528
/mnt/sda2/datasets/imagenet1k/imagenet-nano3/val/n03538406/ILSVRC2012_val_00045964.JPEG,n03538406,603,horse_cart,0.8514858484268188,0.7412779927253723,0.9271060228347778
/mnt/sda2/datasets/imagenet1k/imagenet-nano3/val/n02088466/ILSVRC2012_val_00040708.JPEG,n02088466,163,bloodhound,0.776158332824707,0.7693617343902588,0.8789441585540771
/mnt/sda2/datasets/imagenet1k/imagenet-nano3/val/n03379051/ILSVRC2012_val_00047355.JPEG,n03379051,560,football_helmet,0.8955126404762268,0.8231494426727295,0.8740612864494324
/mnt/sda2/datasets/imagenet1k/imagenet-nano3/val/n03379051/ILSVRC2012_val_00020653.JPEG,n03379051,560,football_helmet,0.9059413075447083,0.891297459602356,0.8970243334770203
/mnt/sda2/datasets/imagenet1k/imagenet-nano3/val/n03379051/ILSVRC2012_val_00008234.JPEG,n03379051,560,football_helmet,0.8627058267593384,0.7541948556900024,0.8600448966026306
/mnt/sda2/datasets/imagenet1k/imagenet-nano3/val/n07873807/ILSVRC2012_val_00037476.JPEG,n07873807,963,pizza,0.8532999753952026,0.8754283785820007,0.8920959830284119
/mnt/sda2/datasets/imagenet1k/imagenet-nano3/val/n07873807/ILSVRC2012_val_00024661.JPEG,n07873807,963,pizza,0.7929677963256836,0.8867318034172058,0.8678222894668579
/mnt/sda2/datasets/imagenet1k/imagenet-nano3/val/n02128925/ILSVRC2012_val_00049347.JPEG,n02128925,290,jaguar,0.7989978194236755,0.7547581195831299,0.8384037017822266
/mnt/sda2/datasets/imagenet1k/imagenet-nano3/val/n02128925/ILSVRC2012_val_00025277.JPEG,n02128925,290,jaguar,0.7614305019378662,0.760353684425354,0.8088772296905518
/mnt/sda2/datasets/imagenet1k/imagenet-nano3/val/n02859443/ILSVRC2012_val_00007424.JPEG,n02859443,449,boathouse,0.810981035232544,0.8024616241455078,0.9157732129096985
/mnt/sda2/datasets/imagenet1k/imagenet-nano3/val/n04604644/ILSVRC2012_val_00006623.JPEG,n04604644,912,worm_fence,0.8548712730407715,0.8192592263221741,0.8997407555580139
/mnt/sda2/datasets/imagenet1k/imagenet-nano3/val/n02281787/ILSVRC2012_val_00037965.JPEG,n02281787,326,lycaenid,0.7299548983573914,0.7082744240760803,0.8549224138259888
/mnt/sda2/datasets/imagenet1k/imagenet-nano3/val/n02281787/ILSVRC2012_val_00039804.JPEG,n02281787,326,lycaenid,0.8463503122329712,0.7014334201812744,0.8831008076667786
/mnt/sda2/datasets/imagenet1k/imagenet-nano3/val/n01990800/ILSVRC2012_val_00038119.JPEG,n01990800,126,isopod,0.8615972399711609,0.7781518697738647,0.9209896922111511
/mnt/sda2/datasets/imagenet1k/imagenet-nano3/val/n01820546/ILSVRC2012_val_00037672.JPEG,n01820546,90,lorikeet,0.7502373456954956,0.7795867323875427,0.9099322557449341
/mnt/sda2/datasets/imagenet1k/imagenet-nano3/val/n01820546/ILSVRC2012_val_00015713.JPEG,n01820546,90,lorikeet,0.8272477388381958,0.7363660335540771,0.8942328691482544
/mnt/sda2/datasets/imagenet1k/imagenet-nano3/val/n04591157/ILSVRC2012_val_00001655.JPEG,n04591157,906,Windsor_tie,0.8125561475753784,0.8763359189033508,0.8093357682228088
/mnt/sda2/datasets/imagenet1k/imagenet-nano3/val/n01910747/ILSVRC2012_val_00015443.JPEG,n01910747,107,jellyfish,0.8065779805183411,0.7754128575325012,0.8814857602119446
/mnt/sda2/datasets/imagenet1k/imagenet-nano3/val/n03649909/ILSVRC2012_val_00026632.JPEG,n03649909,621,lawn_mower,0.8200437426567078,0.7850475907325745,0.9092210531234741
/mnt/sda2/datasets/imagenet1k/imagenet-nano3/val/n03649909/ILSVRC2012_val_00036641.JPEG,n03649909,621,lawn_mower,0.7134372591972351,0.7303339242935181,0.8788817524909973
/mnt/sda2/datasets/imagenet1k/imagenet-nano3/val/n03649909/ILSVRC2012_val_00033704.JPEG,n03649909,621,lawn_mower,0.828785240650177,0.7268528342247009,0.876501202583313
/mnt/sda2/datasets/imagenet1k/imagenet-nano3/val/n02110627/ILSVRC2012_val_00036062.JPEG,n02110627,252,affenpinscher,0.701036810874939,0.8751517534255981,0.8363580107688904
/mnt/sda2/datasets/imagenet1k/imagenet-nano3/val/n02110627/ILSVRC2012_val_00040409.JPEG,n02110627,252,affenpinscher,0.8195158839225769,0.8353986740112305,0.872420072555542
/mnt/sda2/datasets/imagenet1k/imagenet-nano3/val/n07714990/ILSVRC2012_val_00015318.JPEG,n07714990,937,broccoli,0.8607212901115417,0.7956832647323608,0.8838300704956055
/mnt/sda2/datasets/imagenet1k/imagenet-nano3/val/n02109525/ILSVRC2012_val_00048980.JPEG,n02109525,247,Saint_Bernard,0.872527539730072,0.7652072906494141,0.8943807482719421
/mnt/sda2/datasets/imagenet1k/imagenet-nano3/val/n02109525/ILSVRC2012_val_00001937.JPEG,n02109525,247,Saint_Bernard,0.8566194772720337,0.7124335765838623,0.8870314955711365
/mnt/sda2/datasets/imagenet1k/imagenet-nano3/val/n03337140/ILSVRC2012_val_00033539.JPEG,n03337140,553,file,0.8172803521156311,0.7872845530509949,0.9126699566841125
/mnt/sda2/datasets/imagenet1k/imagenet-nano3/val/n02101006/ILSVRC2012_val_00029512.JPEG,n02101006,214,Gordon_setter,0.8641948699951172,0.7488855719566345,0.7359412312507629
/mnt/sda2/datasets/imagenet1k/imagenet-nano3/val/n02101006/ILSVRC2012_val_00001305.JPEG,n02101006,214,Gordon_setter,0.890204668045044,0.7043315172195435,0.907767117023468
/mnt/sda2/datasets/imagenet1k/imagenet-nano3/val/n03991062/ILSVRC2012_val_00037312.JPEG,n03991062,738,pot,0.8881333470344543,0.7409598231315613,0.878112256526947
/mnt/sda2/datasets/imagenet1k/imagenet-nano3/val/n04501370/ILSVRC2012_val_00001750.JPEG,n04501370,877,turnstile,0.71926349401474,0.7583882212638855,0.9387864470481873
/mnt/sda2/datasets/imagenet1k/imagenet-nano3/val/n01704323/ILSVRC2012_val_00019894.JPEG,n01704323,51,triceratops,0.7929537892341614,0.875389575958252,0.9426586627960205
/mnt/sda2/datasets/imagenet1k/imagenet-nano3/val/n01704323/ILSVRC2012_val_00017962.JPEG,n01704323,51,triceratops,0.8847949504852295,0.8107994198799133,0.8800898194313049
/mnt/sda2/datasets/imagenet1k/imagenet-nano3/val/n02018795/ILSVRC2012_val_00036457.JPEG,n02018795,138,bustard,0.8338126540184021,0.7554319500923157,0.8741874098777771
/mnt/sda2/datasets/imagenet1k/imagenet-nano3/val/n02018795/ILSVRC2012_val_00016264.JPEG,n02018795,138,bustard,0.8353290557861328,0.7363820672035217,0.8843675255775452
/mnt/sda2/datasets/imagenet1k/imagenet-nano3/val/n03483316/ILSVRC2012_val_00027635.JPEG,n03483316,589,hand_blower,0.7478759288787842,0.93387770652771,0.819725513458252
/mnt/sda2/datasets/imagenet1k/imagenet-nano3/val/n03483316/ILSVRC2012_val_00047139.JPEG,n03483316,589,hand_blower,0.7631900310516357,0.7223354578018188,0.9727168679237366
/mnt/sda2/datasets/imagenet1k/imagenet-nano3/val/n12985857/ILSVRC2012_val_00015085.JPEG,n12985857,991,coral_fungus,0.813032329082489,0.7467466592788696,0.8780768513679504
/mnt/sda2/datasets/imagenet1k/imagenet-nano3/val/n12985857/ILSVRC2012_val_00038482.JPEG,n12985857,991,coral_fungus,0.8997527360916138,0.7319856882095337,0.9267072677612305
/mnt/sda2/datasets/imagenet1k/imagenet-nano3/val/n01855032/ILSVRC2012_val_00026967.JPEG,n01855032,98,red-breasted_merganser,0.7687146067619324,0.7307011485099792,0.8792821764945984
/mnt/sda2/datasets/imagenet1k/imagenet-nano3/val/n03478589/ILSVRC2012_val_00020471.JPEG,n03478589,586,half_track,0.8454200625419617,0.8341807723045349,0.9009988903999329
/mnt/sda2/datasets/imagenet1k/imagenet-nano3/val/n02088632/ILSVRC2012_val_00030757.JPEG,n02088632,164,bluetick,0.9339576959609985,0.7443548440933228,0.9235196709632874
/mnt/sda2/datasets/imagenet1k/imagenet-nano3/val/n04350905/ILSVRC2012_val_00049264.JPEG,n04350905,834,suit,0.9185020923614502,0.8388057947158813,0.8184053301811218
/mnt/sda2/datasets/imagenet1k/imagenet-nano3/val/n04350905/ILSVRC2012_val_00002541.JPEG,n04350905,834,suit,0.8124910593032837,0.8492417335510254,0.9190797209739685
/mnt/sda2/datasets/imagenet1k/imagenet-nano3/val/n01665541/ILSVRC2012_val_00044755.JPEG,n01665541,34,leatherback_turtle,0.8100776076316833,0.7462108731269836,0.9025264382362366
/mnt/sda2/datasets/imagenet1k/imagenet-nano3/val/n02006656/ILSVRC2012_val_00025075.JPEG,n02006656,129,spoonbill,0.800937831401825,0.761498212814331,0.9018240571022034
/mnt/sda2/datasets/imagenet1k/imagenet-nano3/val/n02006656/ILSVRC2012_val_00029168.JPEG,n02006656,129,spoonbill,0.8509869575500488,0.721669614315033,0.8319874405860901
/mnt/sda2/datasets/imagenet1k/imagenet-nano3/val/n02006656/ILSVRC2012_val_00022418.JPEG,n02006656,129,spoonbill,0.8214781284332275,0.7459990382194519,0.8886131644248962
/mnt/sda2/datasets/imagenet1k/imagenet-nano3/val/n02422699/ILSVRC2012_val_00002064.JPEG,n02422699,352,impala,0.7930303812026978,0.7585870623588562,0.8328810334205627
/mnt/sda2/datasets/imagenet1k/imagenet-nano3/val/n02483362/ILSVRC2012_val_00003712.JPEG,n02483362,368,gibbon,0.7330870628356934,0.7351967096328735,0.8675838708877563
/mnt/sda2/datasets/imagenet1k/imagenet-nano3/val/n03876231/ILSVRC2012_val_00008908.JPEG,n03876231,696,paintbrush,0.8649381399154663,0.7949057817459106,0.8206100463867188
/mnt/sda2/datasets/imagenet1k/imagenet-nano3/val/n02437616/ILSVRC2012_val_00041185.JPEG,n02437616,355,llama,0.7614956498146057,0.8046624064445496,0.9070597887039185
/mnt/sda2/datasets/imagenet1k/imagenet-nano3/val/n02437616/ILSVRC2012_val_00026223.JPEG,n02437616,355,llama,0.7849644422531128,0.7261414527893066,0.8788425922393799
/mnt/sda2/datasets/imagenet1k/imagenet-nano3/val/n03188531/ILSVRC2012_val_00004916.JPEG,n03188531,529,diaper,0.9183015823364258,0.7853294014930725,0.9079562425613403
/mnt/sda2/datasets/imagenet1k/imagenet-nano3/val/n02099267/ILSVRC2012_val_00033072.JPEG,n02099267,205,flat-coated_retriever,0.729981541633606,0.8092657327651978,0.7626509070396423
/mnt/sda2/datasets/imagenet1k/imagenet-nano3/val/n02099267/ILSVRC2012_val_00047671.JPEG,n02099267,205,flat-coated_retriever,0.7347333431243896,0.7438610792160034,0.7591202259063721
/mnt/sda2/datasets/imagenet1k/imagenet-nano3/val/n03207743/ILSVRC2012_val_00030446.JPEG,n03207743,533,dishrag,0.885248601436615,0.7795965075492859,0.7641792893409729
/mnt/sda2/datasets/imagenet1k/imagenet-nano3/val/n03207743/ILSVRC2012_val_00022213.JPEG,n03207743,533,dishrag,0.7166534662246704,0.7436645030975342,0.8371815085411072
/mnt/sda2/datasets/imagenet1k/imagenet-nano3/val/n01560419/ILSVRC2012_val_00004037.JPEG,n01560419,16,bulbul,0.806851863861084,0.7129151225090027,0.8730301260948181
/mnt/sda2/datasets/imagenet1k/imagenet-nano3/val/n01560419/ILSVRC2012_val_00012870.JPEG,n01560419,16,bulbul,0.794338583946228,0.7151758670806885,0.8778606653213501
/mnt/sda2/datasets/imagenet1k/imagenet-nano3/val/n04389033/ILSVRC2012_val_00049454.JPEG,n04389033,847,tank,0.8464756011962891,0.7768024206161499,0.8360413312911987
/mnt/sda2/datasets/imagenet1k/imagenet-nano3/val/n02667093/ILSVRC2012_val_00035215.JPEG,n02667093,399,abaya,0.9943472743034363,0.8355466723442078,0.9406440258026123
/mnt/sda2/datasets/imagenet1k/imagenet-nano3/val/n01729322/ILSVRC2012_val_00044534.JPEG,n01729322,54,hognose_snake,0.7905343174934387,0.7279825806617737,0.8874989151954651
/mnt/sda2/datasets/imagenet1k/imagenet-nano3/val/n02676566/ILSVRC2012_val_00003441.JPEG,n02676566,402,acoustic_guitar,0.729625940322876,0.8000457882881165,0.8874854445457458
/mnt/sda2/datasets/imagenet1k/imagenet-nano3/val/n02321529/ILSVRC2012_val_00040385.JPEG,n02321529,329,sea_cucumber,0.8355459570884705,0.7966221570968628,0.8752217292785645
/mnt/sda2/datasets/imagenet1k/imagenet-nano3/val/n02321529/ILSVRC2012_val_00036810.JPEG,n02321529,329,sea_cucumber,0.8015782833099365,0.7767921686172485,0.8907364010810852
/mnt/sda2/datasets/imagenet1k/imagenet-nano3/val/n04277352/ILSVRC2012_val_00006163.JPEG,n04277352,816,spindle,0.8842584490776062,0.9022431373596191,0.9156074523925781
/mnt/sda2/datasets/imagenet1k/imagenet-nano3/val/n04277352/ILSVRC2012_val_00017426.JPEG,n04277352,816,spindle,0.8765574097633362,0.7914867401123047,0.9175167679786682
/mnt/sda2/datasets/imagenet1k/imagenet-nano3/val/n01632777/ILSVRC2012_val_00035654.JPEG,n01632777,29,axolotl,0.8193019032478333,0.7128472328186035,0.9036242961883545
/mnt/sda2/datasets/imagenet1k/imagenet-nano3/val/n01632777/ILSVRC2012_val_00045924.JPEG,n01632777,29,axolotl,0.7248011827468872,0.712451159954071,0.9046238660812378
/mnt/sda2/datasets/imagenet1k/imagenet-nano3/val/n02447366/ILSVRC2012_val_00039103.JPEG,n02447366,362,badger,0.8416644930839539,0.7509751915931702,0.8833999633789062
/mnt/sda2/datasets/imagenet1k/imagenet-nano3/val/n03447447/ILSVRC2012_val_00033728.JPEG,n03447447,576,gondola,0.8071629405021667,0.7873637676239014,0.8909019231796265
/mnt/sda2/datasets/imagenet1k/imagenet-nano3/val/n03447447/ILSVRC2012_val_00036574.JPEG,n03447447,576,gondola,0.8520036339759827,0.8020213842391968,0.8962129354476929
/mnt/sda2/datasets/imagenet1k/imagenet-nano3/val/n03447447/ILSVRC2012_val_00045821.JPEG,n03447447,576,gondola,0.8326887488365173,0.8077803254127502,0.8497905731201172
/mnt/sda2/datasets/imagenet1k/imagenet-nano3/val/n02091635/ILSVRC2012_val_00006720.JPEG,n02091635,175,otterhound,0.9350796341896057,0.8476707339286804,0.8663403391838074
/mnt/sda2/datasets/imagenet1k/imagenet-nano3/val/n02091635/ILSVRC2012_val_00032793.JPEG,n02091635,175,otterhound,0.7241542935371399,0.7400448322296143,0.8831602931022644
/mnt/sda2/datasets/imagenet1k/imagenet-nano3/val/n03240683/ILSVRC2012_val_00012597.JPEG,n03240683,540,drilling_platform,0.8703744411468506,0.8100040555000305,0.8928171992301941
/mnt/sda2/datasets/imagenet1k/imagenet-nano3/val/n03240683/ILSVRC2012_val_00040675.JPEG,n03240683,540,drilling_platform,0.7294598817825317,0.8241229057312012,0.904110848903656
/mnt/sda2/datasets/imagenet1k/imagenet-nano3/val/n03425413/ILSVRC2012_val_00045944.JPEG,n03425413,571,gas_pump,0.7646132111549377,0.8226398229598999,0.9242796897888184
/mnt/sda2/datasets/imagenet1k/imagenet-nano3/val/n02018207/ILSVRC2012_val_00022926.JPEG,n02018207,137,American_coot,0.8533040881156921,0.7054651975631714,0.895527720451355
/mnt/sda2/datasets/imagenet1k/imagenet-nano3/val/n02018207/ILSVRC2012_val_00021851.JPEG,n02018207,137,American_coot,0.7444708347320557,0.7648952603340149,0.8673993945121765
/mnt/sda2/datasets/imagenet1k/imagenet-nano3/val/n02408429/ILSVRC2012_val_00041767.JPEG,n02408429,346,water_buffalo,0.8369362354278564,0.7004740238189697,0.8998153805732727
/mnt/sda2/datasets/imagenet1k/imagenet-nano3/val/n04435653/ILSVRC2012_val_00014610.JPEG,n04435653,858,tile_roof,0.8849003314971924,0.8695911169052124,0.9030607342720032
/mnt/sda2/datasets/imagenet1k/imagenet-nano3/val/n04435653/ILSVRC2012_val_00039351.JPEG,n04435653,858,tile_roof,0.8368823528289795,0.7857479453086853,0.8505804538726807
/mnt/sda2/datasets/imagenet1k/imagenet-nano3/val/n04069434/ILSVRC2012_val_00011327.JPEG,n04069434,759,reflex_camera,0.8248487114906311,0.7367323040962219,0.8907397985458374
/mnt/sda2/datasets/imagenet1k/imagenet-nano3/val/n04069434/ILSVRC2012_val_00035899.JPEG,n04069434,759,reflex_camera,0.7049688100814819,0.7689311504364014,0.9040325880050659
/mnt/sda2/datasets/imagenet1k/imagenet-nano3/val/n03216828/ILSVRC2012_val_00018995.JPEG,n03216828,536,dock,0.9075183868408203,0.8483479619026184,0.9570725560188293
/mnt/sda2/datasets/imagenet1k/imagenet-nano3/val/n03216828/ILSVRC2012_val_00027581.JPEG,n03216828,536,dock,0.8084758520126343,0.7294028401374817,0.8872414827346802
/mnt/sda2/datasets/imagenet1k/imagenet-nano3/val/n03216828/ILSVRC2012_val_00027221.JPEG,n03216828,536,dock,0.7863665819168091,0.7979899048805237,0.7534524202346802
/mnt/sda2/datasets/imagenet1k/imagenet-nano3/val/n04033901/ILSVRC2012_val_00003376.JPEG,n04033901,749,quill,0.9988299012184143,0.8854881525039673,0.9406732320785522
/mnt/sda2/datasets/imagenet1k/imagenet-nano3/val/n02950826/ILSVRC2012_val_00000596.JPEG,n02950826,471,cannon,0.7895767092704773,0.7770692110061646,0.9527142643928528
/mnt/sda2/datasets/imagenet1k/imagenet-nano3/val/n02950826/ILSVRC2012_val_00020752.JPEG,n02950826,471,cannon,0.7977418303489685,0.8151546120643616,0.8261386156082153
/mnt/sda2/datasets/imagenet1k/imagenet-nano3/val/n02133161/ILSVRC2012_val_00012507.JPEG,n02133161,295,American_black_bear,0.8782292604446411,0.7372996807098389,0.9097740650177002
/mnt/sda2/datasets/imagenet1k/imagenet-nano3/val/n03595614/ILSVRC2012_val_00028375.JPEG,n03595614,610,jersey,0.8788450956344604,0.783599317073822,0.7493801116943359
/mnt/sda2/datasets/imagenet1k/imagenet-nano3/val/n03595614/ILSVRC2012_val_00014015.JPEG,n03595614,610,jersey,0.7463624477386475,0.8404300212860107,0.8288384079933167
/mnt/sda2/datasets/imagenet1k/imagenet-nano3/val/n04335435/ILSVRC2012_val_00022600.JPEG,n04335435,829,streetcar,0.8570120334625244,0.7969663739204407,0.8470717072486877
/mnt/sda2/datasets/imagenet1k/imagenet-nano3/val/n04335435/ILSVRC2012_val_00049663.JPEG,n04335435,829,streetcar,0.8165484666824341,0.711665689945221,0.8870051503181458
/mnt/sda2/datasets/imagenet1k/imagenet-nano3/val/n04335435/ILSVRC2012_val_00043000.JPEG,n04335435,829,streetcar,0.8079357743263245,0.761734127998352,0.8757997751235962
/mnt/sda2/datasets/imagenet1k/imagenet-nano3/val/n03127747/ILSVRC2012_val_00023908.JPEG,n03127747,518,crash_helmet,0.7360551357269287,0.8566613793373108,0.9664241671562195
/mnt/sda2/datasets/imagenet1k/imagenet-nano3/val/n03127747/ILSVRC2012_val_00013302.JPEG,n03127747,518,crash_helmet,0.8503047227859497,0.8329082727432251,0.8757027387619019
/mnt/sda2/datasets/imagenet1k/imagenet-nano3/val/n02115913/ILSVRC2012_val_00039608.JPEG,n02115913,274,dhole,0.8283973336219788,0.7600353956222534,0.908341646194458
/mnt/sda2/datasets/imagenet1k/imagenet-nano3/val/n02115913/ILSVRC2012_val_00008362.JPEG,n02115913,274,dhole,0.8438030481338501,0.8116694092750549,0.9131824374198914
/mnt/sda2/datasets/imagenet1k/imagenet-nano3/val/n02115913/ILSVRC2012_val_00040454.JPEG,n02115913,274,dhole,0.7256672978401184,0.7914565801620483,0.8912415504455566
/mnt/sda2/datasets/imagenet1k/imagenet-nano3/val/n01768244/ILSVRC2012_val_00026903.JPEG,n01768244,69,trilobite,0.7875673174858093,0.7068723440170288,0.8977903127670288
/mnt/sda2/datasets/imagenet1k/imagenet-nano3/val/n03393912/ILSVRC2012_val_00004389.JPEG,n03393912,565,freight_car,0.8009283542633057,0.7490453124046326,0.8916879892349243
/mnt/sda2/datasets/imagenet1k/imagenet-nano3/val/n03393912/ILSVRC2012_val_00046790.JPEG,n03393912,565,freight_car,0.8531428575515747,0.8222802877426147,0.8587999939918518
/mnt/sda2/datasets/imagenet1k/imagenet-nano3/val/n03393912/ILSVRC2012_val_00036670.JPEG,n03393912,565,freight_car,0.8241106867790222,0.7932358384132385,0.8642911911010742
/mnt/sda2/datasets/imagenet1k/imagenet-nano3/val/n02099601/ILSVRC2012_val_00020367.JPEG,n02099601,207,golden_retriever,0.7449071407318115,0.7827600836753845,0.9082356691360474
/mnt/sda2/datasets/imagenet1k/imagenet-nano3/val/n04125021/ILSVRC2012_val_00034422.JPEG,n04125021,771,safe,0.9054960012435913,0.814399003982544,0.7691819071769714
/mnt/sda2/datasets/imagenet1k/imagenet-nano3/val/n04125021/ILSVRC2012_val_00010948.JPEG,n04125021,771,safe,0.8869255781173706,0.7937222719192505,0.9266781806945801
/mnt/sda2/datasets/imagenet1k/imagenet-nano3/val/n04532670/ILSVRC2012_val_00039577.JPEG,n04532670,888,viaduct,0.8159723877906799,0.8086338043212891,0.8820152282714844
/mnt/sda2/datasets/imagenet1k/imagenet-nano3/val/n04532670/ILSVRC2012_val_00041695.JPEG,n04532670,888,viaduct,0.7743768692016602,0.7625406384468079,0.8864718675613403
/mnt/sda2/datasets/imagenet1k/imagenet-nano3/val/n03840681/ILSVRC2012_val_00018185.JPEG,n03840681,684,ocarina,0.7664180994033813,0.8369491100311279,0.9915847778320312
/mnt/sda2/datasets/imagenet1k/imagenet-nano3/val/n03840681/ILSVRC2012_val_00040993.JPEG,n03840681,684,ocarina,0.8666028380393982,0.7905474901199341,0.9547340273857117
/mnt/sda2/datasets/imagenet1k/imagenet-nano3/val/n03840681/ILSVRC2012_val_00036362.JPEG,n03840681,684,ocarina,0.8366074562072754,0.7510820031166077,0.8932508230209351
/mnt/sda2/datasets/imagenet1k/imagenet-nano3/val/n02095314/ILSVRC2012_val_00001001.JPEG,n02095314,188,wire-haired_fox_terrier,0.921164870262146,0.8239349722862244,0.8732054829597473
/mnt/sda2/datasets/imagenet1k/imagenet-nano3/val/n02095314/ILSVRC2012_val_00019175.JPEG,n02095314,188,wire-haired_fox_terrier,0.9373836517333984,0.780627965927124,0.8641358017921448
/mnt/sda2/datasets/imagenet1k/imagenet-nano3/val/n02114548/ILSVRC2012_val_00025665.JPEG,n02114548,270,white_wolf,0.8220270276069641,0.7401012182235718,0.8875057697296143
/mnt/sda2/datasets/imagenet1k/imagenet-nano3/val/n02114548/ILSVRC2012_val_00042098.JPEG,n02114548,270,white_wolf,0.8287357091903687,0.7857106924057007,0.8739801049232483
/mnt/sda2/datasets/imagenet1k/imagenet-nano3/val/n07760859/ILSVRC2012_val_00047640.JPEG,n07760859,956,custard_apple,0.7708343863487244,0.8513705730438232,0.8465845584869385
/mnt/sda2/datasets/imagenet1k/imagenet-nano3/val/n07760859/ILSVRC2012_val_00025217.JPEG,n07760859,956,custard_apple,0.7817239165306091,0.8493832349777222,0.8779575824737549
/mnt/sda2/datasets/imagenet1k/imagenet-nano3/val/n02488702/ILSVRC2012_val_00010182.JPEG,n02488702,375,colobus,0.8058701157569885,0.7943944931030273,0.8475609421730042
/mnt/sda2/datasets/imagenet1k/imagenet-nano3/val/n02488702/ILSVRC2012_val_00021333.JPEG,n02488702,375,colobus,0.900203287601471,0.7343442440032959,0.8598375916481018
/mnt/sda2/datasets/imagenet1k/imagenet-nano3/val/n02509815/ILSVRC2012_val_00023775.JPEG,n02509815,387,lesser_panda,0.8504121899604797,0.7593597173690796,0.8896785378456116
/mnt/sda2/datasets/imagenet1k/imagenet-nano3/val/n02509815/ILSVRC2012_val_00026182.JPEG,n02509815,387,lesser_panda,0.8065072894096375,0.7084115743637085,0.8866201043128967
/mnt/sda2/datasets/imagenet1k/imagenet-nano3/val/n13044778/ILSVRC2012_val_00041841.JPEG,n13044778,995,earthstar,0.8273102045059204,0.7464351654052734,0.8866544961929321
/mnt/sda2/datasets/imagenet1k/imagenet-nano3/val/n02403003/ILSVRC2012_val_00015027.JPEG,n02403003,345,ox,0.7001785039901733,0.7964622974395752,0.7898900508880615
/mnt/sda2/datasets/imagenet1k/imagenet-nano3/val/n03255030/ILSVRC2012_val_00006779.JPEG,n03255030,543,dumbbell,0.9445365071296692,0.8388906717300415,0.7909647226333618
/mnt/sda2/datasets/imagenet1k/imagenet-nano3/val/n04208210/ILSVRC2012_val_00032928.JPEG,n04208210,792,shovel,0.9463425874710083,0.8685360550880432,0.9283261895179749
/mnt/sda2/datasets/imagenet1k/imagenet-nano3/val/n03133878/ILSVRC2012_val_00021118.JPEG,n03133878,521,Crock_Pot,0.9760135412216187,0.92093425989151,0.9156076908111572
/mnt/sda2/datasets/imagenet1k/imagenet-nano3/val/n03124170/ILSVRC2012_val_00024379.JPEG,n03124170,515,cowboy_hat,0.9135915637016296,0.7656053304672241,0.9269381761550903
/mnt/sda2/datasets/imagenet1k/imagenet-nano3/val/n06874185/ILSVRC2012_val_00029134.JPEG,n06874185,920,traffic_light,0.8069028258323669,0.7939527034759521,0.9127928018569946
/mnt/sda2/datasets/imagenet1k/imagenet-nano3/val/n03065424/ILSVRC2012_val_00046103.JPEG,n03065424,506,coil,0.7381550669670105,0.7623494267463684,0.8895518183708191
/mnt/sda2/datasets/imagenet1k/imagenet-nano3/val/n01843065/ILSVRC2012_val_00025616.JPEG,n01843065,95,jacamar,0.8437506556510925,0.7123748660087585,0.8820464015007019
/mnt/sda2/datasets/imagenet1k/imagenet-nano3/val/n04550184/ILSVRC2012_val_00008851.JPEG,n04550184,894,wardrobe,0.7402697205543518,0.7719514966011047,0.8750011324882507
/mnt/sda2/datasets/imagenet1k/imagenet-nano3/val/n01984695/ILSVRC2012_val_00002743.JPEG,n01984695,123,spiny_lobster,0.8249707818031311,0.7012320160865784,0.8852734565734863
/mnt/sda2/datasets/imagenet1k/imagenet-nano3/val/n02007558/ILSVRC2012_val_00022414.JPEG,n02007558,130,flamingo,0.8773576617240906,0.7924207448959351,0.8303024768829346
/mnt/sda2/datasets/imagenet1k/imagenet-nano3/val/n02007558/ILSVRC2012_val_00014883.JPEG,n02007558,130,flamingo,0.8380966186523438,0.745459258556366,0.900226354598999
/mnt/sda2/datasets/imagenet1k/imagenet-nano3/val/n02007558/ILSVRC2012_val_00004730.JPEG,n02007558,130,flamingo,0.8499916195869446,0.8246895670890808,0.8991937041282654
/mnt/sda2/datasets/imagenet1k/imagenet-nano3/val/n01817953/ILSVRC2012_val_00009194.JPEG,n01817953,87,African_grey,0.8623164296150208,0.7801010012626648,0.8889588117599487
/mnt/sda2/datasets/imagenet1k/imagenet-nano3/val/n01817953/ILSVRC2012_val_00002791.JPEG,n01817953,87,African_grey,0.9707149267196655,0.8916350603103638,0.8999080657958984
/mnt/sda2/datasets/imagenet1k/imagenet-nano3/val/n01817953/ILSVRC2012_val_00038169.JPEG,n01817953,87,African_grey,0.8901668787002563,0.7744643688201904,0.8903197646141052
/mnt/sda2/datasets/imagenet1k/imagenet-nano3/val/n02219486/ILSVRC2012_val_00034921.JPEG,n02219486,310,ant,0.8082009553909302,0.7255542278289795,0.9044331312179565
/mnt/sda2/datasets/imagenet1k/imagenet-nano3/val/n03372029/ILSVRC2012_val_00028591.JPEG,n03372029,558,flute,0.7798013687133789,0.7994332313537598,0.7670273184776306
/mnt/sda2/datasets/imagenet1k/imagenet-nano3/val/n02074367/ILSVRC2012_val_00039158.JPEG,n02074367,149,dugong,0.8249683380126953,0.8143482804298401,0.8878752589225769
/mnt/sda2/datasets/imagenet1k/imagenet-nano3/val/n02074367/ILSVRC2012_val_00000072.JPEG,n02074367,149,dugong,0.791248619556427,0.7587124705314636,0.8923386335372925
/mnt/sda2/datasets/imagenet1k/imagenet-nano3/val/n02074367/ILSVRC2012_val_00043097.JPEG,n02074367,149,dugong,0.839373767375946,0.785388171672821,0.9040706753730774
/mnt/sda2/datasets/imagenet1k/imagenet-nano3/val/n02111500/ILSVRC2012_val_00010466.JPEG,n02111500,257,Great_Pyrenees,0.8696604371070862,0.8070682883262634,0.8762930631637573
/mnt/sda2/datasets/imagenet1k/imagenet-nano3/val/n04147183/ILSVRC2012_val_00003815.JPEG,n04147183,780,schooner,0.8702786564826965,0.8604459762573242,0.8184443116188049
/mnt/sda2/datasets/imagenet1k/imagenet-nano3/val/n04147183/ILSVRC2012_val_00011098.JPEG,n04147183,780,schooner,0.7818893790245056,0.7330036759376526,0.8362963795661926
/mnt/sda2/datasets/imagenet1k/imagenet-nano3/val/n02120079/ILSVRC2012_val_00035154.JPEG,n02120079,279,Arctic_fox,0.8998454809188843,0.7757322788238525,0.912213146686554
/mnt/sda2/datasets/imagenet1k/imagenet-nano3/val/n02120079/ILSVRC2012_val_00012857.JPEG,n02120079,279,Arctic_fox,0.8820664286613464,0.78182452917099,0.8968859910964966
/mnt/sda2/datasets/imagenet1k/imagenet-nano3/val/n02120079/ILSVRC2012_val_00037343.JPEG,n02120079,279,Arctic_fox,0.746650218963623,0.7339048981666565,0.8808853030204773
/mnt/sda2/datasets/imagenet1k/imagenet-nano3/val/n02489166/ILSVRC2012_val_00048099.JPEG,n02489166,376,proboscis_monkey,0.8023089170455933,0.8347035050392151,0.8782725930213928
/mnt/sda2/datasets/imagenet1k/imagenet-nano3/val/n02489166/ILSVRC2012_val_00014163.JPEG,n02489166,376,proboscis_monkey,0.7771769165992737,0.8047147989273071,0.8899478912353516
/mnt/sda2/datasets/imagenet1k/imagenet-nano3/val/n03584829/ILSVRC2012_val_00025030.JPEG,n03584829,606,iron,0.869186520576477,0.7241449356079102,0.9302067160606384
/mnt/sda2/datasets/imagenet1k/imagenet-nano3/val/n03584829/ILSVRC2012_val_00016286.JPEG,n03584829,606,iron,0.9286968111991882,0.7462410926818848,0.924309492111206
/mnt/sda2/datasets/imagenet1k/imagenet-nano3/val/n02787622/ILSVRC2012_val_00013866.JPEG,n02787622,420,banjo,0.8493974208831787,0.8800617456436157,0.9168943762779236
/mnt/sda2/datasets/imagenet1k/imagenet-nano3/val/n02092339/ILSVRC2012_val_00010657.JPEG,n02092339,178,Weimaraner,0.7479112148284912,0.736696720123291,0.8562232851982117
/mnt/sda2/datasets/imagenet1k/imagenet-nano3/val/n02092339/ILSVRC2012_val_00017966.JPEG,n02092339,178,Weimaraner,0.8529815673828125,0.808245837688446,0.8873794078826904
/mnt/sda2/datasets/imagenet1k/imagenet-nano3/val/n03794056/ILSVRC2012_val_00048611.JPEG,n03794056,674,mousetrap,0.8911805748939514,0.8316577076911926,0.8725358247756958
/mnt/sda2/datasets/imagenet1k/imagenet-nano3/val/n01530575/ILSVRC2012_val_00002023.JPEG,n01530575,10,brambling,0.8206945657730103,0.7121934294700623,0.8843604326248169
/mnt/sda2/datasets/imagenet1k/imagenet-nano3/val/n03400231/ILSVRC2012_val_00047233.JPEG,n03400231,567,frying_pan,0.7888768315315247,0.7466692328453064,0.9485440850257874
/mnt/sda2/datasets/imagenet1k/imagenet-nano3/val/n02100236/ILSVRC2012_val_00037771.JPEG,n02100236,210,German_short-haired_pointer,0.7148194909095764,0.7926195859909058,0.8804745674133301
/mnt/sda2/datasets/imagenet1k/imagenet-nano3/val/n04136333/ILSVRC2012_val_00028859.JPEG,n04136333,775,sarong,0.9842699766159058,0.9468831419944763,0.8401322364807129
/mnt/sda2/datasets/imagenet1k/imagenet-nano3/val/n03657121/ILSVRC2012_val_00025475.JPEG,n03657121,622,lens_cap,0.8683140277862549,0.7609367370605469,0.8412671685218811
/mnt/sda2/datasets/imagenet1k/imagenet-nano3/val/n03657121/ILSVRC2012_val_00048747.JPEG,n03657121,622,lens_cap,0.8505964875221252,0.7796293497085571,0.9231719970703125
/mnt/sda2/datasets/imagenet1k/imagenet-nano3/val/n02086910/ILSVRC2012_val_00042075.JPEG,n02086910,157,papillon,0.7835384607315063,0.763672947883606,0.9080495238304138
/mnt/sda2/datasets/imagenet1k/imagenet-nano3/val/n02086910/ILSVRC2012_val_00001389.JPEG,n02086910,157,papillon,0.858751654624939,0.8533214330673218,0.9359753727912903
/mnt/sda2/datasets/imagenet1k/imagenet-nano3/val/n02086910/ILSVRC2012_val_00020473.JPEG,n02086910,157,papillon,0.8630818128585815,0.735378623008728,0.8451126217842102
/mnt/sda2/datasets/imagenet1k/imagenet-nano3/val/n03662601/ILSVRC2012_val_00002308.JPEG,n03662601,625,lifeboat,0.8622485399246216,0.7507297992706299,0.8584189414978027
/mnt/sda2/datasets/imagenet1k/imagenet-nano3/val/n03662601/ILSVRC2012_val_00023517.JPEG,n03662601,625,lifeboat,0.9152963757514954,0.7163141965866089,0.9197405576705933
/mnt/sda2/datasets/imagenet1k/imagenet-nano3/val/n01695060/ILSVRC2012_val_00034125.JPEG,n01695060,48,Komodo_dragon,0.7768367528915405,0.7800881266593933,0.8845943212509155
/mnt/sda2/datasets/imagenet1k/imagenet-nano3/val/n01695060/ILSVRC2012_val_00008095.JPEG,n01695060,48,Komodo_dragon,0.8226505517959595,0.7235143780708313,0.8957618474960327
/mnt/sda2/datasets/imagenet1k/imagenet-nano3/val/n02835271/ILSVRC2012_val_00018975.JPEG,n02835271,444,bicycle-built-for-two,0.8598179817199707,0.7515208721160889,0.811163604259491
/mnt/sda2/datasets/imagenet1k/imagenet-nano3/val/n02835271/ILSVRC2012_val_00005274.JPEG,n02835271,444,bicycle-built-for-two,0.8367146849632263,0.7801142334938049,0.8939982056617737
/mnt/sda2/datasets/imagenet1k/imagenet-nano3/val/n02090379/ILSVRC2012_val_00038737.JPEG,n02090379,168,redbone,0.8764386177062988,0.7884286642074585,0.8835543394088745
/mnt/sda2/datasets/imagenet1k/imagenet-nano3/val/n02169497/ILSVRC2012_val_00022351.JPEG,n02169497,304,leaf_beetle,0.8082995414733887,0.766303300857544,0.7988071441650391
/mnt/sda2/datasets/imagenet1k/imagenet-nano3/val/n02364673/ILSVRC2012_val_00006291.JPEG,n02364673,338,guinea_pig,0.7767783403396606,0.8123430013656616,0.871333122253418
/mnt/sda2/datasets/imagenet1k/imagenet-nano3/val/n02364673/ILSVRC2012_val_00012892.JPEG,n02364673,338,guinea_pig,0.853801965713501,0.7642008066177368,0.8911589980125427
/mnt/sda2/datasets/imagenet1k/imagenet-nano3/val/n02364673/ILSVRC2012_val_00046951.JPEG,n02364673,338,guinea_pig,0.8175304532051086,0.7647267580032349,0.906104326248169
/mnt/sda2/datasets/imagenet1k/imagenet-nano3/val/n02108422/ILSVRC2012_val_00022776.JPEG,n02108422,243,bull_mastiff,0.7592349052429199,0.8483290672302246,0.8916056156158447
/mnt/sda2/datasets/imagenet1k/imagenet-nano3/val/n02108422/ILSVRC2012_val_00023105.JPEG,n02108422,243,bull_mastiff,0.8318652510643005,0.8447554111480713,0.9017689228057861
/mnt/sda2/datasets/imagenet1k/imagenet-nano3/val/n02108422/ILSVRC2012_val_00049901.JPEG,n02108422,243,bull_mastiff,0.7665641903877258,0.8538032174110413,0.8981147408485413
/mnt/sda2/datasets/imagenet1k/imagenet-nano3/val/n02113799/ILSVRC2012_val_00024272.JPEG,n02113799,267,standard_poodle,0.8511854410171509,0.825543224811554,0.8694020509719849
/mnt/sda2/datasets/imagenet1k/imagenet-nano3/val/n04515003/ILSVRC2012_val_00028612.JPEG,n04515003,881,upright,0.9107597470283508,0.7952926754951477,0.9034236073493958
/mnt/sda2/datasets/imagenet1k/imagenet-nano3/val/n04584207/ILSVRC2012_val_00032115.JPEG,n04584207,903,wig,0.777010977268219,0.8461026549339294,0.9338855147361755
/mnt/sda2/datasets/imagenet1k/imagenet-nano3/val/n02093991/ILSVRC2012_val_00039027.JPEG,n02093991,184,Irish_terrier,0.9721599817276001,0.8471049070358276,0.9211850762367249
/mnt/sda2/datasets/imagenet1k/imagenet-nano3/val/n02093991/ILSVRC2012_val_00025690.JPEG,n02093991,184,Irish_terrier,0.7708966732025146,0.864483118057251,0.9478635787963867
/mnt/sda2/datasets/imagenet1k/imagenet-nano3/val/n04553703/ILSVRC2012_val_00031261.JPEG,n04553703,896,washbasin,0.9134145975112915,0.8101649880409241,0.8537092208862305
/mnt/sda2/datasets/imagenet1k/imagenet-nano3/val/n04553703/ILSVRC2012_val_00015991.JPEG,n04553703,896,washbasin,0.7240062355995178,0.7676343321800232,0.884102463722229
/mnt/sda2/datasets/imagenet1k/imagenet-nano3/val/n04606251/ILSVRC2012_val_00008173.JPEG,n04606251,913,wreck,0.9141777157783508,0.8957526683807373,0.8711345791816711
/mnt/sda2/datasets/imagenet1k/imagenet-nano3/val/n03902125/ILSVRC2012_val_00030496.JPEG,n03902125,707,pay-phone,0.7817370295524597,0.7578829526901245,0.915260910987854
/mnt/sda2/datasets/imagenet1k/imagenet-nano3/val/n04589890/ILSVRC2012_val_00035963.JPEG,n04589890,904,window_screen,0.733529806137085,0.8489962220191956,0.8448323011398315
/mnt/sda2/datasets/imagenet1k/imagenet-nano3/val/n04589890/ILSVRC2012_val_00022480.JPEG,n04589890,904,window_screen,0.8658408522605896,0.8468657732009888,0.890457272529602
/mnt/sda2/datasets/imagenet1k/imagenet-nano3/val/n04589890/ILSVRC2012_val_00017272.JPEG,n04589890,904,window_screen,0.7916123270988464,0.8406609892845154,0.8259525895118713
/mnt/sda2/datasets/imagenet1k/imagenet-nano3/val/n02526121/ILSVRC2012_val_00034488.JPEG,n02526121,390,eel,0.8347790837287903,0.7026283144950867,0.9031801223754883
/mnt/sda2/datasets/imagenet1k/imagenet-nano3/val/n02526121/ILSVRC2012_val_00005210.JPEG,n02526121,390,eel,0.782360315322876,0.7377423644065857,0.8249582052230835
/mnt/sda2/datasets/imagenet1k/imagenet-nano3/val/n02834397/ILSVRC2012_val_00044630.JPEG,n02834397,443,bib,0.8525676131248474,0.7400512099266052,0.9172214865684509
/mnt/sda2/datasets/imagenet1k/imagenet-nano3/val/n02834397/ILSVRC2012_val_00007240.JPEG,n02834397,443,bib,0.8732489347457886,0.8616628050804138,0.9485185742378235
/mnt/sda2/datasets/imagenet1k/imagenet-nano3/val/n01742172/ILSVRC2012_val_00038304.JPEG,n01742172,61,boa_constrictor,0.88084876537323,0.7751295566558838,0.9025969505310059
/mnt/sda2/datasets/imagenet1k/imagenet-nano3/val/n02825657/ILSVRC2012_val_00015948.JPEG,n02825657,442,bell_cote,0.887621283531189,0.7878190875053406,0.8574783802032471
/mnt/sda2/datasets/imagenet1k/imagenet-nano3/val/n02643566/ILSVRC2012_val_00043004.JPEG,n02643566,396,lionfish,0.8679864406585693,0.7611871957778931,0.8832424283027649
/mnt/sda2/datasets/imagenet1k/imagenet-nano3/val/n03954731/ILSVRC2012_val_00002705.JPEG,n03954731,726,plane,0.8564842343330383,0.7968423962593079,0.9128531217575073
/mnt/sda2/datasets/imagenet1k/imagenet-nano3/val/n03954731/ILSVRC2012_val_00026419.JPEG,n03954731,726,plane,0.8922524452209473,0.828521192073822,0.9339829683303833
/mnt/sda2/datasets/imagenet1k/imagenet-nano3/val/n03954731/ILSVRC2012_val_00017626.JPEG,n03954731,726,plane,0.9515023231506348,0.8108795881271362,0.9116518497467041
/mnt/sda2/datasets/imagenet1k/imagenet-nano3/val/n02101388/ILSVRC2012_val_00030291.JPEG,n02101388,215,Brittany_spaniel,0.7789357304573059,0.7415120005607605,0.8801990151405334
/mnt/sda2/datasets/imagenet1k/imagenet-nano3/val/n02096051/ILSVRC2012_val_00043132.JPEG,n02096051,191,Airedale,0.8418704271316528,0.7270058393478394,0.8556946516036987
/mnt/sda2/datasets/imagenet1k/imagenet-nano3/val/n02951358/ILSVRC2012_val_00024906.JPEG,n02951358,472,canoe,0.826265811920166,0.8603348731994629,0.865689754486084
/mnt/sda2/datasets/imagenet1k/imagenet-nano3/val/n02951358/ILSVRC2012_val_00027088.JPEG,n02951358,472,canoe,0.9022193551063538,0.8772628903388977,0.7572343945503235
/mnt/sda2/datasets/imagenet1k/imagenet-nano3/val/n02951358/ILSVRC2012_val_00048455.JPEG,n02951358,472,canoe,0.8632789850234985,0.8895838856697083,0.8628267645835876
/mnt/sda2/datasets/imagenet1k/imagenet-nano3/val/n03467068/ILSVRC2012_val_00042452.JPEG,n03467068,583,guillotine,0.9167352318763733,0.8447722792625427,0.9099295735359192
/mnt/sda2/datasets/imagenet1k/imagenet-nano3/val/n03467068/ILSVRC2012_val_00041424.JPEG,n03467068,583,guillotine,0.8341125249862671,0.8128165602684021,0.8383840322494507
/mnt/sda2/datasets/imagenet1k/imagenet-nano3/val/n03467068/ILSVRC2012_val_00007208.JPEG,n03467068,583,guillotine,0.867224395275116,0.7505525946617126,0.9152499437332153
/mnt/sda2/datasets/imagenet1k/imagenet-nano3/val/n01694178/ILSVRC2012_val_00017926.JPEG,n01694178,47,African_chameleon,0.7734965682029724,0.712039053440094,0.928534984588623
/mnt/sda2/datasets/imagenet1k/imagenet-nano3/val/n03775546/ILSVRC2012_val_00016381.JPEG,n03775546,659,mixing_bowl,0.7167440056800842,0.7602860927581787,0.9106096625328064
/mnt/sda2/datasets/imagenet1k/imagenet-nano3/val/n03775546/ILSVRC2012_val_00025316.JPEG,n03775546,659,mixing_bowl,0.8007157444953918,0.7995374798774719,0.8940855264663696
/mnt/sda2/datasets/imagenet1k/imagenet-nano3/val/n02871525/ILSVRC2012_val_00003028.JPEG,n02871525,454,bookshop,0.8770341277122498,0.8922832012176514,0.8752512335777283
/mnt/sda2/datasets/imagenet1k/imagenet-nano3/val/n01484850/ILSVRC2012_val_00030127.JPEG,n01484850,2,great_white_shark,0.8393904566764832,0.7886669039726257,0.8911908864974976
/mnt/sda2/datasets/imagenet1k/imagenet-nano3/val/n03942813/ILSVRC2012_val_00018725.JPEG,n03942813,722,ping-pong_ball,0.8513513207435608,0.8298175930976868,0.9093166589736938
/mnt/sda2/datasets/imagenet1k/imagenet-nano3/val/n03942813/ILSVRC2012_val_00041504.JPEG,n03942813,722,ping-pong_ball,0.7304551601409912,0.8113316893577576,0.9494873881340027
/mnt/sda2/datasets/imagenet1k/imagenet-nano3/val/n03942813/ILSVRC2012_val_00018628.JPEG,n03942813,722,ping-pong_ball,0.8643615245819092,0.8498675227165222,0.8957311511039734
/mnt/sda2/datasets/imagenet1k/imagenet-nano3/val/n02280649/ILSVRC2012_val_00021992.JPEG,n02280649,324,cabbage_butterfly,0.8044397830963135,0.7053574919700623,0.8992668986320496
/mnt/sda2/datasets/imagenet1k/imagenet-nano3/val/n02120505/ILSVRC2012_val_00043254.JPEG,n02120505,280,grey_fox,0.8177489638328552,0.7570493817329407,0.8125193119049072
/mnt/sda2/datasets/imagenet1k/imagenet-nano3/val/n04423845/ILSVRC2012_val_00014027.JPEG,n04423845,855,thimble,0.8011402487754822,0.8719238042831421,0.8534289002418518
/mnt/sda2/datasets/imagenet1k/imagenet-nano3/val/n03272562/ILSVRC2012_val_00036429.JPEG,n03272562,547,electric_locomotive,0.8570220470428467,0.8553239107131958,0.9063634872436523
/mnt/sda2/datasets/imagenet1k/imagenet-nano3/val/n03272562/ILSVRC2012_val_00014184.JPEG,n03272562,547,electric_locomotive,0.7585902810096741,0.7792127728462219,0.8172636032104492
/mnt/sda2/datasets/imagenet1k/imagenet-nano3/val/n04483307/ILSVRC2012_val_00005196.JPEG,n04483307,871,trimaran,0.8391938805580139,0.7378571629524231,0.8773137927055359
/mnt/sda2/datasets/imagenet1k/imagenet-nano3/val/n04483307/ILSVRC2012_val_00005883.JPEG,n04483307,871,trimaran,0.8019469380378723,0.7527602314949036,0.8224236965179443
/mnt/sda2/datasets/imagenet1k/imagenet-nano3/val/n04483307/ILSVRC2012_val_00040333.JPEG,n04483307,871,trimaran,0.7302232980728149,0.8130531907081604,0.821252703666687
/mnt/sda2/datasets/imagenet1k/imagenet-nano3/val/n02105412/ILSVRC2012_val_00032826.JPEG,n02105412,227,kelpie,0.8910014033317566,0.8378947973251343,0.8529937267303467
/mnt/sda2/datasets/imagenet1k/imagenet-nano3/val/n02066245/ILSVRC2012_val_00009440.JPEG,n02066245,147,grey_whale,0.7982900738716125,0.812171459197998,0.9201604723930359
/mnt/sda2/datasets/imagenet1k/imagenet-nano3/val/n03759954/ILSVRC2012_val_00049557.JPEG,n03759954,650,microphone,0.873867928981781,0.7108917832374573,0.7681483030319214
/mnt/sda2/datasets/imagenet1k/imagenet-nano3/val/n02442845/ILSVRC2012_val_00041087.JPEG,n02442845,357,mink,0.9081004858016968,0.7545956373214722,0.8465258479118347
/mnt/sda2/datasets/imagenet1k/imagenet-nano3/val/n02442845/ILSVRC2012_val_00040698.JPEG,n02442845,357,mink,0.7549050450325012,0.7893383502960205,0.8354813456535339
/mnt/sda2/datasets/imagenet1k/imagenet-nano3/val/n04251144/ILSVRC2012_val_00042178.JPEG,n04251144,801,snorkel,0.8952757716178894,0.8578824400901794,0.9148554801940918
/mnt/sda2/datasets/imagenet1k/imagenet-nano3/val/n03871628/ILSVRC2012_val_00008678.JPEG,n03871628,692,packet,0.7879976630210876,0.8069735765457153,0.7640247344970703
/mnt/sda2/datasets/imagenet1k/imagenet-nano3/val/n03976657/ILSVRC2012_val_00026898.JPEG,n03976657,733,pole,0.9370905756950378,0.7824029922485352,0.7319867610931396
/mnt/sda2/datasets/imagenet1k/imagenet-nano3/val/n01534433/ILSVRC2012_val_00001915.JPEG,n01534433,13,junco,0.8109588027000427,0.7275451421737671,0.8820512294769287
/mnt/sda2/datasets/imagenet1k/imagenet-nano3/val/n01534433/ILSVRC2012_val_00047333.JPEG,n01534433,13,junco,0.7791029214859009,0.7286862134933472,0.8829920291900635
/mnt/sda2/datasets/imagenet1k/imagenet-nano3/val/n01534433/ILSVRC2012_val_00004245.JPEG,n01534433,13,junco,0.836467981338501,0.7021611928939819,0.8989825248718262
/mnt/sda2/datasets/imagenet1k/imagenet-nano3/val/n01981276/ILSVRC2012_val_00009446.JPEG,n01981276,121,king_crab,0.8375698328018188,0.7547003626823425,0.8695756196975708
/mnt/sda2/datasets/imagenet1k/imagenet-nano3/val/n01981276/ILSVRC2012_val_00039138.JPEG,n01981276,121,king_crab,0.8259817361831665,0.839177668094635,0.911161482334137
/mnt/sda2/datasets/imagenet1k/imagenet-nano3/val/n01614925/ILSVRC2012_val_00026707.JPEG,n01614925,22,bald_eagle,0.8430483937263489,0.7649215459823608,0.8833848834037781
/mnt/sda2/datasets/imagenet1k/imagenet-nano3/val/n01614925/ILSVRC2012_val_00033435.JPEG,n01614925,22,bald_eagle,0.8867738842964172,0.7881842851638794,0.8897199630737305
/mnt/sda2/datasets/imagenet1k/imagenet-nano3/val/n02110958/ILSVRC2012_val_00030606.JPEG,n02110958,254,pug,0.880893349647522,0.7264885902404785,0.9125217199325562
/mnt/sda2/datasets/imagenet1k/imagenet-nano3/val/n02110958/ILSVRC2012_val_00036072.JPEG,n02110958,254,pug,0.9527004957199097,0.8785078525543213,0.8936717510223389
/mnt/sda2/datasets/imagenet1k/imagenet-nano3/val/n02794156/ILSVRC2012_val_00003043.JPEG,n02794156,426,barometer,0.8860651254653931,0.9143785834312439,0.9433690905570984
/mnt/sda2/datasets/imagenet1k/imagenet-nano3/val/n02794156/ILSVRC2012_val_00045889.JPEG,n02794156,426,barometer,0.8459485769271851,0.7561566233634949,0.8707901239395142
/mnt/sda2/datasets/imagenet1k/imagenet-nano3/val/n09472597/ILSVRC2012_val_00018560.JPEG,n09472597,980,volcano,0.8463719487190247,0.7068750858306885,0.896791398525238
/mnt/sda2/datasets/imagenet1k/imagenet-nano3/val/n09472597/ILSVRC2012_val_00037959.JPEG,n09472597,980,volcano,0.8051657676696777,0.8330969214439392,0.8721815347671509
/mnt/sda2/datasets/imagenet1k/imagenet-nano3/val/n03498962/ILSVRC2012_val_00044873.JPEG,n03498962,596,hatchet,0.9734553098678589,0.7776537537574768,0.9870750308036804
/mnt/sda2/datasets/imagenet1k/imagenet-nano3/val/n02130308/ILSVRC2012_val_00005006.JPEG,n02130308,293,cheetah,0.7435179352760315,0.7731689810752869,0.8405868411064148
/mnt/sda2/datasets/imagenet1k/imagenet-nano3/val/n02130308/ILSVRC2012_val_00007031.JPEG,n02130308,293,cheetah,0.8184202909469604,0.7680867314338684,0.8500121831893921
/mnt/sda2/datasets/imagenet1k/imagenet-nano3/val/n02510455/ILSVRC2012_val_00012726.JPEG,n02510455,388,giant_panda,0.8232549428939819,0.7750935554504395,0.8967483043670654
/mnt/sda2/datasets/imagenet1k/imagenet-nano3/val/n02510455/ILSVRC2012_val_00047796.JPEG,n02510455,388,giant_panda,0.8692705035209656,0.8326730132102966,0.9351707696914673
/mnt/sda2/datasets/imagenet1k/imagenet-nano3/val/n02510455/ILSVRC2012_val_00035397.JPEG,n02510455,388,giant_panda,0.7781910300254822,0.7541985511779785,0.8872082233428955
/mnt/sda2/datasets/imagenet1k/imagenet-nano3/val/n02086646/ILSVRC2012_val_00022264.JPEG,n02086646,156,Blenheim_spaniel,0.8359931111335754,0.7433727979660034,0.8714156746864319
/mnt/sda2/datasets/imagenet1k/imagenet-nano3/val/n03127925/ILSVRC2012_val_00017591.JPEG,n03127925,519,crate,0.7797685861587524,0.7872840166091919,0.9262890815734863
/mnt/sda2/datasets/imagenet1k/imagenet-nano3/val/n03127925/ILSVRC2012_val_00003971.JPEG,n03127925,519,crate,0.9451258182525635,0.8868598937988281,0.9393573999404907
/mnt/sda2/datasets/imagenet1k/imagenet-nano3/val/n03127925/ILSVRC2012_val_00034903.JPEG,n03127925,519,crate,0.7075281739234924,0.7050478458404541,0.8926003575325012
/mnt/sda2/datasets/imagenet1k/imagenet-nano3/val/n01632458/ILSVRC2012_val_00023080.JPEG,n01632458,28,spotted_salamander,0.784361720085144,0.7287951707839966,0.9076128602027893
/mnt/sda2/datasets/imagenet1k/imagenet-nano3/val/n01632458/ILSVRC2012_val_00025492.JPEG,n01632458,28,spotted_salamander,0.8563112020492554,0.7583256363868713,0.8929693102836609
/mnt/sda2/datasets/imagenet1k/imagenet-nano3/val/n01632458/ILSVRC2012_val_00001131.JPEG,n01632458,28,spotted_salamander,0.7936071157455444,0.7072309255599976,0.8298137784004211
/mnt/sda2/datasets/imagenet1k/imagenet-nano3/val/n02417914/ILSVRC2012_val_00011631.JPEG,n02417914,350,ibex,0.8060937523841858,0.7098678350448608,0.8633691668510437
/mnt/sda2/datasets/imagenet1k/imagenet-nano3/val/n04074963/ILSVRC2012_val_00016214.JPEG,n04074963,761,remote_control,0.8323245644569397,0.7197353839874268,0.919602632522583
/mnt/sda2/datasets/imagenet1k/imagenet-nano3/val/n03388043/ILSVRC2012_val_00034662.JPEG,n03388043,562,fountain,0.7475587725639343,0.7135122418403625,0.8907768130302429
/mnt/sda2/datasets/imagenet1k/imagenet-nano3/val/n01798484/ILSVRC2012_val_00020239.JPEG,n01798484,83,prairie_chicken,0.8497830629348755,0.7753205895423889,0.8840339779853821
/mnt/sda2/datasets/imagenet1k/imagenet-nano3/val/n01798484/ILSVRC2012_val_00002395.JPEG,n01798484,83,prairie_chicken,0.7951347231864929,0.7471284866333008,0.8138204216957092
/mnt/sda2/datasets/imagenet1k/imagenet-nano3/val/n13052670/ILSVRC2012_val_00006421.JPEG,n13052670,996,hen-of-the-woods,0.8361505270004272,0.8145744204521179,0.8870861530303955
/mnt/sda2/datasets/imagenet1k/imagenet-nano3/val/n02486410/ILSVRC2012_val_00000486.JPEG,n02486410,372,baboon,0.8814529776573181,0.8425889015197754,0.883773922920227
/mnt/sda2/datasets/imagenet1k/imagenet-nano3/val/n02486410/ILSVRC2012_val_00000945.JPEG,n02486410,372,baboon,0.7236248254776001,0.7414816617965698,0.8530785441398621
/mnt/sda2/datasets/imagenet1k/imagenet-nano3/val/n04347754/ILSVRC2012_val_00031365.JPEG,n04347754,833,submarine,0.7617343664169312,0.8019145131111145,0.8740217089653015
/mnt/sda2/datasets/imagenet1k/imagenet-nano3/val/n03786901/ILSVRC2012_val_00033326.JPEG,n03786901,666,mortar,0.8657217025756836,0.766339123249054,0.8862552642822266
/mnt/sda2/datasets/imagenet1k/imagenet-nano3/val/n02397096/ILSVRC2012_val_00001712.JPEG,n02397096,343,warthog,0.8810037970542908,0.7577610015869141,0.8472359776496887
/mnt/sda2/datasets/imagenet1k/imagenet-nano3/val/n02397096/ILSVRC2012_val_00009708.JPEG,n02397096,343,warthog,0.8089132308959961,0.7203977108001709,0.9078686237335205
/mnt/sda2/datasets/imagenet1k/imagenet-nano3/val/n07718472/ILSVRC2012_val_00023028.JPEG,n07718472,943,cucumber,0.880759060382843,0.8897241950035095,0.8537254333496094
/mnt/sda2/datasets/imagenet1k/imagenet-nano3/val/n03792972/ILSVRC2012_val_00020645.JPEG,n03792972,672,mountain_tent,0.7979262471199036,0.7192918062210083,0.8842408061027527
/mnt/sda2/datasets/imagenet1k/imagenet-nano3/val/n03792972/ILSVRC2012_val_00024316.JPEG,n03792972,672,mountain_tent,0.8257371783256531,0.7173404693603516,0.9189204573631287
/mnt/sda2/datasets/imagenet1k/imagenet-nano3/val/n04209133/ILSVRC2012_val_00005233.JPEG,n04209133,793,shower_cap,0.7441144585609436,0.8002039194107056,0.9216501712799072
/mnt/sda2/datasets/imagenet1k/imagenet-nano3/val/n02138441/ILSVRC2012_val_00039182.JPEG,n02138441,299,meerkat,0.7468842267990112,0.7199723720550537,0.8485897779464722
/mnt/sda2/datasets/imagenet1k/imagenet-nano3/val/n03670208/ILSVRC2012_val_00037457.JPEG,n03670208,627,limousine,0.9347296953201294,0.7790569067001343,0.917818009853363
/mnt/sda2/datasets/imagenet1k/imagenet-nano3/val/n03670208/ILSVRC2012_val_00043434.JPEG,n03670208,627,limousine,0.7663282752037048,0.7289685010910034,0.9053583741188049
/mnt/sda2/datasets/imagenet1k/imagenet-nano3/val/n02319095/ILSVRC2012_val_00004772.JPEG,n02319095,328,sea_urchin,0.7457209229469299,0.8047853112220764,0.8857712745666504
/mnt/sda2/datasets/imagenet1k/imagenet-nano3/val/n11939491/ILSVRC2012_val_00028956.JPEG,n11939491,985,daisy,0.7906138896942139,0.7204835414886475,0.8748719096183777
/mnt/sda2/datasets/imagenet1k/imagenet-nano3/val/n11939491/ILSVRC2012_val_00048975.JPEG,n11939491,985,daisy,0.8394348621368408,0.7742162346839905,0.887263298034668
/mnt/sda2/datasets/imagenet1k/imagenet-nano3/val/n11939491/ILSVRC2012_val_00044606.JPEG,n11939491,985,daisy,0.8378299474716187,0.7285313010215759,0.8613297343254089
/mnt/sda2/datasets/imagenet1k/imagenet-nano3/val/n04131690/ILSVRC2012_val_00042770.JPEG,n04131690,773,saltshaker,0.7944071888923645,0.8047279715538025,0.823798656463623
/mnt/sda2/datasets/imagenet1k/imagenet-nano3/val/n04131690/ILSVRC2012_val_00033390.JPEG,n04131690,773,saltshaker,0.9181075096130371,0.791765034198761,0.8933719396591187
/mnt/sda2/datasets/imagenet1k/imagenet-nano3/val/n03992509/ILSVRC2012_val_00044041.JPEG,n03992509,739,potter's_wheel,0.7815564274787903,0.7091200351715088,0.884380578994751
/mnt/sda2/datasets/imagenet1k/imagenet-nano3/val/n03743016/ILSVRC2012_val_00005693.JPEG,n03743016,649,megalith,0.8799839615821838,0.7155455350875854,0.8933385610580444
/mnt/sda2/datasets/imagenet1k/imagenet-nano3/val/n03376595/ILSVRC2012_val_00023734.JPEG,n03376595,559,folding_chair,0.9224284887313843,0.7265599966049194,0.9258289933204651
/mnt/sda2/datasets/imagenet1k/imagenet-nano3/val/n03376595/ILSVRC2012_val_00036175.JPEG,n03376595,559,folding_chair,0.7576785087585449,0.910728394985199,0.9049432873725891
/mnt/sda2/datasets/imagenet1k/imagenet-nano3/val/n02423022/ILSVRC2012_val_00047308.JPEG,n02423022,353,gazelle,0.8498505353927612,0.7197673320770264,0.8911218047142029
/mnt/sda2/datasets/imagenet1k/imagenet-nano3/val/n02094114/ILSVRC2012_val_00014810.JPEG,n02094114,185,Norfolk_terrier,0.7631590366363525,0.7313684225082397,0.7216744422912598
/mnt/sda2/datasets/imagenet1k/imagenet-nano3/val/n02094114/ILSVRC2012_val_00043364.JPEG,n02094114,185,Norfolk_terrier,0.7184023261070251,0.7154541015625,0.8634272813796997
/mnt/sda2/datasets/imagenet1k/imagenet-nano3/val/n01496331/ILSVRC2012_val_00007569.JPEG,n01496331,5,electric_ray,0.9073405861854553,0.7443206310272217,0.9020625352859497
/mnt/sda2/datasets/imagenet1k/imagenet-nano3/val/n03496892/ILSVRC2012_val_00032192.JPEG,n03496892,595,harvester,0.8634918928146362,0.7801202535629272,0.8862406611442566
/mnt/sda2/datasets/imagenet1k/imagenet-nano3/val/n02009229/ILSVRC2012_val_00034578.JPEG,n02009229,131,little_blue_heron,0.8909395337104797,0.7900195717811584,0.8635619282722473
/mnt/sda2/datasets/imagenet1k/imagenet-nano3/val/n02009229/ILSVRC2012_val_00000794.JPEG,n02009229,131,little_blue_heron,0.8137766122817993,0.7136011123657227,0.8791530728340149
/mnt/sda2/datasets/imagenet1k/imagenet-nano3/val/n02804414/ILSVRC2012_val_00041763.JPEG,n02804414,431,bassinet,0.7947468161582947,0.8346680402755737,0.7641470432281494
/mnt/sda2/datasets/imagenet1k/imagenet-nano3/val/n07697313/ILSVRC2012_val_00049095.JPEG,n07697313,933,cheeseburger,0.7438586950302124,0.7291179299354553,0.887371838092804
/mnt/sda2/datasets/imagenet1k/imagenet-nano3/val/n13040303/ILSVRC2012_val_00017416.JPEG,n13040303,994,stinkhorn,0.808218777179718,0.7481346726417542,0.8502206206321716
/mnt/sda2/datasets/imagenet1k/imagenet-nano3/val/n13040303/ILSVRC2012_val_00022663.JPEG,n13040303,994,stinkhorn,0.8723612427711487,0.7227728962898254,0.9012090563774109
/mnt/sda2/datasets/imagenet1k/imagenet-nano3/val/n13040303/ILSVRC2012_val_00005844.JPEG,n13040303,994,stinkhorn,0.8943440318107605,0.755395770072937,0.8863784670829773
/mnt/sda2/datasets/imagenet1k/imagenet-nano3/val/n02445715/ILSVRC2012_val_00040228.JPEG,n02445715,361,skunk,0.8275863528251648,0.7965882420539856,0.8764752745628357
/mnt/sda2/datasets/imagenet1k/imagenet-nano3/val/n04458633/ILSVRC2012_val_00039537.JPEG,n04458633,863,totem_pole,0.925296425819397,0.8973236680030823,0.8710700273513794
/mnt/sda2/datasets/imagenet1k/imagenet-nano3/val/n04458633/ILSVRC2012_val_00041937.JPEG,n04458633,863,totem_pole,0.876930296421051,0.8039869070053101,0.8815863728523254
/mnt/sda2/datasets/imagenet1k/imagenet-nano3/val/n04458633/ILSVRC2012_val_00039521.JPEG,n04458633,863,totem_pole,0.8327299356460571,0.728641152381897,0.821727991104126
/mnt/sda2/datasets/imagenet1k/imagenet-nano3/val/n02097209/ILSVRC2012_val_00025606.JPEG,n02097209,198,standard_schnauzer,0.8025437593460083,0.8015221953392029,0.8734540343284607
/mnt/sda2/datasets/imagenet1k/imagenet-nano3/val/n02097209/ILSVRC2012_val_00022042.JPEG,n02097209,198,standard_schnauzer,0.8980151414871216,0.8134671449661255,0.8993103504180908
/mnt/sda2/datasets/imagenet1k/imagenet-nano3/val/n02860847/ILSVRC2012_val_00045079.JPEG,n02860847,450,bobsled,0.8627861142158508,0.8439766764640808,0.8697865009307861
/mnt/sda2/datasets/imagenet1k/imagenet-nano3/val/n02860847/ILSVRC2012_val_00033607.JPEG,n02860847,450,bobsled,0.8077929019927979,0.7819793224334717,0.7392252087593079
/mnt/sda2/datasets/imagenet1k/imagenet-nano3/val/n02860847/ILSVRC2012_val_00013695.JPEG,n02860847,450,bobsled,0.7547645568847656,0.7701733708381653,0.9140881299972534
/mnt/sda2/datasets/imagenet1k/imagenet-nano3/val/n02795169/ILSVRC2012_val_00006525.JPEG,n02795169,427,barrel,0.8895061016082764,0.7670459747314453,0.9012760519981384
/mnt/sda2/datasets/imagenet1k/imagenet-nano3/val/n02795169/ILSVRC2012_val_00028797.JPEG,n02795169,427,barrel,0.9979653358459473,0.9067659378051758,0.9884293079376221
/mnt/sda2/datasets/imagenet1k/imagenet-nano3/val/n01917289/ILSVRC2012_val_00047927.JPEG,n01917289,109,brain_coral,0.8471986055374146,0.8593863248825073,0.8816547393798828
/mnt/sda2/datasets/imagenet1k/imagenet-nano3/val/n01917289/ILSVRC2012_val_00014410.JPEG,n01917289,109,brain_coral,0.8382768630981445,0.7268257737159729,0.8791329860687256
/mnt/sda2/datasets/imagenet1k/imagenet-nano3/val/n02097298/ILSVRC2012_val_00000440.JPEG,n02097298,199,Scotch_terrier,0.7568210959434509,0.7635183334350586,0.9207733273506165
/mnt/sda2/datasets/imagenet1k/imagenet-nano3/val/n02865351/ILSVRC2012_val_00048004.JPEG,n02865351,451,bolo_tie,0.7024363875389099,0.790016770362854,0.9128428101539612
/mnt/sda2/datasets/imagenet1k/imagenet-nano3/val/n03769881/ILSVRC2012_val_00035193.JPEG,n03769881,654,minibus,0.8439826965332031,0.7823808193206787,0.8788934946060181
/mnt/sda2/datasets/imagenet1k/imagenet-nano3/val/n03933933/ILSVRC2012_val_00029602.JPEG,n03933933,718,pier,0.7008193135261536,0.778859555721283,0.7900310158729553
/mnt/sda2/datasets/imagenet1k/imagenet-nano3/val/n07613480/ILSVRC2012_val_00036446.JPEG,n07613480,927,trifle,0.8354144096374512,0.8171325922012329,0.9081792831420898
/mnt/sda2/datasets/imagenet1k/imagenet-nano3/val/n07613480/ILSVRC2012_val_00008465.JPEG,n07613480,927,trifle,0.8688682317733765,0.8336631655693054,0.918042004108429
/mnt/sda2/datasets/imagenet1k/imagenet-nano3/val/n02264363/ILSVRC2012_val_00031524.JPEG,n02264363,318,lacewing,0.8086859583854675,0.7381736040115356,0.8953980207443237
/mnt/sda2/datasets/imagenet1k/imagenet-nano3/val/n02011460/ILSVRC2012_val_00030908.JPEG,n02011460,133,bittern,0.7612897753715515,0.765251636505127,0.9033110737800598
/mnt/sda2/datasets/imagenet1k/imagenet-nano3/val/n03598930/ILSVRC2012_val_00039623.JPEG,n03598930,611,jigsaw_puzzle,0.8574045896530151,0.8637795448303223,0.9429646730422974
/mnt/sda2/datasets/imagenet1k/imagenet-nano3/val/n03598930/ILSVRC2012_val_00019551.JPEG,n03598930,611,jigsaw_puzzle,0.8599817752838135,0.7928066849708557,0.8943602442741394
/mnt/sda2/datasets/imagenet1k/imagenet-nano3/val/n03721384/ILSVRC2012_val_00033203.JPEG,n03721384,642,marimba,0.7979646325111389,0.7829553484916687,0.8452024459838867
/mnt/sda2/datasets/imagenet1k/imagenet-nano3/val/n03721384/ILSVRC2012_val_00029458.JPEG,n03721384,642,marimba,0.7393178343772888,0.7930715680122375,0.9010063409805298
/mnt/sda2/datasets/imagenet1k/imagenet-nano3/val/n02167151/ILSVRC2012_val_00022273.JPEG,n02167151,302,ground_beetle,0.9017741680145264,0.7789399027824402,0.8692923784255981
/mnt/sda2/datasets/imagenet1k/imagenet-nano3/val/n02167151/ILSVRC2012_val_00037453.JPEG,n02167151,302,ground_beetle,0.8352904319763184,0.7036532163619995,0.8863861560821533
/mnt/sda2/datasets/imagenet1k/imagenet-nano3/val/n02480495/ILSVRC2012_val_00012167.JPEG,n02480495,365,orangutan,0.8089211583137512,0.8141160607337952,0.8586574196815491
/mnt/sda2/datasets/imagenet1k/imagenet-nano3/val/n02480495/ILSVRC2012_val_00011592.JPEG,n02480495,365,orangutan,0.7868757247924805,0.7867264747619629,0.8598015904426575
/mnt/sda2/datasets/imagenet1k/imagenet-nano3/val/n03594734/ILSVRC2012_val_00048785.JPEG,n03594734,608,jean,0.8639851212501526,0.9158560037612915,0.9019582867622375
/mnt/sda2/datasets/imagenet1k/imagenet-nano3/val/n03492542/ILSVRC2012_val_00003609.JPEG,n03492542,592,hard_disc,0.7395658493041992,0.7880860567092896,0.9155800938606262
/mnt/sda2/datasets/imagenet1k/imagenet-nano3/val/n02110341/ILSVRC2012_val_00040598.JPEG,n02110341,251,dalmatian,0.8123624324798584,0.7818883657455444,0.8713427186012268
/mnt/sda2/datasets/imagenet1k/imagenet-nano3/val/n02110341/ILSVRC2012_val_00010202.JPEG,n02110341,251,dalmatian,0.8058061003684998,0.7238541841506958,0.9364912509918213
/mnt/sda2/datasets/imagenet1k/imagenet-nano3/val/n02110341/ILSVRC2012_val_00033418.JPEG,n02110341,251,dalmatian,0.8468855619430542,0.7430384159088135,0.9040229320526123
/mnt/sda2/datasets/imagenet1k/imagenet-nano3/val/n03325584/ILSVRC2012_val_00015351.JPEG,n03325584,552,feather_boa,0.7444160580635071,0.7542350888252258,0.8714538812637329
/mnt/sda2/datasets/imagenet1k/imagenet-nano3/val/n03325584/ILSVRC2012_val_00016632.JPEG,n03325584,552,feather_boa,0.7334294319152832,0.7777108550071716,0.9207177758216858
/mnt/sda2/datasets/imagenet1k/imagenet-nano3/val/n03325584/ILSVRC2012_val_00037618.JPEG,n03325584,552,feather_boa,0.87189120054245,0.8105867505073547,0.8329454660415649
/mnt/sda2/datasets/imagenet1k/imagenet-nano3/val/n04417672/ILSVRC2012_val_00039570.JPEG,n04417672,853,thatch,0.8450881838798523,0.8311867713928223,0.9181517362594604
/mnt/sda2/datasets/imagenet1k/imagenet-nano3/val/n04417672/ILSVRC2012_val_00023197.JPEG,n04417672,853,thatch,0.8144466280937195,0.8541826009750366,0.890316367149353
/mnt/sda2/datasets/imagenet1k/imagenet-nano3/val/n04417672/ILSVRC2012_val_00048192.JPEG,n04417672,853,thatch,0.777397871017456,0.8481290936470032,0.8510609865188599
/mnt/sda2/datasets/imagenet1k/imagenet-nano3/val/n01558993/ILSVRC2012_val_00027535.JPEG,n01558993,15,robin,0.8613542318344116,0.757562518119812,0.8944867849349976
/mnt/sda2/datasets/imagenet1k/imagenet-nano3/val/n01558993/ILSVRC2012_val_00043300.JPEG,n01558993,15,robin,0.8655980825424194,0.7156866192817688,0.9040864109992981
/mnt/sda2/datasets/imagenet1k/imagenet-nano3/val/n02111129/ILSVRC2012_val_00002635.JPEG,n02111129,255,Leonberg,0.8056690096855164,0.7309761643409729,0.8927346467971802
/mnt/sda2/datasets/imagenet1k/imagenet-nano3/val/n02111129/ILSVRC2012_val_00049245.JPEG,n02111129,255,Leonberg,0.7668404579162598,0.7604424953460693,0.868009090423584
/mnt/sda2/datasets/imagenet1k/imagenet-nano3/val/n02111129/ILSVRC2012_val_00038690.JPEG,n02111129,255,Leonberg,0.7443991303443909,0.8131490349769592,0.8491044640541077
/mnt/sda2/datasets/imagenet1k/imagenet-nano3/val/n02093754/ILSVRC2012_val_00025302.JPEG,n02093754,182,Border_terrier,0.7914340496063232,0.7564473152160645,0.8094996809959412
/mnt/sda2/datasets/imagenet1k/imagenet-nano3/val/n03717622/ILSVRC2012_val_00045556.JPEG,n03717622,640,manhole_cover,0.8274778723716736,0.7066826820373535,0.929658830165863
/mnt/sda2/datasets/imagenet1k/imagenet-nano3/val/n03717622/ILSVRC2012_val_00030388.JPEG,n03717622,640,manhole_cover,0.787582278251648,0.7680283784866333,0.8572482466697693
/mnt/sda2/datasets/imagenet1k/imagenet-nano3/val/n03825788/ILSVRC2012_val_00027936.JPEG,n03825788,680,nipple,0.7070066332817078,0.7015507221221924,0.9552829265594482
/mnt/sda2/datasets/imagenet1k/imagenet-nano3/val/n03733281/ILSVRC2012_val_00038862.JPEG,n03733281,646,maze,0.8182356953620911,0.7637339234352112,0.8649485111236572
/mnt/sda2/datasets/imagenet1k/imagenet-nano3/val/n03733281/ILSVRC2012_val_00031729.JPEG,n03733281,646,maze,0.8003275990486145,0.7378596663475037,0.9084787964820862
/mnt/sda2/datasets/imagenet1k/imagenet-nano3/val/n02877765/ILSVRC2012_val_00049979.JPEG,n02877765,455,bottlecap,0.8126094341278076,0.8518578410148621,0.9158594608306885
/mnt/sda2/datasets/imagenet1k/imagenet-nano3/val/n02877765/ILSVRC2012_val_00006672.JPEG,n02877765,455,bottlecap,0.8570511937141418,0.7920021414756775,0.8867427110671997
/mnt/sda2/datasets/imagenet1k/imagenet-nano3/val/n02346627/ILSVRC2012_val_00012414.JPEG,n02346627,334,porcupine,0.8772093057632446,0.7894375324249268,0.899036169052124
/mnt/sda2/datasets/imagenet1k/imagenet-nano3/val/n02346627/ILSVRC2012_val_00004986.JPEG,n02346627,334,porcupine,0.8189966678619385,0.7450456619262695,0.893343985080719
/mnt/sda2/datasets/imagenet1k/imagenet-nano3/val/n02906734/ILSVRC2012_val_00041911.JPEG,n02906734,462,broom,0.8719958662986755,0.7003110647201538,0.9186866879463196
/mnt/sda2/datasets/imagenet1k/imagenet-nano3/val/n03627232/ILSVRC2012_val_00019463.JPEG,n03627232,616,knot,0.7912424206733704,0.739345371723175,0.9150815010070801
/mnt/sda2/datasets/imagenet1k/imagenet-nano3/val/n03627232/ILSVRC2012_val_00045419.JPEG,n03627232,616,knot,0.8598160743713379,0.7241525650024414,0.9001121520996094
/mnt/sda2/datasets/imagenet1k/imagenet-nano3/val/n02790996/ILSVRC2012_val_00039311.JPEG,n02790996,422,barbell,0.9233875274658203,0.7679821252822876,0.9621914029121399
/mnt/sda2/datasets/imagenet1k/imagenet-nano3/val/n02708093/ILSVRC2012_val_00026380.JPEG,n02708093,409,analog_clock,0.7148305773735046,0.809157133102417,0.7949478030204773
/mnt/sda2/datasets/imagenet1k/imagenet-nano3/val/n02088238/ILSVRC2012_val_00024881.JPEG,n02088238,161,basset,0.8604177832603455,0.7530916333198547,0.8517100214958191
/mnt/sda2/datasets/imagenet1k/imagenet-nano3/val/n02088238/ILSVRC2012_val_00020460.JPEG,n02088238,161,basset,0.8014430403709412,0.7948259115219116,0.9091669321060181
/mnt/sda2/datasets/imagenet1k/imagenet-nano3/val/n02088238/ILSVRC2012_val_00020535.JPEG,n02088238,161,basset,0.7905140519142151,0.7492963075637817,0.8366345167160034
/mnt/sda2/datasets/imagenet1k/imagenet-nano3/val/n04239074/ILSVRC2012_val_00003917.JPEG,n04239074,799,sliding_door,0.729811429977417,0.876984179019928,0.8948113918304443
/mnt/sda2/datasets/imagenet1k/imagenet-nano3/val/n02107312/ILSVRC2012_val_00016499.JPEG,n02107312,237,miniature_pinscher,0.7015734314918518,0.7596078515052795,0.8255307674407959
/mnt/sda2/datasets/imagenet1k/imagenet-nano3/val/n02107312/ILSVRC2012_val_00005902.JPEG,n02107312,237,miniature_pinscher,0.7031164765357971,0.7216508984565735,0.8028822541236877
/mnt/sda2/datasets/imagenet1k/imagenet-nano3/val/n02666196/ILSVRC2012_val_00002148.JPEG,n02666196,398,abacus,0.7965584397315979,0.7094293832778931,0.8487347960472107
/mnt/sda2/datasets/imagenet1k/imagenet-nano3/val/n02666196/ILSVRC2012_val_00033282.JPEG,n02666196,398,abacus,0.8249244689941406,0.78426593542099,0.90852290391922
/mnt/sda2/datasets/imagenet1k/imagenet-nano3/val/n02666196/ILSVRC2012_val_00008875.JPEG,n02666196,398,abacus,0.8498429656028748,0.7361976504325867,0.8834198117256165
/mnt/sda2/datasets/imagenet1k/imagenet-nano3/val/n02259212/ILSVRC2012_val_00003032.JPEG,n02259212,317,leafhopper,0.7664133310317993,0.7763732075691223,0.9034023284912109
/mnt/sda2/datasets/imagenet1k/imagenet-nano3/val/n02259212/ILSVRC2012_val_00012106.JPEG,n02259212,317,leafhopper,0.7658706903457642,0.8133209943771362,0.9042601585388184
/mnt/sda2/datasets/imagenet1k/imagenet-nano3/val/n07730033/ILSVRC2012_val_00046230.JPEG,n07730033,946,cardoon,0.7632837295532227,0.7084296941757202,0.8670293688774109
/mnt/sda2/datasets/imagenet1k/imagenet-nano3/val/n07730033/ILSVRC2012_val_00004728.JPEG,n07730033,946,cardoon,0.8270730972290039,0.7149185538291931,0.897537112236023
/mnt/sda2/datasets/imagenet1k/imagenet-nano3/val/n04399382/ILSVRC2012_val_00006996.JPEG,n04399382,850,teddy,0.7097638845443726,0.8082125186920166,0.9135953783988953
/mnt/sda2/datasets/imagenet1k/imagenet-nano3/val/n04399382/ILSVRC2012_val_00006509.JPEG,n04399382,850,teddy,0.8202160000801086,0.723794162273407,0.9075713157653809
/mnt/sda2/datasets/imagenet1k/imagenet-nano3/val/n02177972/ILSVRC2012_val_00001570.JPEG,n02177972,307,weevil,0.8643481731414795,0.7142482995986938,0.8840702772140503
/mnt/sda2/datasets/imagenet1k/imagenet-nano3/val/n02177972/ILSVRC2012_val_00039612.JPEG,n02177972,307,weevil,0.853118896484375,0.7177425026893616,0.8797902464866638
/mnt/sda2/datasets/imagenet1k/imagenet-nano3/val/n02841315/ILSVRC2012_val_00032772.JPEG,n02841315,447,binoculars,0.7495171427726746,0.7543496489524841,0.9573105573654175
/mnt/sda2/datasets/imagenet1k/imagenet-nano3/val/n02102318/ILSVRC2012_val_00017713.JPEG,n02102318,219,cocker_spaniel,0.8676382899284363,0.8260813355445862,0.9066283702850342
/mnt/sda2/datasets/imagenet1k/imagenet-nano3/val/n02009912/ILSVRC2012_val_00001891.JPEG,n02009912,132,American_egret,0.7412732243537903,0.8134338855743408,0.8656025528907776
/mnt/sda2/datasets/imagenet1k/imagenet-nano3/val/n03837869/ILSVRC2012_val_00017240.JPEG,n03837869,682,obelisk,0.7864652872085571,0.7294588088989258,0.7928215265274048
/mnt/sda2/datasets/imagenet1k/imagenet-nano3/val/n03837869/ILSVRC2012_val_00008580.JPEG,n03837869,682,obelisk,0.8308115601539612,0.8318972587585449,0.8923766016960144
/mnt/sda2/datasets/imagenet1k/imagenet-nano3/val/n07742313/ILSVRC2012_val_00018708.JPEG,n07742313,948,Granny_Smith,0.8261683583259583,0.7581490278244019,0.9000213146209717
/mnt/sda2/datasets/imagenet1k/imagenet-nano3/val/n03417042/ILSVRC2012_val_00038268.JPEG,n03417042,569,garbage_truck,0.815047562122345,0.7890037298202515,0.8812605142593384
/mnt/sda2/datasets/imagenet1k/imagenet-nano3/val/n03417042/ILSVRC2012_val_00044888.JPEG,n03417042,569,garbage_truck,0.8238170146942139,0.7921417951583862,0.8883056640625
/mnt/sda2/datasets/imagenet1k/imagenet-nano3/val/n03417042/ILSVRC2012_val_00041478.JPEG,n03417042,569,garbage_truck,0.7796145677566528,0.7866043448448181,0.882380485534668
/mnt/sda2/datasets/imagenet1k/imagenet-nano3/val/n01498041/ILSVRC2012_val_00013655.JPEG,n01498041,6,stingray,0.8789740204811096,0.8325942754745483,0.9228648543357849
/mnt/sda2/datasets/imagenet1k/imagenet-nano3/val/n02025239/ILSVRC2012_val_00044377.JPEG,n02025239,139,ruddy_turnstone,0.9159687757492065,0.8786308169364929,0.8684056997299194
/mnt/sda2/datasets/imagenet1k/imagenet-nano3/val/n03125729/ILSVRC2012_val_00010259.JPEG,n03125729,516,cradle,0.852218747138977,0.8518345952033997,0.9333240985870361
/mnt/sda2/datasets/imagenet1k/imagenet-nano3/val/n01871265/ILSVRC2012_val_00033331.JPEG,n01871265,101,tusker,0.7779150605201721,0.7350347638130188,0.8755767345428467
/mnt/sda2/datasets/imagenet1k/imagenet-nano3/val/n07871810/ILSVRC2012_val_00021763.JPEG,n07871810,962,meat_loaf,0.7946717143058777,0.8927952647209167,0.8443678617477417
/mnt/sda2/datasets/imagenet1k/imagenet-nano3/val/n03630383/ILSVRC2012_val_00016305.JPEG,n03630383,617,lab_coat,0.8696452975273132,0.8706212639808655,0.8756681084632874
/mnt/sda2/datasets/imagenet1k/imagenet-nano3/val/n03630383/ILSVRC2012_val_00034841.JPEG,n03630383,617,lab_coat,0.9483057260513306,0.8650522232055664,0.8923856616020203
/mnt/sda2/datasets/imagenet1k/imagenet-nano3/val/n03495258/ILSVRC2012_val_00043409.JPEG,n03495258,594,harp,0.763296902179718,0.7978007197380066,0.8631088137626648
/mnt/sda2/datasets/imagenet1k/imagenet-nano3/val/n02799071/ILSVRC2012_val_00019591.JPEG,n02799071,429,baseball,0.732147753238678,0.8083071708679199,0.8649276494979858
/mnt/sda2/datasets/imagenet1k/imagenet-nano3/val/n02799071/ILSVRC2012_val_00001468.JPEG,n02799071,429,baseball,0.839530885219574,0.7970364093780518,0.8859171867370605
/mnt/sda2/datasets/imagenet1k/imagenet-nano3/val/n02799071/ILSVRC2012_val_00012687.JPEG,n02799071,429,baseball,0.9049734473228455,0.7453185319900513,0.8983258605003357
/mnt/sda2/datasets/imagenet1k/imagenet-nano3/val/n03220513/ILSVRC2012_val_00004794.JPEG,n03220513,538,dome,0.8552905917167664,0.8171967267990112,0.8749533891677856
/mnt/sda2/datasets/imagenet1k/imagenet-nano3/val/n02105855/ILSVRC2012_val_00048315.JPEG,n02105855,230,Shetland_sheepdog,0.8133581876754761,0.7760383486747742,0.8817195296287537
/mnt/sda2/datasets/imagenet1k/imagenet-nano3/val/n02105855/ILSVRC2012_val_00020678.JPEG,n02105855,230,Shetland_sheepdog,0.7257082462310791,0.7621003985404968,0.8718143105506897
/mnt/sda2/datasets/imagenet1k/imagenet-nano3/val/n07614500/ILSVRC2012_val_00042011.JPEG,n07614500,928,ice_cream,0.8817095160484314,0.8578363060951233,0.9136285781860352
/mnt/sda2/datasets/imagenet1k/imagenet-nano3/val/n02277742/ILSVRC2012_val_00035673.JPEG,n02277742,322,ringlet,0.772808849811554,0.7264542579650879,0.8703500628471375
/mnt/sda2/datasets/imagenet1k/imagenet-nano3/val/n07802026/ILSVRC2012_val_00044239.JPEG,n07802026,958,hay,0.8164005875587463,0.7699461579322815,0.8900865912437439
/mnt/sda2/datasets/imagenet1k/imagenet-nano3/val/n07802026/ILSVRC2012_val_00001159.JPEG,n07802026,958,hay,0.7497450113296509,0.7713862657546997,0.8399152159690857
/mnt/sda2/datasets/imagenet1k/imagenet-nano3/val/n03920288/ILSVRC2012_val_00037018.JPEG,n03920288,712,Petri_dish,0.7683901786804199,0.9588316082954407,0.9067372679710388
/mnt/sda2/datasets/imagenet1k/imagenet-nano3/val/n02966687/ILSVRC2012_val_00013571.JPEG,n02966687,477,carpenter's_kit,0.8852085471153259,0.8017730116844177,0.9076685905456543
/mnt/sda2/datasets/imagenet1k/imagenet-nano3/val/n02966687/ILSVRC2012_val_00027825.JPEG,n02966687,477,carpenter's_kit,0.8100161552429199,0.7058942317962646,0.8845155239105225
/mnt/sda2/datasets/imagenet1k/imagenet-nano3/val/n03290653/ILSVRC2012_val_00030898.JPEG,n03290653,548,entertainment_center,0.7237783074378967,0.7806769609451294,0.8519887328147888
/mnt/sda2/datasets/imagenet1k/imagenet-nano3/val/n03290653/ILSVRC2012_val_00008081.JPEG,n03290653,548,entertainment_center,0.8922390937805176,0.7763065695762634,0.8127138614654541
/mnt/sda2/datasets/imagenet1k/imagenet-nano3/val/n03729826/ILSVRC2012_val_00018918.JPEG,n03729826,644,matchstick,0.7613539099693298,0.8449673056602478,0.9184771776199341
/mnt/sda2/datasets/imagenet1k/imagenet-nano3/val/n03729826/ILSVRC2012_val_00030440.JPEG,n03729826,644,matchstick,0.8812962770462036,0.7289795279502869,0.8951509594917297
/mnt/sda2/datasets/imagenet1k/imagenet-nano3/val/n02091134/ILSVRC2012_val_00004823.JPEG,n02091134,172,whippet,0.8962689638137817,0.8460787534713745,0.9009429812431335
/mnt/sda2/datasets/imagenet1k/imagenet-nano3/val/n01537544/ILSVRC2012_val_00041252.JPEG,n01537544,14,indigo_bunting,0.7233686447143555,0.757838249206543,0.908001184463501
/mnt/sda2/datasets/imagenet1k/imagenet-nano3/val/n01537544/ILSVRC2012_val_00023573.JPEG,n01537544,14,indigo_bunting,0.7531784176826477,0.7623162865638733,0.8260746598243713
/mnt/sda2/datasets/imagenet1k/imagenet-nano3/val/n03796401/ILSVRC2012_val_00015917.JPEG,n03796401,675,moving_van,0.8737226724624634,0.8212599754333496,0.852364718914032
/mnt/sda2/datasets/imagenet1k/imagenet-nano3/val/n03796401/ILSVRC2012_val_00032190.JPEG,n03796401,675,moving_van,0.7491813898086548,0.7706741094589233,0.8718396425247192
/mnt/sda2/datasets/imagenet1k/imagenet-nano3/val/n04509417/ILSVRC2012_val_00020497.JPEG,n04509417,880,unicycle,0.8188858032226562,0.8117271065711975,0.9249625205993652
/mnt/sda2/datasets/imagenet1k/imagenet-nano3/val/n04070727/ILSVRC2012_val_00014602.JPEG,n04070727,760,refrigerator,0.7811388373374939,0.7597055435180664,0.8006579875946045
/mnt/sda2/datasets/imagenet1k/imagenet-nano3/val/n04070727/ILSVRC2012_val_00042498.JPEG,n04070727,760,refrigerator,0.8225244879722595,0.9028444886207581,0.8001241683959961
/mnt/sda2/datasets/imagenet1k/imagenet-nano3/val/n02108915/ILSVRC2012_val_00022050.JPEG,n02108915,245,French_bulldog,0.9461883902549744,0.885151207447052,0.8769729733467102
/mnt/sda2/datasets/imagenet1k/imagenet-nano3/val/n02483708/ILSVRC2012_val_00018333.JPEG,n02483708,369,siamang,0.8694554567337036,0.7771194577217102,0.836266040802002
/mnt/sda2/datasets/imagenet1k/imagenet-nano3/val/n03485794/ILSVRC2012_val_00045092.JPEG,n03485794,591,handkerchief,0.9376984238624573,0.8819549679756165,0.9018054008483887
/mnt/sda2/datasets/imagenet1k/imagenet-nano3/val/n01608432/ILSVRC2012_val_00021056.JPEG,n01608432,21,kite,0.8674150705337524,0.7341368198394775,0.8770371675491333
/mnt/sda2/datasets/imagenet1k/imagenet-nano3/val/n01608432/ILSVRC2012_val_00000073.JPEG,n01608432,21,kite,0.8806593418121338,0.8801381587982178,0.8966702222824097
/mnt/sda2/datasets/imagenet1k/imagenet-nano3/val/n02977058/ILSVRC2012_val_00026363.JPEG,n02977058,480,cash_machine,0.8444939851760864,0.902765691280365,0.8850195407867432
/mnt/sda2/datasets/imagenet1k/imagenet-nano3/val/n02457408/ILSVRC2012_val_00046495.JPEG,n02457408,364,three-toed_sloth,0.8168752789497375,0.7034532427787781,0.9028606414794922
/mnt/sda2/datasets/imagenet1k/imagenet-nano3/val/n02894605/ILSVRC2012_val_00048936.JPEG,n02894605,460,breakwater,0.7628158330917358,0.7565394639968872,0.916601836681366
/mnt/sda2/datasets/imagenet1k/imagenet-nano3/val/n02894605/ILSVRC2012_val_00037041.JPEG,n02894605,460,breakwater,0.8977449536323547,0.81215500831604,0.9308190941810608
/mnt/sda2/datasets/imagenet1k/imagenet-nano3/val/n07565083/ILSVRC2012_val_00042392.JPEG,n07565083,922,menu,0.7793098092079163,0.7960580587387085,0.8430206179618835
/mnt/sda2/datasets/imagenet1k/imagenet-nano3/val/n04517823/ILSVRC2012_val_00037908.JPEG,n04517823,882,vacuum,0.9645030498504639,0.8130066394805908,0.9779276847839355
/mnt/sda2/datasets/imagenet1k/imagenet-nano3/val/n04517823/ILSVRC2012_val_00020843.JPEG,n04517823,882,vacuum,0.9054175019264221,0.772845983505249,0.9602323174476624
/mnt/sda2/datasets/imagenet1k/imagenet-nano3/val/n04517823/ILSVRC2012_val_00039615.JPEG,n04517823,882,vacuum,0.8533084988594055,0.7629857659339905,0.9100735783576965
/mnt/sda2/datasets/imagenet1k/imagenet-nano3/val/n02490219/ILSVRC2012_val_00002936.JPEG,n02490219,377,marmoset,0.7222143411636353,0.7546565532684326,0.8576374650001526
/mnt/sda2/datasets/imagenet1k/imagenet-nano3/val/n01824575/ILSVRC2012_val_00004340.JPEG,n01824575,91,coucal,0.7777817249298096,0.8026673793792725,0.893040657043457
/mnt/sda2/datasets/imagenet1k/imagenet-nano3/val/n01824575/ILSVRC2012_val_00027555.JPEG,n01824575,91,coucal,0.8624434471130371,0.7427181005477905,0.8946899175643921
/mnt/sda2/datasets/imagenet1k/imagenet-nano3/val/n02112706/ILSVRC2012_val_00030619.JPEG,n02112706,262,Brabancon_griffon,0.8490086793899536,0.8187525868415833,0.9031763672828674
/mnt/sda2/datasets/imagenet1k/imagenet-nano3/val/n03924679/ILSVRC2012_val_00047747.JPEG,n03924679,713,photocopier,0.8648156523704529,0.9245687127113342,0.881216824054718
/mnt/sda2/datasets/imagenet1k/imagenet-nano3/val/n03924679/ILSVRC2012_val_00037742.JPEG,n03924679,713,photocopier,0.8618264198303223,0.8432141542434692,0.8987825512886047
/mnt/sda2/datasets/imagenet1k/imagenet-nano3/val/n03924679/ILSVRC2012_val_00038997.JPEG,n03924679,713,photocopier,0.8621376752853394,0.8488557934761047,0.8770684599876404
/mnt/sda2/datasets/imagenet1k/imagenet-nano3/val/n04263257/ILSVRC2012_val_00023205.JPEG,n04263257,809,soup_bowl,0.913374662399292,0.8022090196609497,0.9204632639884949
/mnt/sda2/datasets/imagenet1k/imagenet-nano3/val/n01688243/ILSVRC2012_val_00044980.JPEG,n01688243,43,frilled_lizard,0.7533619999885559,0.7535585165023804,0.9317410588264465
/mnt/sda2/datasets/imagenet1k/imagenet-nano3/val/n01688243/ILSVRC2012_val_00002295.JPEG,n01688243,43,frilled_lizard,0.7267591953277588,0.7472821474075317,0.8623368144035339
/mnt/sda2/datasets/imagenet1k/imagenet-nano3/val/n02114712/ILSVRC2012_val_00047850.JPEG,n02114712,271,red_wolf,0.7775986790657043,0.7463077306747437,0.864577054977417
/mnt/sda2/datasets/imagenet1k/imagenet-nano3/val/n03877472/ILSVRC2012_val_00040480.JPEG,n03877472,697,pajama,0.9048922061920166,0.8764891624450684,0.8966342806816101
/mnt/sda2/datasets/imagenet1k/imagenet-nano3/val/n04554684/ILSVRC2012_val_00009655.JPEG,n04554684,897,washer,0.8037081360816956,0.7704089879989624,0.8856411576271057
/mnt/sda2/datasets/imagenet1k/imagenet-nano3/val/n04554684/ILSVRC2012_val_00023591.JPEG,n04554684,897,washer,0.9353420734405518,0.8552461266517639,0.9104291796684265
/mnt/sda2/datasets/imagenet1k/imagenet-nano3/val/n04554684/ILSVRC2012_val_00027235.JPEG,n04554684,897,washer,0.8231841921806335,0.7299460768699646,0.9106212258338928
/mnt/sda2/datasets/imagenet1k/imagenet-nano3/val/n02391049/ILSVRC2012_val_00004267.JPEG,n02391049,340,zebra,0.8960112929344177,0.8439835906028748,0.8908976912498474
/mnt/sda2/datasets/imagenet1k/imagenet-nano3/val/n02391049/ILSVRC2012_val_00002996.JPEG,n02391049,340,zebra,0.7694522142410278,0.7566837072372437,0.8904425501823425
/mnt/sda2/datasets/imagenet1k/imagenet-nano3/val/n04285008/ILSVRC2012_val_00004979.JPEG,n04285008,817,sports_car,0.7759789824485779,0.7967768907546997,0.9093241691589355
/mnt/sda2/datasets/imagenet1k/imagenet-nano3/val/n02481823/ILSVRC2012_val_00012253.JPEG,n02481823,367,chimpanzee,0.7932803630828857,0.8095143437385559,0.8922770619392395
/mnt/sda2/datasets/imagenet1k/imagenet-nano3/val/n02481823/ILSVRC2012_val_00032684.JPEG,n02481823,367,chimpanzee,0.7747461199760437,0.7060388326644897,0.8647991418838501
/mnt/sda2/datasets/imagenet1k/imagenet-nano3/val/n02817516/ILSVRC2012_val_00035801.JPEG,n02817516,439,bearskin,0.8377995491027832,0.8250625133514404,0.8394467234611511
/mnt/sda2/datasets/imagenet1k/imagenet-nano3/val/n02817516/ILSVRC2012_val_00029927.JPEG,n02817516,439,bearskin,0.81851726770401,0.8481895327568054,0.9017752408981323
/mnt/sda2/datasets/imagenet1k/imagenet-nano3/val/n01795545/ILSVRC2012_val_00047404.JPEG,n01795545,80,black_grouse,0.8576638698577881,0.7514525651931763,0.8873924612998962
/mnt/sda2/datasets/imagenet1k/imagenet-nano3/val/n03384352/ILSVRC2012_val_00033601.JPEG,n03384352,561,forklift,0.8127680420875549,0.7250153422355652,0.9154993295669556
/mnt/sda2/datasets/imagenet1k/imagenet-nano3/val/n04418357/ILSVRC2012_val_00021503.JPEG,n04418357,854,theater_curtain,0.7580667734146118,0.8203999400138855,0.8662385940551758
/mnt/sda2/datasets/imagenet1k/imagenet-nano3/val/n03131574/ILSVRC2012_val_00044316.JPEG,n03131574,520,crib,0.8301663994789124,0.7266064286231995,0.7948305010795593
/mnt/sda2/datasets/imagenet1k/imagenet-nano3/val/n02104029/ILSVRC2012_val_00006336.JPEG,n02104029,222,kuvasz,0.7866329550743103,0.8552011251449585,0.7898211479187012
/mnt/sda2/datasets/imagenet1k/imagenet-nano3/val/n02104029/ILSVRC2012_val_00012318.JPEG,n02104029,222,kuvasz,0.758106529712677,0.8344735503196716,0.7060304880142212
/mnt/sda2/datasets/imagenet1k/imagenet-nano3/val/n03956157/ILSVRC2012_val_00041536.JPEG,n03956157,727,planetarium,0.8041819930076599,0.7902937531471252,0.9374668598175049
/mnt/sda2/datasets/imagenet1k/imagenet-nano3/val/n03956157/ILSVRC2012_val_00028693.JPEG,n03956157,727,planetarium,0.8949401378631592,0.8700055480003357,0.8980271220207214
/mnt/sda2/datasets/imagenet1k/imagenet-nano3/val/n03956157/ILSVRC2012_val_00031330.JPEG,n03956157,727,planetarium,0.828338086605072,0.7684110999107361,0.8954761028289795
/mnt/sda2/datasets/imagenet1k/imagenet-nano3/val/n02948072/ILSVRC2012_val_00011230.JPEG,n02948072,470,candle,0.881358802318573,0.7604376673698425,0.9508172273635864
/mnt/sda2/datasets/imagenet1k/imagenet-nano3/val/n04259630/ILSVRC2012_val_00006980.JPEG,n04259630,808,sombrero,0.8016325235366821,0.7949349284172058,0.9101898074150085
/mnt/sda2/datasets/imagenet1k/imagenet-nano3/val/n01751748/ILSVRC2012_val_00043075.JPEG,n01751748,65,sea_snake,0.8171283006668091,0.7126717567443848,0.8802400231361389
/mnt/sda2/datasets/imagenet1k/imagenet-nano3/val/n02917067/ILSVRC2012_val_00012612.JPEG,n02917067,466,bullet_train,0.821880042552948,0.7848758697509766,0.8701067566871643
/mnt/sda2/datasets/imagenet1k/imagenet-nano3/val/n02917067/ILSVRC2012_val_00019277.JPEG,n02917067,466,bullet_train,0.8623260855674744,0.719194769859314,0.8601868152618408
/mnt/sda2/datasets/imagenet1k/imagenet-nano3/val/n02917067/ILSVRC2012_val_00020919.JPEG,n02917067,466,bullet_train,0.8646165132522583,0.8151311278343201,0.891936719417572
/mnt/sda2/datasets/imagenet1k/imagenet-nano3/val/n02091244/ILSVRC2012_val_00009334.JPEG,n02091244,173,Ibizan_hound,0.7165983319282532,0.7119144201278687,0.8386929035186768
/mnt/sda2/datasets/imagenet1k/imagenet-nano3/val/n02091244/ILSVRC2012_val_00024216.JPEG,n02091244,173,Ibizan_hound,0.8768315315246582,0.7006076574325562,0.9504059553146362
/mnt/sda2/datasets/imagenet1k/imagenet-nano3/val/n01860187/ILSVRC2012_val_00027816.JPEG,n01860187,100,black_swan,0.9021909236907959,0.7353476881980896,0.8987886905670166
/mnt/sda2/datasets/imagenet1k/imagenet-nano3/val/n01860187/ILSVRC2012_val_00017441.JPEG,n01860187,100,black_swan,0.8892892003059387,0.7582052946090698,0.8959116339683533
/mnt/sda2/datasets/imagenet1k/imagenet-nano3/val/n01728572/ILSVRC2012_val_00022901.JPEG,n01728572,52,thunder_snake,0.7571340799331665,0.8075265884399414,0.8247405886650085
/mnt/sda2/datasets/imagenet1k/imagenet-nano3/val/n01728572/ILSVRC2012_val_00020383.JPEG,n01728572,52,thunder_snake,0.7281408905982971,0.8190951943397522,0.7763482332229614
/mnt/sda2/datasets/imagenet1k/imagenet-nano3/val/n01728572/ILSVRC2012_val_00042100.JPEG,n01728572,52,thunder_snake,0.8269975185394287,0.746536910533905,0.8775078058242798
/mnt/sda2/datasets/imagenet1k/imagenet-nano3/val/n03814906/ILSVRC2012_val_00039183.JPEG,n03814906,679,necklace,0.9676281213760376,0.8049123883247375,0.858104407787323
/mnt/sda2/datasets/imagenet1k/imagenet-nano3/val/n03814906/ILSVRC2012_val_00033046.JPEG,n03814906,679,necklace,0.8399651050567627,0.8294848799705505,0.8373814821243286
/mnt/sda2/datasets/imagenet1k/imagenet-nano3/val/n03445777/ILSVRC2012_val_00041672.JPEG,n03445777,574,golf_ball,0.809579610824585,0.7038999199867249,0.9290703535079956
/mnt/sda2/datasets/imagenet1k/imagenet-nano3/val/n03838899/ILSVRC2012_val_00021771.JPEG,n03838899,683,oboe,0.7186239957809448,0.7987728118896484,0.8913735747337341
/mnt/sda2/datasets/imagenet1k/imagenet-nano3/val/n03838899/ILSVRC2012_val_00001464.JPEG,n03838899,683,oboe,0.7836239337921143,0.7118776440620422,0.8461934924125671
/mnt/sda2/datasets/imagenet1k/imagenet-nano3/val/n03998194/ILSVRC2012_val_00030732.JPEG,n03998194,741,prayer_rug,0.8344456553459167,0.7198919057846069,0.8970789909362793
/mnt/sda2/datasets/imagenet1k/imagenet-nano3/val/n02231487/ILSVRC2012_val_00001585.JPEG,n02231487,313,walking_stick,0.803360641002655,0.7083523869514465,0.8457051515579224
/mnt/sda2/datasets/imagenet1k/imagenet-nano3/val/n02231487/ILSVRC2012_val_00002727.JPEG,n02231487,313,walking_stick,0.7573197484016418,0.7607347369194031,0.8765972852706909
/mnt/sda2/datasets/imagenet1k/imagenet-nano3/val/n02910353/ILSVRC2012_val_00035865.JPEG,n02910353,464,buckle,0.8735894560813904,0.8302541971206665,0.9470363855361938
/mnt/sda2/datasets/imagenet1k/imagenet-nano3/val/n02910353/ILSVRC2012_val_00007920.JPEG,n02910353,464,buckle,0.7681389451026917,0.810844898223877,0.8228423595428467
/mnt/sda2/datasets/imagenet1k/imagenet-nano3/val/n02363005/ILSVRC2012_val_00017953.JPEG,n02363005,337,beaver,0.778983473777771,0.8327323198318481,0.916426420211792
/mnt/sda2/datasets/imagenet1k/imagenet-nano3/val/n02363005/ILSVRC2012_val_00003292.JPEG,n02363005,337,beaver,0.8383402824401855,0.8084222674369812,0.903162956237793
/mnt/sda2/datasets/imagenet1k/imagenet-nano3/val/n03854065/ILSVRC2012_val_00034845.JPEG,n03854065,687,organ,0.8063459992408752,0.8404328227043152,0.8644927740097046
/mnt/sda2/datasets/imagenet1k/imagenet-nano3/val/n03854065/ILSVRC2012_val_00013230.JPEG,n03854065,687,organ,0.7917488813400269,0.7510170340538025,0.7441577911376953
/mnt/sda2/datasets/imagenet1k/imagenet-nano3/val/n03854065/ILSVRC2012_val_00004425.JPEG,n03854065,687,organ,0.8007850050926208,0.7874912023544312,0.915972113609314
/mnt/sda2/datasets/imagenet1k/imagenet-nano3/val/n04118538/ILSVRC2012_val_00009409.JPEG,n04118538,768,rugby_ball,0.8975688219070435,0.8444884419441223,0.7932590842247009
/mnt/sda2/datasets/imagenet1k/imagenet-nano3/val/n02104365/ILSVRC2012_val_00046683.JPEG,n02104365,223,schipperke,0.7228634357452393,0.7737945914268494,0.8288475871086121
/mnt/sda2/datasets/imagenet1k/imagenet-nano3/val/n02104365/ILSVRC2012_val_00023554.JPEG,n02104365,223,schipperke,0.7405251264572144,0.7683289647102356,0.9192763566970825
/mnt/sda2/datasets/imagenet1k/imagenet-nano3/val/n02104365/ILSVRC2012_val_00008664.JPEG,n02104365,223,schipperke,0.8506436347961426,0.781811535358429,0.9056376218795776
/mnt/sda2/datasets/imagenet1k/imagenet-nano3/val/n01983481/ILSVRC2012_val_00033104.JPEG,n01983481,122,American_lobster,0.760297417640686,0.8067068457603455,0.8811619281768799
/mnt/sda2/datasets/imagenet1k/imagenet-nano3/val/n02102040/ILSVRC2012_val_00015694.JPEG,n02102040,217,English_springer,0.748583972454071,0.7528188824653625,0.9134128093719482
/mnt/sda2/datasets/imagenet1k/imagenet-nano3/val/n02102040/ILSVRC2012_val_00049218.JPEG,n02102040,217,English_springer,0.817709743976593,0.7836506962776184,0.8945449590682983
/mnt/sda2/datasets/imagenet1k/imagenet-nano3/val/n06785654/ILSVRC2012_val_00012126.JPEG,n06785654,918,crossword_puzzle,0.8159255385398865,0.8276634216308594,0.9031336903572083
/mnt/sda2/datasets/imagenet1k/imagenet-nano3/val/n06785654/ILSVRC2012_val_00031495.JPEG,n06785654,918,crossword_puzzle,0.8572179675102234,0.7667914032936096,0.8406729698181152
/mnt/sda2/datasets/imagenet1k/imagenet-nano3/val/n06785654/ILSVRC2012_val_00033741.JPEG,n06785654,918,crossword_puzzle,0.8660781979560852,0.847042977809906,0.9031968712806702
/mnt/sda2/datasets/imagenet1k/imagenet-nano3/val/n04552348/ILSVRC2012_val_00037204.JPEG,n04552348,895,warplane,0.872316300868988,0.8047188520431519,0.8451851606369019
/mnt/sda2/datasets/imagenet1k/imagenet-nano3/val/n02229544/ILSVRC2012_val_00034566.JPEG,n02229544,312,cricket,0.7643293142318726,0.7125583291053772,0.9031853079795837
/mnt/sda2/datasets/imagenet1k/imagenet-nano3/val/n07584110/ILSVRC2012_val_00031813.JPEG,n07584110,925,consomme,0.7531527876853943,0.7837315797805786,0.8143041729927063
/mnt/sda2/datasets/imagenet1k/imagenet-nano3/val/n06359193/ILSVRC2012_val_00019037.JPEG,n06359193,916,web_site,0.9598696231842041,0.8794741034507751,0.8506860733032227
/mnt/sda2/datasets/imagenet1k/imagenet-nano3/val/n06359193/ILSVRC2012_val_00005200.JPEG,n06359193,916,web_site,0.8017324209213257,0.7582399249076843,0.8258152604103088
/mnt/sda2/datasets/imagenet1k/imagenet-nano3/val/n06359193/ILSVRC2012_val_00030085.JPEG,n06359193,916,web_site,0.7847366333007812,0.9343140721321106,0.871895968914032
/mnt/sda2/datasets/imagenet1k/imagenet-nano3/val/n03100240/ILSVRC2012_val_00025028.JPEG,n03100240,511,convertible,0.8129431009292603,0.7660790085792542,0.9185206890106201
/mnt/sda2/datasets/imagenet1k/imagenet-nano3/val/n02089078/ILSVRC2012_val_00003905.JPEG,n02089078,165,black-and-tan_coonhound,0.8191767930984497,0.825398862361908,0.8853940367698669
/mnt/sda2/datasets/imagenet1k/imagenet-nano3/val/n02089078/ILSVRC2012_val_00043206.JPEG,n02089078,165,black-and-tan_coonhound,0.8009610176086426,0.9353530406951904,0.9336763620376587
/mnt/sda2/datasets/imagenet1k/imagenet-nano3/val/n04149813/ILSVRC2012_val_00011266.JPEG,n04149813,781,scoreboard,0.787716269493103,0.7023779153823853,0.8975868821144104
/mnt/sda2/datasets/imagenet1k/imagenet-nano3/val/n03443371/ILSVRC2012_val_00046087.JPEG,n03443371,572,goblet,0.7889575958251953,0.764976978302002,0.8913387060165405
/mnt/sda2/datasets/imagenet1k/imagenet-nano3/val/n03443371/ILSVRC2012_val_00044121.JPEG,n03443371,572,goblet,0.7572152614593506,0.7213965654373169,0.8702070713043213
/mnt/sda2/datasets/imagenet1k/imagenet-nano3/val/n04525305/ILSVRC2012_val_00004510.JPEG,n04525305,886,vending_machine,0.8014641404151917,0.8214050531387329,0.9101582169532776
/mnt/sda2/datasets/imagenet1k/imagenet-nano3/val/n04525305/ILSVRC2012_val_00023279.JPEG,n04525305,886,vending_machine,0.8481786251068115,0.8521372675895691,0.8494492769241333
/mnt/sda2/datasets/imagenet1k/imagenet-nano3/val/n04525305/ILSVRC2012_val_00006255.JPEG,n04525305,886,vending_machine,0.9001078009605408,0.7992572784423828,0.8931691646575928
/mnt/sda2/datasets/imagenet1k/imagenet-nano3/val/n02965783/ILSVRC2012_val_00038000.JPEG,n02965783,475,car_mirror,0.8600100874900818,0.8174589276313782,0.9076662659645081
/mnt/sda2/datasets/imagenet1k/imagenet-nano3/val/n02965783/ILSVRC2012_val_00016380.JPEG,n02965783,475,car_mirror,0.8427335023880005,0.8038003444671631,0.9181907176971436
/mnt/sda2/datasets/imagenet1k/imagenet-nano3/val/n01882714/ILSVRC2012_val_00018026.JPEG,n01882714,105,koala,0.8569127917289734,0.830046534538269,0.8700581192970276
/mnt/sda2/datasets/imagenet1k/imagenet-nano3/val/n01882714/ILSVRC2012_val_00027599.JPEG,n01882714,105,koala,0.7499487996101379,0.8427526354789734,0.9247108697891235
/mnt/sda2/datasets/imagenet1k/imagenet-nano3/val/n01882714/ILSVRC2012_val_00026297.JPEG,n01882714,105,koala,0.8545174598693848,0.8545639514923096,0.8983056545257568
/mnt/sda2/datasets/imagenet1k/imagenet-nano3/val/n15075141/ILSVRC2012_val_00013028.JPEG,n15075141,999,toilet_tissue,0.8281872868537903,0.7585248947143555,0.8074575662612915
/mnt/sda2/datasets/imagenet1k/imagenet-nano3/val/n15075141/ILSVRC2012_val_00038905.JPEG,n15075141,999,toilet_tissue,0.9476269483566284,0.8590492010116577,0.7882674932479858
/mnt/sda2/datasets/imagenet1k/imagenet-nano3/val/n02190166/ILSVRC2012_val_00021808.JPEG,n02190166,308,fly,0.8398738503456116,0.7128584384918213,0.8918662071228027
/mnt/sda2/datasets/imagenet1k/imagenet-nano3/val/n02096437/ILSVRC2012_val_00030910.JPEG,n02096437,194,Dandie_Dinmont,0.7270557284355164,0.7626424431800842,0.8768773078918457
/mnt/sda2/datasets/imagenet1k/imagenet-nano3/val/n02096437/ILSVRC2012_val_00044284.JPEG,n02096437,194,Dandie_Dinmont,0.7231072783470154,0.813365638256073,0.8284041285514832
/mnt/sda2/datasets/imagenet1k/imagenet-nano3/val/n03599486/ILSVRC2012_val_00032319.JPEG,n03599486,612,jinrikisha,0.8404295444488525,0.712450385093689,0.8801448941230774
/mnt/sda2/datasets/imagenet1k/imagenet-nano3/val/n03599486/ILSVRC2012_val_00008961.JPEG,n03599486,612,jinrikisha,0.8817406296730042,0.7346122860908508,0.8903696537017822
/mnt/sda2/datasets/imagenet1k/imagenet-nano3/val/n03599486/ILSVRC2012_val_00043161.JPEG,n03599486,612,jinrikisha,0.8338973522186279,0.857358455657959,0.89829021692276
/mnt/sda2/datasets/imagenet1k/imagenet-nano3/val/n02077923/ILSVRC2012_val_00013809.JPEG,n02077923,150,sea_lion,0.7260547876358032,0.7949123978614807,0.903717041015625
/mnt/sda2/datasets/imagenet1k/imagenet-nano3/val/n02077923/ILSVRC2012_val_00032540.JPEG,n02077923,150,sea_lion,0.7491222023963928,0.8111347556114197,0.8665951490402222
/mnt/sda2/datasets/imagenet1k/imagenet-nano3/val/n02077923/ILSVRC2012_val_00004302.JPEG,n02077923,150,sea_lion,0.8056983947753906,0.749006986618042,0.910824716091156
/mnt/sda2/datasets/imagenet1k/imagenet-nano3/val/n03697007/ILSVRC2012_val_00046301.JPEG,n03697007,634,lumbermill,0.8289770483970642,0.7965260148048401,0.8670520186424255
/mnt/sda2/datasets/imagenet1k/imagenet-nano3/val/n01689811/ILSVRC2012_val_00043624.JPEG,n01689811,44,alligator_lizard,0.7091209292411804,0.7435510158538818,0.7974090576171875
/mnt/sda2/datasets/imagenet1k/imagenet-nano3/val/n03095699/ILSVRC2012_val_00047443.JPEG,n03095699,510,container_ship,0.9067142009735107,0.8711459636688232,0.9094033241271973
/mnt/sda2/datasets/imagenet1k/imagenet-nano3/val/n03095699/ILSVRC2012_val_00036884.JPEG,n03095699,510,container_ship,0.7056698203086853,0.8129875659942627,0.9024626612663269
/mnt/sda2/datasets/imagenet1k/imagenet-nano3/val/n07836838/ILSVRC2012_val_00043992.JPEG,n07836838,960,chocolate_sauce,0.9230563640594482,0.8370702862739563,0.8428969383239746
/mnt/sda2/datasets/imagenet1k/imagenet-nano3/val/n07583066/ILSVRC2012_val_00034029.JPEG,n07583066,924,guacamole,0.8782470226287842,0.8737215995788574,0.9315552115440369
/mnt/sda2/datasets/imagenet1k/imagenet-nano3/val/n07583066/ILSVRC2012_val_00049358.JPEG,n07583066,924,guacamole,0.8500618934631348,0.7050146460533142,0.8855210542678833
/mnt/sda2/datasets/imagenet1k/imagenet-nano3/val/n02088094/ILSVRC2012_val_00015990.JPEG,n02088094,160,Afghan_hound,0.8065577745437622,0.7823877334594727,0.8519604802131653
/mnt/sda2/datasets/imagenet1k/imagenet-nano3/val/n02123597/ILSVRC2012_val_00035566.JPEG,n02123597,284,Siamese_cat,0.8319231271743774,0.8328678011894226,0.906886637210846
/mnt/sda2/datasets/imagenet1k/imagenet-nano3/val/n02123597/ILSVRC2012_val_00034254.JPEG,n02123597,284,Siamese_cat,0.7790694832801819,0.8256960511207581,0.8804066777229309
/mnt/sda2/datasets/imagenet1k/imagenet-nano3/val/n02134418/ILSVRC2012_val_00033689.JPEG,n02134418,297,sloth_bear,0.8937066197395325,0.7217372059822083,0.9065445065498352
/mnt/sda2/datasets/imagenet1k/imagenet-nano3/val/n02134418/ILSVRC2012_val_00033241.JPEG,n02134418,297,sloth_bear,0.8619087338447571,0.8658013939857483,0.8896175026893616
/mnt/sda2/datasets/imagenet1k/imagenet-nano3/val/n01873310/ILSVRC2012_val_00008907.JPEG,n01873310,103,platypus,0.7640373706817627,0.762394905090332,0.9045905470848083
/mnt/sda2/datasets/imagenet1k/imagenet-nano3/val/n03529860/ILSVRC2012_val_00007441.JPEG,n03529860,598,home_theater,0.8395451903343201,0.7815384864807129,0.8542846441268921
/mnt/sda2/datasets/imagenet1k/imagenet-nano3/val/n03529860/ILSVRC2012_val_00007900.JPEG,n03529860,598,home_theater,0.7130115032196045,0.7297185063362122,0.8668377995491028
/mnt/sda2/datasets/imagenet1k/imagenet-nano3/val/n02486261/ILSVRC2012_val_00022420.JPEG,n02486261,371,patas,0.7775351405143738,0.7087067365646362,0.8509650230407715
/mnt/sda2/datasets/imagenet1k/imagenet-nano3/val/n02486261/ILSVRC2012_val_00043687.JPEG,n02486261,371,patas,0.8310712575912476,0.7066352963447571,0.9057179093360901
/mnt/sda2/datasets/imagenet1k/imagenet-nano3/val/n03977966/ILSVRC2012_val_00016091.JPEG,n03977966,734,police_van,0.8408369421958923,0.7668197154998779,0.8876217603683472
/mnt/sda2/datasets/imagenet1k/imagenet-nano3/val/n03977966/ILSVRC2012_val_00001143.JPEG,n03977966,734,police_van,0.8095863461494446,0.7796276807785034,0.878948986530304
/mnt/sda2/datasets/imagenet1k/imagenet-nano3/val/n04486054/ILSVRC2012_val_00035081.JPEG,n04486054,873,triumphal_arch,0.8838772773742676,0.7823032736778259,0.880509614944458
/mnt/sda2/datasets/imagenet1k/imagenet-nano3/val/n03026506/ILSVRC2012_val_00034047.JPEG,n03026506,496,Christmas_stocking,0.8462727665901184,0.7912699580192566,0.8862446546554565
/mnt/sda2/datasets/imagenet1k/imagenet-nano3/val/n03026506/ILSVRC2012_val_00042060.JPEG,n03026506,496,Christmas_stocking,0.8184568285942078,0.751011073589325,0.8918859958648682
/mnt/sda2/datasets/imagenet1k/imagenet-nano3/val/n03026506/ILSVRC2012_val_00005560.JPEG,n03026506,496,Christmas_stocking,0.8304117918014526,0.797557532787323,0.8737858533859253
/mnt/sda2/datasets/imagenet1k/imagenet-nano3/val/n02951585/ILSVRC2012_val_00028303.JPEG,n02951585,473,can_opener,0.8444239497184753,0.7743754386901855,0.949804961681366
/mnt/sda2/datasets/imagenet1k/imagenet-nano3/val/n01667114/ILSVRC2012_val_00012732.JPEG,n01667114,35,mud_turtle,0.745383083820343,0.7966092824935913,0.9030793309211731
/mnt/sda2/datasets/imagenet1k/imagenet-nano3/val/n04252077/ILSVRC2012_val_00041951.JPEG,n04252077,802,snowmobile,0.7740159034729004,0.7520352602005005,0.857600748538971
/mnt/sda2/datasets/imagenet1k/imagenet-nano3/val/n04252077/ILSVRC2012_val_00029893.JPEG,n04252077,802,snowmobile,0.8323417901992798,0.8624585270881653,0.9079371094703674
/mnt/sda2/datasets/imagenet1k/imagenet-nano3/val/n04252077/ILSVRC2012_val_00018612.JPEG,n04252077,802,snowmobile,0.8119952082633972,0.7424290776252747,0.9102991819381714
/mnt/sda2/datasets/imagenet1k/imagenet-nano3/val/n04542943/ILSVRC2012_val_00048545.JPEG,n04542943,891,waffle_iron,0.7889202833175659,0.7924101948738098,0.9053201675415039
/mnt/sda2/datasets/imagenet1k/imagenet-nano3/val/n04542943/ILSVRC2012_val_00003642.JPEG,n04542943,891,waffle_iron,0.9305456876754761,0.7782250642776489,0.9160783290863037
/mnt/sda2/datasets/imagenet1k/imagenet-nano3/val/n03445924/ILSVRC2012_val_00040651.JPEG,n03445924,575,golfcart,0.8139877915382385,0.8348515033721924,0.867154061794281
/mnt/sda2/datasets/imagenet1k/imagenet-nano3/val/n03445924/ILSVRC2012_val_00012668.JPEG,n03445924,575,golfcart,0.8010755181312561,0.8241413831710815,0.9091649055480957
/mnt/sda2/datasets/imagenet1k/imagenet-nano3/val/n07697537/ILSVRC2012_val_00016179.JPEG,n07697537,934,hotdog,0.8430918455123901,0.7343237996101379,0.7307437062263489
/mnt/sda2/datasets/imagenet1k/imagenet-nano3/val/n07697537/ILSVRC2012_val_00015811.JPEG,n07697537,934,hotdog,0.8815467953681946,0.8087536692619324,0.8572918772697449
/mnt/sda2/datasets/imagenet1k/imagenet-nano3/val/n04266014/ILSVRC2012_val_00033013.JPEG,n04266014,812,space_shuttle,0.8615241646766663,0.7694964408874512,0.8624315857887268
/mnt/sda2/datasets/imagenet1k/imagenet-nano3/val/n04266014/ILSVRC2012_val_00034371.JPEG,n04266014,812,space_shuttle,0.7397624254226685,0.7284134030342102,0.8282585740089417
/mnt/sda2/datasets/imagenet1k/imagenet-nano3/val/n02109047/ILSVRC2012_val_00033455.JPEG,n02109047,246,Great_Dane,0.8471188545227051,0.8000796437263489,0.8315774202346802
/mnt/sda2/datasets/imagenet1k/imagenet-nano3/val/n01806143/ILSVRC2012_val_00022422.JPEG,n01806143,84,peacock,0.8603259325027466,0.7213079333305359,0.8593811988830566
/mnt/sda2/datasets/imagenet1k/imagenet-nano3/val/n03344393/ILSVRC2012_val_00017026.JPEG,n03344393,554,fireboat,0.8614675402641296,0.7325172424316406,0.8444775938987732
/mnt/sda2/datasets/imagenet1k/imagenet-nano3/val/n03344393/ILSVRC2012_val_00013632.JPEG,n03344393,554,fireboat,0.770675539970398,0.7173075675964355,0.8741701245307922
/mnt/sda2/datasets/imagenet1k/imagenet-nano3/val/n03344393/ILSVRC2012_val_00026507.JPEG,n03344393,554,fireboat,0.8282283544540405,0.8450727462768555,0.8961661458015442
/mnt/sda2/datasets/imagenet1k/imagenet-nano3/val/n02493509/ILSVRC2012_val_00036953.JPEG,n02493509,380,titi,0.7628353834152222,0.8347525000572205,0.8883066773414612
/mnt/sda2/datasets/imagenet1k/imagenet-nano3/val/n02493509/ILSVRC2012_val_00002717.JPEG,n02493509,380,titi,0.789151668548584,0.8350154161453247,0.8249189257621765
/mnt/sda2/datasets/imagenet1k/imagenet-nano3/val/n04153751/ILSVRC2012_val_00041327.JPEG,n04153751,783,screw,0.7709978818893433,0.7748823761940002,0.8941428065299988
/mnt/sda2/datasets/imagenet1k/imagenet-nano3/val/n04153751/ILSVRC2012_val_00014344.JPEG,n04153751,783,screw,0.7969772815704346,0.767044186592102,0.8610890507698059
/mnt/sda2/datasets/imagenet1k/imagenet-nano3/val/n04153751/ILSVRC2012_val_00004966.JPEG,n04153751,783,screw,0.8523073196411133,0.7850733995437622,0.8852464556694031
/mnt/sda2/datasets/imagenet1k/imagenet-nano3/val/n03691459/ILSVRC2012_val_00040815.JPEG,n03691459,632,loudspeaker,0.9367357492446899,0.8702160716056824,0.9401136636734009
/mnt/sda2/datasets/imagenet1k/imagenet-nano3/val/n03201208/ILSVRC2012_val_00023795.JPEG,n03201208,532,dining_table,0.8599146008491516,0.7572937607765198,0.9085711240768433
/mnt/sda2/datasets/imagenet1k/imagenet-nano3/val/n03201208/ILSVRC2012_val_00015035.JPEG,n03201208,532,dining_table,0.8123828768730164,0.7774168252944946,0.8218604326248169
/mnt/sda2/datasets/imagenet1k/imagenet-nano3/val/n02033041/ILSVRC2012_val_00026178.JPEG,n02033041,142,dowitcher,0.8609466552734375,0.77204829454422,0.8812698125839233
/mnt/sda2/datasets/imagenet1k/imagenet-nano3/val/n02033041/ILSVRC2012_val_00029782.JPEG,n02033041,142,dowitcher,0.8250651359558105,0.7721075415611267,0.8902021646499634
/mnt/sda2/datasets/imagenet1k/imagenet-nano3/val/n04120489/ILSVRC2012_val_00036855.JPEG,n04120489,770,running_shoe,0.8006017804145813,0.7697426676750183,0.8697987794876099
/mnt/sda2/datasets/imagenet1k/imagenet-nano3/val/n04120489/ILSVRC2012_val_00038922.JPEG,n04120489,770,running_shoe,0.8782965540885925,0.8341093063354492,0.9240819215774536
/mnt/sda2/datasets/imagenet1k/imagenet-nano3/val/n04120489/ILSVRC2012_val_00003882.JPEG,n04120489,770,running_shoe,0.8801442980766296,0.7484421730041504,0.9047001600265503
/mnt/sda2/datasets/imagenet1k/imagenet-nano3/val/n04201297/ILSVRC2012_val_00038109.JPEG,n04201297,789,shoji,0.838158369064331,0.7356852889060974,0.7927639484405518
/mnt/sda2/datasets/imagenet1k/imagenet-nano3/val/n02988304/ILSVRC2012_val_00011788.JPEG,n02988304,485,CD_player,0.894530177116394,0.841657817363739,0.9453662037849426
/mnt/sda2/datasets/imagenet1k/imagenet-nano3/val/n03775071/ILSVRC2012_val_00025301.JPEG,n03775071,658,mitten,0.8815687298774719,0.836256206035614,0.8768009543418884
/mnt/sda2/datasets/imagenet1k/imagenet-nano3/val/n03775071/ILSVRC2012_val_00002123.JPEG,n03775071,658,mitten,0.7985807657241821,0.7412923574447632,0.920276939868927
/mnt/sda2/datasets/imagenet1k/imagenet-nano3/val/n02437312/ILSVRC2012_val_00005356.JPEG,n02437312,354,Arabian_camel,0.8284130096435547,0.8146710395812988,0.8911924958229065
/mnt/sda2/datasets/imagenet1k/imagenet-nano3/val/n02437312/ILSVRC2012_val_00009825.JPEG,n02437312,354,Arabian_camel,0.8079238533973694,0.7186557650566101,0.9163762331008911
/mnt/sda2/datasets/imagenet1k/imagenet-nano3/val/n02437312/ILSVRC2012_val_00046752.JPEG,n02437312,354,Arabian_camel,0.8500365018844604,0.822233259677887,0.8948304057121277
/mnt/sda2/datasets/imagenet1k/imagenet-nano3/val/n04004767/ILSVRC2012_val_00033653.JPEG,n04004767,742,printer,0.9279162883758545,0.8526577353477478,0.94582200050354
/mnt/sda2/datasets/imagenet1k/imagenet-nano3/val/n07753275/ILSVRC2012_val_00047038.JPEG,n07753275,953,pineapple,0.8994943499565125,0.7619912028312683,0.7913973927497864
/mnt/sda2/datasets/imagenet1k/imagenet-nano3/val/n02137549/ILSVRC2012_val_00033747.JPEG,n02137549,298,mongoose,0.8802658915519714,0.7493574023246765,0.8979865908622742
/mnt/sda2/datasets/imagenet1k/imagenet-nano3/val/n02777292/ILSVRC2012_val_00032435.JPEG,n02777292,416,balance_beam,0.8324718475341797,0.8150861263275146,0.8846768140792847
/mnt/sda2/datasets/imagenet1k/imagenet-nano3/val/n02777292/ILSVRC2012_val_00013329.JPEG,n02777292,416,balance_beam,0.7920070290565491,0.7584588527679443,0.9016180038452148
/mnt/sda2/datasets/imagenet1k/imagenet-nano3/val/n04238763/ILSVRC2012_val_00012051.JPEG,n04238763,798,slide_rule,0.7203530669212341,0.7995150685310364,0.898057222366333
/mnt/sda2/datasets/imagenet1k/imagenet-nano3/val/n04238763/ILSVRC2012_val_00014937.JPEG,n04238763,798,slide_rule,0.7793035507202148,0.781246542930603,0.8451804518699646
/mnt/sda2/datasets/imagenet1k/imagenet-nano3/val/n04311004/ILSVRC2012_val_00042606.JPEG,n04311004,821,steel_arch_bridge,0.7145833373069763,0.7144675254821777,0.8337442874908447
/mnt/sda2/datasets/imagenet1k/imagenet-nano3/val/n02058221/ILSVRC2012_val_00012187.JPEG,n02058221,146,albatross,0.8322259783744812,0.7723562717437744,0.8810541033744812
/mnt/sda2/datasets/imagenet1k/imagenet-nano3/val/n02058221/ILSVRC2012_val_00029223.JPEG,n02058221,146,albatross,0.742102324962616,0.7237120270729065,0.8774985671043396
/mnt/sda2/datasets/imagenet1k/imagenet-nano3/val/n07693725/ILSVRC2012_val_00044905.JPEG,n07693725,931,bagel,0.8592320680618286,0.7137101292610168,0.7486802935600281
/mnt/sda2/datasets/imagenet1k/imagenet-nano3/val/n07693725/ILSVRC2012_val_00022802.JPEG,n07693725,931,bagel,0.9095508456230164,0.8279011249542236,0.8577935099601746
/mnt/sda2/datasets/imagenet1k/imagenet-nano3/val/n07693725/ILSVRC2012_val_00020828.JPEG,n07693725,931,bagel,0.7280808091163635,0.7175505757331848,0.8659493327140808
/mnt/sda2/datasets/imagenet1k/imagenet-nano3/val/n04009552/ILSVRC2012_val_00018298.JPEG,n04009552,745,projector,0.8766188025474548,0.8249809145927429,0.9179990887641907
/mnt/sda2/datasets/imagenet1k/imagenet-nano3/val/n04009552/ILSVRC2012_val_00026668.JPEG,n04009552,745,projector,0.9734278321266174,0.8073360919952393,0.9362409114837646
/mnt/sda2/datasets/imagenet1k/imagenet-nano3/val/n02165456/ILSVRC2012_val_00030697.JPEG,n02165456,301,ladybug,0.7379962205886841,0.8181045055389404,0.8927565217018127
/mnt/sda2/datasets/imagenet1k/imagenet-nano3/val/n03733805/ILSVRC2012_val_00034141.JPEG,n03733805,647,measuring_cup,0.8817766308784485,0.7626457810401917,0.871975839138031
/mnt/sda2/datasets/imagenet1k/imagenet-nano3/val/n02172182/ILSVRC2012_val_00037889.JPEG,n02172182,305,dung_beetle,0.8000530004501343,0.740581750869751,0.9114956259727478
/mnt/sda2/datasets/imagenet1k/imagenet-nano3/val/n02172182/ILSVRC2012_val_00045513.JPEG,n02172182,305,dung_beetle,0.7859043478965759,0.7714609503746033,0.8939319252967834
/mnt/sda2/datasets/imagenet1k/imagenet-nano3/val/n04523525/ILSVRC2012_val_00013142.JPEG,n04523525,884,vault,0.9108083844184875,0.8552645444869995,0.938352644443512
/mnt/sda2/datasets/imagenet1k/imagenet-nano3/val/n02112350/ILSVRC2012_val_00047515.JPEG,n02112350,261,keeshond,0.8325198888778687,0.814182460308075,0.8969751000404358
/mnt/sda2/datasets/imagenet1k/imagenet-nano3/val/n02112018/ILSVRC2012_val_00045514.JPEG,n02112018,259,Pomeranian,0.7414577603340149,0.8202580213546753,0.8660829067230225
/mnt/sda2/datasets/imagenet1k/imagenet-nano3/val/n02112018/ILSVRC2012_val_00040463.JPEG,n02112018,259,Pomeranian,0.7467297911643982,0.8289178609848022,0.8979709148406982
/mnt/sda2/datasets/imagenet1k/imagenet-nano3/val/n01641577/ILSVRC2012_val_00028352.JPEG,n01641577,30,bullfrog,0.8607901334762573,0.7095834612846375,0.8568345904350281
/mnt/sda2/datasets/imagenet1k/imagenet-nano3/val/n01531178/ILSVRC2012_val_00048710.JPEG,n01531178,11,goldfinch,0.8134015202522278,0.7107005715370178,0.8905576467514038
/mnt/sda2/datasets/imagenet1k/imagenet-nano3/val/n01531178/ILSVRC2012_val_00001274.JPEG,n01531178,11,goldfinch,0.8440590500831604,0.8186395764350891,0.8899087905883789
/mnt/sda2/datasets/imagenet1k/imagenet-nano3/val/n03459775/ILSVRC2012_val_00003517.JPEG,n03459775,581,grille,0.8119547367095947,0.8790152072906494,0.8409869074821472
/mnt/sda2/datasets/imagenet1k/imagenet-nano3/val/n02909870/ILSVRC2012_val_00000336.JPEG,n02909870,463,bucket,0.8419092893600464,0.7585967779159546,0.8135955929756165
/mnt/sda2/datasets/imagenet1k/imagenet-nano3/val/n03776460/ILSVRC2012_val_00021328.JPEG,n03776460,660,mobile_home,0.8787016868591309,0.8223274946212769,0.8520379066467285
/mnt/sda2/datasets/imagenet1k/imagenet-nano3/val/n03776460/ILSVRC2012_val_00022673.JPEG,n03776460,660,mobile_home,0.8625705242156982,0.807842493057251,0.9064124822616577
/mnt/sda2/datasets/imagenet1k/imagenet-nano3/val/n01819313/ILSVRC2012_val_00045408.JPEG,n01819313,89,sulphur-crested_cockatoo,0.84112948179245,0.7382491827011108,0.8878311514854431
/mnt/sda2/datasets/imagenet1k/imagenet-nano3/val/n03530642/ILSVRC2012_val_00009684.JPEG,n03530642,599,honeycomb,0.7729853391647339,0.8042377233505249,0.8169624209403992
/mnt/sda2/datasets/imagenet1k/imagenet-nano3/val/n02102480/ILSVRC2012_val_00019449.JPEG,n02102480,220,Sussex_spaniel,0.7105950117111206,0.8555698394775391,0.8261593580245972
/mnt/sda2/datasets/imagenet1k/imagenet-nano3/val/n02102480/ILSVRC2012_val_00004185.JPEG,n02102480,220,Sussex_spaniel,0.7489286065101624,0.7623290419578552,0.8189233541488647
/mnt/sda2/datasets/imagenet1k/imagenet-nano3/val/n02102480/ILSVRC2012_val_00020961.JPEG,n02102480,220,Sussex_spaniel,0.8968852162361145,0.7421825528144836,0.856486976146698
/mnt/sda2/datasets/imagenet1k/imagenet-nano3/val/n07930864/ILSVRC2012_val_00015509.JPEG,n07930864,968,cup,0.835351824760437,0.798353910446167,0.9486843943595886
/mnt/sda2/datasets/imagenet1k/imagenet-nano3/val/n02640242/ILSVRC2012_val_00038973.JPEG,n02640242,394,sturgeon,0.9209545254707336,0.792412281036377,0.9116116762161255
/mnt/sda2/datasets/imagenet1k/imagenet-nano3/val/n02640242/ILSVRC2012_val_00004574.JPEG,n02640242,394,sturgeon,0.8698880672454834,0.7795503735542297,0.8943779468536377
/mnt/sda2/datasets/imagenet1k/imagenet-nano3/val/n02317335/ILSVRC2012_val_00001161.JPEG,n02317335,327,starfish,0.8058768510818481,0.7124221920967102,0.8816071152687073
/mnt/sda2/datasets/imagenet1k/imagenet-nano3/val/n03617480/ILSVRC2012_val_00004848.JPEG,n03617480,614,kimono,0.7149559259414673,0.8582836985588074,0.9070886373519897
/mnt/sda2/datasets/imagenet1k/imagenet-nano3/val/n03617480/ILSVRC2012_val_00005093.JPEG,n03617480,614,kimono,0.7622091174125671,0.7475782036781311,0.8906440734863281
/mnt/sda2/datasets/imagenet1k/imagenet-nano3/val/n04111531/ILSVRC2012_val_00033304.JPEG,n04111531,766,rotisserie,0.7975743412971497,0.7196402549743652,0.8898183703422546
/mnt/sda2/datasets/imagenet1k/imagenet-nano3/val/n02095889/ILSVRC2012_val_00045721.JPEG,n02095889,190,Sealyham_terrier,0.8516478538513184,0.7908080816268921,0.9124958515167236
/mnt/sda2/datasets/imagenet1k/imagenet-nano3/val/n02095889/ILSVRC2012_val_00014477.JPEG,n02095889,190,Sealyham_terrier,0.7963790893554688,0.827552318572998,0.8152045607566833
/mnt/sda2/datasets/imagenet1k/imagenet-nano3/val/n07695742/ILSVRC2012_val_00025057.JPEG,n07695742,932,pretzel,0.8084942698478699,0.785976767539978,0.8508967161178589
/mnt/sda2/datasets/imagenet1k/imagenet-nano3/val/n07695742/ILSVRC2012_val_00045165.JPEG,n07695742,932,pretzel,0.8747461438179016,0.8189308643341064,0.8651403784751892
/mnt/sda2/datasets/imagenet1k/imagenet-nano3/val/n04467665/ILSVRC2012_val_00041588.JPEG,n04467665,867,trailer_truck,0.7061327695846558,0.8572923541069031,0.8904666304588318
/mnt/sda2/datasets/imagenet1k/imagenet-nano3/val/n03788365/ILSVRC2012_val_00003241.JPEG,n03788365,669,mosquito_net,0.7943641543388367,0.7663884162902832,0.8488488793373108
/mnt/sda2/datasets/imagenet1k/imagenet-nano3/val/n03788365/ILSVRC2012_val_00006572.JPEG,n03788365,669,mosquito_net,0.8760662078857422,0.7730560898780823,0.8466041088104248
/mnt/sda2/datasets/imagenet1k/imagenet-nano3/val/n03788365/ILSVRC2012_val_00034671.JPEG,n03788365,669,mosquito_net,0.8081294298171997,0.8174634575843811,0.8522476553916931
/mnt/sda2/datasets/imagenet1k/imagenet-nano3/val/n03544143/ILSVRC2012_val_00022005.JPEG,n03544143,604,hourglass,0.804663360118866,0.7707093358039856,0.8946087956428528
/mnt/sda2/datasets/imagenet1k/imagenet-nano3/val/n03544143/ILSVRC2012_val_00048860.JPEG,n03544143,604,hourglass,0.8429749608039856,0.712375819683075,0.9077802896499634
/mnt/sda2/datasets/imagenet1k/imagenet-nano3/val/n13054560/ILSVRC2012_val_00019196.JPEG,n13054560,997,bolete,0.7195940017700195,0.708297848701477,0.81138676404953
/mnt/sda2/datasets/imagenet1k/imagenet-nano3/val/n03733131/ILSVRC2012_val_00021102.JPEG,n03733131,645,maypole,0.8217726945877075,0.8702148795127869,0.8662217855453491
/mnt/sda2/datasets/imagenet1k/imagenet-nano3/val/n03733131/ILSVRC2012_val_00044411.JPEG,n03733131,645,maypole,0.8595835566520691,0.7470269799232483,0.882224440574646
/mnt/sda2/datasets/imagenet1k/imagenet-nano3/val/n04116512/ILSVRC2012_val_00015797.JPEG,n04116512,767,rubber_eraser,0.78947913646698,0.8058315515518188,0.9052244424819946
/mnt/sda2/datasets/imagenet1k/imagenet-nano3/val/n02125311/ILSVRC2012_val_00022007.JPEG,n02125311,286,cougar,0.8903746008872986,0.7416476607322693,0.8779854774475098
/mnt/sda2/datasets/imagenet1k/imagenet-nano3/val/n02125311/ILSVRC2012_val_00015558.JPEG,n02125311,286,cougar,0.8894618153572083,0.7642226815223694,0.8585141897201538
/mnt/sda2/datasets/imagenet1k/imagenet-nano3/val/n02342885/ILSVRC2012_val_00001226.JPEG,n02342885,333,hamster,0.7785919904708862,0.7964209318161011,0.8932442665100098
/mnt/sda2/datasets/imagenet1k/imagenet-nano3/val/n02342885/ILSVRC2012_val_00023034.JPEG,n02342885,333,hamster,0.7009523510932922,0.7688375115394592,0.842684805393219
/mnt/sda2/datasets/imagenet1k/imagenet-nano3/val/n02342885/ILSVRC2012_val_00047769.JPEG,n02342885,333,hamster,0.732943058013916,0.7725005745887756,0.8449679017066956
/mnt/sda2/datasets/imagenet1k/imagenet-nano3/val/n02837789/ILSVRC2012_val_00043179.JPEG,n02837789,445,bikini,0.8518660068511963,0.8408414125442505,0.9220958352088928
/mnt/sda2/datasets/imagenet1k/imagenet-nano3/val/n04344873/ILSVRC2012_val_00037076.JPEG,n04344873,831,studio_couch,0.7567694783210754,0.837338924407959,0.9302859306335449
/mnt/sda2/datasets/imagenet1k/imagenet-nano3/val/n03000247/ILSVRC2012_val_00022809.JPEG,n03000247,490,chain_mail,0.7925864458084106,0.7761045694351196,0.8223751187324524
/mnt/sda2/datasets/imagenet1k/imagenet-nano3/val/n03000247/ILSVRC2012_val_00016036.JPEG,n03000247,490,chain_mail,0.7964820861816406,0.7752021551132202,0.9100315570831299
/mnt/sda2/datasets/imagenet1k/imagenet-nano3/val/n01770393/ILSVRC2012_val_00032644.JPEG,n01770393,71,scorpion,0.7295036315917969,0.7230348587036133,0.8892534375190735
/mnt/sda2/datasets/imagenet1k/imagenet-nano3/val/n02091467/ILSVRC2012_val_00046530.JPEG,n02091467,174,Norwegian_elkhound,0.8889158368110657,0.8598394393920898,0.9096660017967224
/mnt/sda2/datasets/imagenet1k/imagenet-nano3/val/n02091467/ILSVRC2012_val_00047836.JPEG,n02091467,174,Norwegian_elkhound,0.7213584184646606,0.7589730620384216,0.8159055709838867
/mnt/sda2/datasets/imagenet1k/imagenet-nano3/val/n02091467/ILSVRC2012_val_00012351.JPEG,n02091467,174,Norwegian_elkhound,0.8736714720726013,0.7897452116012573,0.8668351173400879
/mnt/sda2/datasets/imagenet1k/imagenet-nano3/val/n04037443/ILSVRC2012_val_00001995.JPEG,n04037443,751,racer,0.8851518630981445,0.7706969976425171,0.8454098701477051
/mnt/sda2/datasets/imagenet1k/imagenet-nano3/val/n02111889/ILSVRC2012_val_00033280.JPEG,n02111889,258,Samoyed,0.9005637168884277,0.8363212943077087,0.8971096873283386
/mnt/sda2/datasets/imagenet1k/imagenet-nano3/val/n02111889/ILSVRC2012_val_00033101.JPEG,n02111889,258,Samoyed,0.9307818412780762,0.8021382689476013,0.8611865639686584
/mnt/sda2/datasets/imagenet1k/imagenet-nano3/val/n02113978/ILSVRC2012_val_00026509.JPEG,n02113978,268,Mexican_hairless,0.7387226223945618,0.7751656174659729,0.8887746334075928
/mnt/sda2/datasets/imagenet1k/imagenet-nano3/val/n02105251/ILSVRC2012_val_00046402.JPEG,n02105251,226,briard,0.7293539643287659,0.7007091045379639,0.8688427209854126
/mnt/sda2/datasets/imagenet1k/imagenet-nano3/val/n02410509/ILSVRC2012_val_00009221.JPEG,n02410509,347,bison,0.8110652565956116,0.812779426574707,0.9207071661949158
/mnt/sda2/datasets/imagenet1k/imagenet-nano3/val/n02410509/ILSVRC2012_val_00048448.JPEG,n02410509,347,bison,0.7509612441062927,0.723090648651123,0.8575236201286316
/mnt/sda2/datasets/imagenet1k/imagenet-nano3/val/n03690938/ILSVRC2012_val_00032861.JPEG,n03690938,631,lotion,0.9377981424331665,0.8156197667121887,0.8690927028656006
/mnt/sda2/datasets/imagenet1k/imagenet-nano3/val/n03673027/ILSVRC2012_val_00006026.JPEG,n03673027,628,liner,0.8073678016662598,0.7319508194923401,0.8497425317764282
/mnt/sda2/datasets/imagenet1k/imagenet-nano3/val/n03673027/ILSVRC2012_val_00014164.JPEG,n03673027,628,liner,0.7957582473754883,0.7765273451805115,0.8715325593948364
/mnt/sda2/datasets/imagenet1k/imagenet-nano3/val/n03673027/ILSVRC2012_val_00036424.JPEG,n03673027,628,liner,0.8286824822425842,0.8071116805076599,0.8691098093986511
/mnt/sda2/datasets/imagenet1k/imagenet-nano3/val/n03602883/ILSVRC2012_val_00021732.JPEG,n03602883,613,joystick,0.9315856099128723,0.8533148169517517,0.9059246778488159
/mnt/sda2/datasets/imagenet1k/imagenet-nano3/val/n04086273/ILSVRC2012_val_00026654.JPEG,n04086273,763,revolver,0.879105269908905,0.7915087938308716,0.9194567799568176
/mnt/sda2/datasets/imagenet1k/imagenet-nano3/val/n04086273/ILSVRC2012_val_00030717.JPEG,n04086273,763,revolver,0.8448643088340759,0.7539477348327637,0.9010759592056274
/mnt/sda2/datasets/imagenet1k/imagenet-nano3/val/n02105056/ILSVRC2012_val_00032418.JPEG,n02105056,224,groenendael,0.7864670157432556,0.8423363566398621,0.9223880171775818
/mnt/sda2/datasets/imagenet1k/imagenet-nano3/val/n02105056/ILSVRC2012_val_00017554.JPEG,n02105056,224,groenendael,0.7332614064216614,0.7698097825050354,0.8766285181045532
/mnt/sda2/datasets/imagenet1k/imagenet-nano3/val/n03452741/ILSVRC2012_val_00006036.JPEG,n03452741,579,grand_piano,0.8583545684814453,0.8034073114395142,0.9302210807800293
/mnt/sda2/datasets/imagenet1k/imagenet-nano3/val/n03452741/ILSVRC2012_val_00007450.JPEG,n03452741,579,grand_piano,0.8406112790107727,0.7351648807525635,0.8986014127731323
/mnt/sda2/datasets/imagenet1k/imagenet-nano3/val/n02256656/ILSVRC2012_val_00017593.JPEG,n02256656,316,cicada,0.8293430209159851,0.7184801697731018,0.9187428951263428
/mnt/sda2/datasets/imagenet1k/imagenet-nano3/val/n02256656/ILSVRC2012_val_00010562.JPEG,n02256656,316,cicada,0.8325241804122925,0.7089959383010864,0.9087908864021301
/mnt/sda2/datasets/imagenet1k/imagenet-nano3/val/n02256656/ILSVRC2012_val_00041431.JPEG,n02256656,316,cicada,0.7986370325088501,0.7180845737457275,0.9077620506286621
/mnt/sda2/datasets/imagenet1k/imagenet-nano3/val/n02051845/ILSVRC2012_val_00048664.JPEG,n02051845,144,pelican,0.7616763710975647,0.7936268448829651,0.8867448568344116
/mnt/sda2/datasets/imagenet1k/imagenet-nano3/val/n02051845/ILSVRC2012_val_00036745.JPEG,n02051845,144,pelican,0.8546459674835205,0.7818672060966492,0.822834312915802
/mnt/sda2/datasets/imagenet1k/imagenet-nano3/val/n04456115/ILSVRC2012_val_00022750.JPEG,n04456115,862,torch,0.7860115766525269,0.7401461005210876,0.8821161389350891
/mnt/sda2/datasets/imagenet1k/imagenet-nano3/val/n03042490/ILSVRC2012_val_00025402.JPEG,n03042490,500,cliff_dwelling,0.8675305843353271,0.7557063698768616,0.8866894245147705
/mnt/sda2/datasets/imagenet1k/imagenet-nano3/val/n03042490/ILSVRC2012_val_00030838.JPEG,n03042490,500,cliff_dwelling,0.754906177520752,0.8415893316268921,0.8543994426727295
/mnt/sda2/datasets/imagenet1k/imagenet-nano3/val/n07768694/ILSVRC2012_val_00036377.JPEG,n07768694,957,pomegranate,0.8824567198753357,0.7298697233200073,0.8043972253799438
/mnt/sda2/datasets/imagenet1k/imagenet-nano3/val/n02398521/ILSVRC2012_val_00025996.JPEG,n02398521,344,hippopotamus,0.8048604130744934,0.7469954490661621,0.8823640942573547
/mnt/sda2/datasets/imagenet1k/imagenet-nano3/val/n02398521/ILSVRC2012_val_00012118.JPEG,n02398521,344,hippopotamus,0.8082169890403748,0.8008025884628296,0.8956859111785889
/mnt/sda2/datasets/imagenet1k/imagenet-nano3/val/n03888605/ILSVRC2012_val_00024084.JPEG,n03888605,702,parallel_bars,0.8432067036628723,0.7682774066925049,0.7539467215538025
/mnt/sda2/datasets/imagenet1k/imagenet-nano3/val/n02128385/ILSVRC2012_val_00032718.JPEG,n02128385,288,leopard,0.7561724781990051,0.7934499979019165,0.9023844003677368
/mnt/sda2/datasets/imagenet1k/imagenet-nano3/val/n09256479/ILSVRC2012_val_00020575.JPEG,n09256479,973,coral_reef,0.7759104371070862,0.8475134968757629,0.7693572044372559
/mnt/sda2/datasets/imagenet1k/imagenet-nano3/val/n02111277/ILSVRC2012_val_00003242.JPEG,n02111277,256,Newfoundland,0.8353040218353271,0.8100365400314331,0.9175913333892822
/mnt/sda2/datasets/imagenet1k/imagenet-nano3/val/n07717556/ILSVRC2012_val_00007798.JPEG,n07717556,942,butternut_squash,0.7825143933296204,0.7569422125816345,0.8586061596870422
/mnt/sda2/datasets/imagenet1k/imagenet-nano3/val/n07717556/ILSVRC2012_val_00017449.JPEG,n07717556,942,butternut_squash,0.8068721890449524,0.8172552585601807,0.8584585785865784
/mnt/sda2/datasets/imagenet1k/imagenet-nano3/val/n01440764/ILSVRC2012_val_00046252.JPEG,n01440764,0,tench,0.7225679159164429,0.7855157256126404,0.8830232620239258
/mnt/sda2/datasets/imagenet1k/imagenet-nano3/val/n01440764/ILSVRC2012_val_00030740.JPEG,n01440764,0,tench,0.8824150562286377,0.8602073788642883,0.8943545818328857
/mnt/sda2/datasets/imagenet1k/imagenet-nano3/val/n01494475/ILSVRC2012_val_00027160.JPEG,n01494475,4,hammerhead,0.7116950154304504,0.7029280662536621,0.8310083746910095
/mnt/sda2/datasets/imagenet1k/imagenet-nano3/val/n02100583/ILSVRC2012_val_00017439.JPEG,n02100583,211,vizsla,0.8515822291374207,0.7886928915977478,0.8741998076438904
/mnt/sda2/datasets/imagenet1k/imagenet-nano3/val/n03841143/ILSVRC2012_val_00023459.JPEG,n03841143,685,odometer,0.8173717856407166,0.7312518358230591,0.8824297189712524
/mnt/sda2/datasets/imagenet1k/imagenet-nano3/val/n03841143/ILSVRC2012_val_00014933.JPEG,n03841143,685,odometer,0.7583314776420593,0.7162539958953857,0.8841192126274109
/mnt/sda2/datasets/imagenet1k/imagenet-nano3/val/n03841143/ILSVRC2012_val_00022072.JPEG,n03841143,685,odometer,0.844229519367218,0.7974997758865356,0.8914153575897217
/mnt/sda2/datasets/imagenet1k/imagenet-nano3/val/n03710193/ILSVRC2012_val_00032424.JPEG,n03710193,637,mailbox,0.8028273582458496,0.8258771300315857,0.8904591798782349
/mnt/sda2/datasets/imagenet1k/imagenet-nano3/val/n01930112/ILSVRC2012_val_00035048.JPEG,n01930112,111,nematode,0.7449612617492676,0.8677759766578674,0.9072844982147217
/mnt/sda2/datasets/imagenet1k/imagenet-nano3/val/n01930112/ILSVRC2012_val_00036635.JPEG,n01930112,111,nematode,0.8652387261390686,0.8337652683258057,0.9030693173408508
/mnt/sda2/datasets/imagenet1k/imagenet-nano3/val/n01930112/ILSVRC2012_val_00002428.JPEG,n01930112,111,nematode,0.8094609379768372,0.8185768723487854,0.9266954064369202
/mnt/sda2/datasets/imagenet1k/imagenet-nano3/val/n04540053/ILSVRC2012_val_00022188.JPEG,n04540053,890,volleyball,0.8866434097290039,0.8304347991943359,0.9092267751693726
/mnt/sda2/datasets/imagenet1k/imagenet-nano3/val/n09421951/ILSVRC2012_val_00025746.JPEG,n09421951,977,sandbar,0.71527099609375,0.8616623878479004,0.7927898168563843
/mnt/sda2/datasets/imagenet1k/imagenet-nano3/val/n09421951/ILSVRC2012_val_00028807.JPEG,n09421951,977,sandbar,0.7950565218925476,0.8085642457008362,0.8579983711242676
/mnt/sda2/datasets/imagenet1k/imagenet-nano3/val/n03271574/ILSVRC2012_val_00009217.JPEG,n03271574,545,electric_fan,0.820712149143219,0.7175512909889221,0.802737832069397
/mnt/sda2/datasets/imagenet1k/imagenet-nano3/val/n03271574/ILSVRC2012_val_00012322.JPEG,n03271574,545,electric_fan,0.7302033305168152,0.7797346711158752,0.8977736234664917
/mnt/sda2/datasets/imagenet1k/imagenet-nano3/val/n03271574/ILSVRC2012_val_00043592.JPEG,n03271574,545,electric_fan,0.8015938401222229,0.801328182220459,0.8826084136962891
/mnt/sda2/datasets/imagenet1k/imagenet-nano3/val/n02422106/ILSVRC2012_val_00023252.JPEG,n02422106,351,hartebeest,0.9085373282432556,0.8113793730735779,0.8813095092773438
/mnt/sda2/datasets/imagenet1k/imagenet-nano3/val/n02422106/ILSVRC2012_val_00047424.JPEG,n02422106,351,hartebeest,0.8412538170814514,0.7553402781486511,0.8762402534484863
/mnt/sda2/datasets/imagenet1k/imagenet-nano3/val/n02422106/ILSVRC2012_val_00018252.JPEG,n02422106,351,hartebeest,0.8226379156112671,0.7908024787902832,0.9063715934753418
/mnt/sda2/datasets/imagenet1k/imagenet-nano3/val/n03720891/ILSVRC2012_val_00001675.JPEG,n03720891,641,maraca,0.7431992888450623,0.711783766746521,0.9182087182998657
/mnt/sda2/datasets/imagenet1k/imagenet-nano3/val/n02236044/ILSVRC2012_val_00043266.JPEG,n02236044,315,mantis,0.8345094919204712,0.7972118854522705,0.9278102517127991
/mnt/sda2/datasets/imagenet1k/imagenet-nano3/val/n03444034/ILSVRC2012_val_00005381.JPEG,n03444034,573,go-kart,0.7520753145217896,0.8014572858810425,0.9103737473487854
/mnt/sda2/datasets/imagenet1k/imagenet-nano3/val/n03444034/ILSVRC2012_val_00015002.JPEG,n03444034,573,go-kart,0.8851624727249146,0.8349708318710327,0.8952608108520508
/mnt/sda2/datasets/imagenet1k/imagenet-nano3/val/n04252225/ILSVRC2012_val_00025966.JPEG,n04252225,803,snowplow,0.7468124628067017,0.7126556038856506,0.8931848406791687
/mnt/sda2/datasets/imagenet1k/imagenet-nano3/val/n09193705/ILSVRC2012_val_00011306.JPEG,n09193705,970,alp,0.801506757736206,0.8034307956695557,0.9075020551681519
/mnt/sda2/datasets/imagenet1k/imagenet-nano3/val/n09193705/ILSVRC2012_val_00003084.JPEG,n09193705,970,alp,0.7892634272575378,0.7728254795074463,0.8590608239173889
/mnt/sda2/datasets/imagenet1k/imagenet-nano3/val/n02808304/ILSVRC2012_val_00049724.JPEG,n02808304,434,bath_towel,0.7773628234863281,0.8471567630767822,0.8814966678619385
/mnt/sda2/datasets/imagenet1k/imagenet-nano3/val/n03345487/ILSVRC2012_val_00010690.JPEG,n03345487,555,fire_engine,0.7240520715713501,0.8135591745376587,0.8815209269523621
/mnt/sda2/datasets/imagenet1k/imagenet-nano3/val/n02028035/ILSVRC2012_val_00034441.JPEG,n02028035,141,redshank,0.8739038109779358,0.77407306432724,0.8812558054924011
/mnt/sda2/datasets/imagenet1k/imagenet-nano3/val/n03938244/ILSVRC2012_val_00001501.JPEG,n03938244,721,pillow,0.7727502584457397,0.828593373298645,0.8471876978874207
/mnt/sda2/datasets/imagenet1k/imagenet-nano3/val/n01630670/ILSVRC2012_val_00023488.JPEG,n01630670,26,common_newt,0.7528895735740662,0.7221718430519104,0.8685036301612854
/mnt/sda2/datasets/imagenet1k/imagenet-nano3/val/n04310018/ILSVRC2012_val_00046166.JPEG,n04310018,820,steam_locomotive,0.796779215335846,0.8080198168754578,0.8789949417114258
/mnt/sda2/datasets/imagenet1k/imagenet-nano3/val/n04310018/ILSVRC2012_val_00031692.JPEG,n04310018,820,steam_locomotive,0.8321353793144226,0.7748255133628845,0.9232333302497864
/mnt/sda2/datasets/imagenet1k/imagenet-nano3/val/n04310018/ILSVRC2012_val_00007826.JPEG,n04310018,820,steam_locomotive,0.7432461977005005,0.7080233693122864,0.8890109658241272
/mnt/sda2/datasets/imagenet1k/imagenet-nano3/val/n01443537/ILSVRC2012_val_00000994.JPEG,n01443537,1,goldfish,0.7914145588874817,0.8439540863037109,0.8998563289642334
/mnt/sda2/datasets/imagenet1k/imagenet-nano3/val/n01443537/ILSVRC2012_val_00020822.JPEG,n01443537,1,goldfish,0.8349283933639526,0.7212811708450317,0.912532389163971
/mnt/sda2/datasets/imagenet1k/imagenet-nano3/val/n03724870/ILSVRC2012_val_00021552.JPEG,n03724870,643,mask,0.8707337379455566,0.7105288505554199,0.8655652403831482
/mnt/sda2/datasets/imagenet1k/imagenet-nano3/val/n03724870/ILSVRC2012_val_00031381.JPEG,n03724870,643,mask,0.7602366805076599,0.8025455474853516,0.8869059085845947
/mnt/sda2/datasets/imagenet1k/imagenet-nano3/val/n04254680/ILSVRC2012_val_00002349.JPEG,n04254680,805,soccer_ball,0.7929820418357849,0.7848001718521118,0.9052120447158813
/mnt/sda2/datasets/imagenet1k/imagenet-nano3/val/n04254680/ILSVRC2012_val_00032634.JPEG,n04254680,805,soccer_ball,0.8378668427467346,0.7523797750473022,0.9199680089950562
/mnt/sda2/datasets/imagenet1k/imagenet-nano3/val/n04254680/ILSVRC2012_val_00033315.JPEG,n04254680,805,soccer_ball,0.8108015656471252,0.7716324925422668,0.9038032293319702
/mnt/sda2/datasets/imagenet1k/imagenet-nano3/val/n07753592/ILSVRC2012_val_00005177.JPEG,n07753592,954,banana,0.8465674519538879,0.7505018711090088,0.8476420044898987
/mnt/sda2/datasets/imagenet1k/imagenet-nano3/val/n03937543/ILSVRC2012_val_00016336.JPEG,n03937543,720,pill_bottle,0.7081820964813232,0.7104943990707397,0.8759964108467102
/mnt/sda2/datasets/imagenet1k/imagenet-nano3/val/n02098286/ILSVRC2012_val_00036498.JPEG,n02098286,203,West_Highland_white_terrier,0.9226804375648499,0.8130092024803162,0.9197608232498169
/mnt/sda2/datasets/imagenet1k/imagenet-nano3/val/n09288635/ILSVRC2012_val_00043647.JPEG,n09288635,974,geyser,0.8455848693847656,0.7763320803642273,0.8696390390396118
/mnt/sda2/datasets/imagenet1k/imagenet-nano3/val/n09288635/ILSVRC2012_val_00045179.JPEG,n09288635,974,geyser,0.7726242542266846,0.7857905030250549,0.8651421070098877
/mnt/sda2/datasets/imagenet1k/imagenet-nano3/val/n09288635/ILSVRC2012_val_00043251.JPEG,n09288635,974,geyser,0.851406991481781,0.8348402380943298,0.8866900205612183
/mnt/sda2/datasets/imagenet1k/imagenet-nano3/val/n07745940/ILSVRC2012_val_00010616.JPEG,n07745940,949,strawberry,0.7750292420387268,0.8047137260437012,0.8699463605880737
/mnt/sda2/datasets/imagenet1k/imagenet-nano3/val/n07745940/ILSVRC2012_val_00000099.JPEG,n07745940,949,strawberry,0.8691155910491943,0.7771120667457581,0.894898533821106
/mnt/sda2/datasets/imagenet1k/imagenet-nano3/val/n03085013/ILSVRC2012_val_00045039.JPEG,n03085013,508,computer_keyboard,0.7404817938804626,0.7337897419929504,0.7326942086219788
/mnt/sda2/datasets/imagenet1k/imagenet-nano3/val/n03085013/ILSVRC2012_val_00007754.JPEG,n03085013,508,computer_keyboard,0.8409002423286438,0.7658891081809998,0.8698315620422363
/mnt/sda2/datasets/imagenet1k/imagenet-nano3/val/n03764736/ILSVRC2012_val_00044392.JPEG,n03764736,653,milk_can,0.7949080467224121,0.7808288931846619,0.9074086546897888
/mnt/sda2/datasets/imagenet1k/imagenet-nano3/val/n09468604/ILSVRC2012_val_00026860.JPEG,n09468604,979,valley,0.8733028769493103,0.7372117042541504,0.9016265273094177
/mnt/sda2/datasets/imagenet1k/imagenet-nano3/val/n09468604/ILSVRC2012_val_00048786.JPEG,n09468604,979,valley,0.8217196464538574,0.8666319251060486,0.9023749232292175
/mnt/sda2/datasets/imagenet1k/imagenet-nano3/val/n04370456/ILSVRC2012_val_00047168.JPEG,n04370456,841,sweatshirt,0.709509551525116,0.8818116188049316,0.9247642755508423
/mnt/sda2/datasets/imagenet1k/imagenet-nano3/val/n02102177/ILSVRC2012_val_00049642.JPEG,n02102177,218,Welsh_springer_spaniel,0.8809106945991516,0.7920821905136108,0.8713855147361755
/mnt/sda2/datasets/imagenet1k/imagenet-nano3/val/n04023962/ILSVRC2012_val_00013561.JPEG,n04023962,747,punching_bag,0.8665498495101929,0.8315690159797668,0.9137807488441467
/mnt/sda2/datasets/imagenet1k/imagenet-nano3/val/n04023962/ILSVRC2012_val_00008547.JPEG,n04023962,747,punching_bag,0.9885419607162476,0.8843030333518982,0.751372218132019
/mnt/sda2/datasets/imagenet1k/imagenet-nano3/val/n04243546/ILSVRC2012_val_00016377.JPEG,n04243546,800,slot,0.901003360748291,0.822959840297699,0.8947495222091675
/mnt/sda2/datasets/imagenet1k/imagenet-nano3/val/n04243546/ILSVRC2012_val_00042864.JPEG,n04243546,800,slot,0.8169673085212708,0.767459511756897,0.9000720977783203
/mnt/sda2/datasets/imagenet1k/imagenet-nano3/val/n04243546/ILSVRC2012_val_00019474.JPEG,n04243546,800,slot,0.7893263697624207,0.8324333429336548,0.9093709588050842
/mnt/sda2/datasets/imagenet1k/imagenet-nano3/val/n02641379/ILSVRC2012_val_00030098.JPEG,n02641379,395,gar,0.7946562170982361,0.78606116771698,0.9371293783187866
/mnt/sda2/datasets/imagenet1k/imagenet-nano3/val/n04487081/ILSVRC2012_val_00005140.JPEG,n04487081,874,trolleybus,0.828018069267273,0.7689138054847717,0.8612794876098633
/mnt/sda2/datasets/imagenet1k/imagenet-nano3/val/n04487081/ILSVRC2012_val_00032183.JPEG,n04487081,874,trolleybus,0.8360235691070557,0.8251445293426514,0.8973044753074646
/mnt/sda2/datasets/imagenet1k/imagenet-nano3/val/n04428191/ILSVRC2012_val_00036517.JPEG,n04428191,856,thresher,0.8450292348861694,0.8248953223228455,0.8223167657852173
/mnt/sda2/datasets/imagenet1k/imagenet-nano3/val/n12768682/ILSVRC2012_val_00026660.JPEG,n12768682,990,buckeye,0.844586193561554,0.8349605202674866,0.8950135707855225
/mnt/sda2/datasets/imagenet1k/imagenet-nano3/val/n12768682/ILSVRC2012_val_00048677.JPEG,n12768682,990,buckeye,0.8456926345825195,0.8170311450958252,0.8967854380607605
/mnt/sda2/datasets/imagenet1k/imagenet-nano3/val/n12768682/ILSVRC2012_val_00034646.JPEG,n12768682,990,buckeye,0.8488020300865173,0.7022297382354736,0.899670422077179
/mnt/sda2/datasets/imagenet1k/imagenet-nano3/val/n02115641/ILSVRC2012_val_00015821.JPEG,n02115641,273,dingo,0.748181939125061,0.708300769329071,0.8796564340591431
/mnt/sda2/datasets/imagenet1k/imagenet-nano3/val/n02776631/ILSVRC2012_val_00005729.JPEG,n02776631,415,bakery,0.8264702558517456,0.8000741600990295,0.8527920842170715
/mnt/sda2/datasets/imagenet1k/imagenet-nano3/val/n02776631/ILSVRC2012_val_00010307.JPEG,n02776631,415,bakery,0.8205577731132507,0.8594210743904114,0.9025834798812866
/mnt/sda2/datasets/imagenet1k/imagenet-nano3/val/n04613696/ILSVRC2012_val_00022898.JPEG,n04613696,915,yurt,0.8684545159339905,0.7793589234352112,0.8592270612716675
/mnt/sda2/datasets/imagenet1k/imagenet-nano3/val/n04613696/ILSVRC2012_val_00026625.JPEG,n04613696,915,yurt,0.9149543642997742,0.701246976852417,0.8870207667350769
/mnt/sda2/datasets/imagenet1k/imagenet-nano3/val/n02493793/ILSVRC2012_val_00039786.JPEG,n02493793,381,spider_monkey,0.7932905554771423,0.7126795053482056,0.764423668384552
/mnt/sda2/datasets/imagenet1k/imagenet-nano3/val/n02092002/ILSVRC2012_val_00013361.JPEG,n02092002,177,Scottish_deerhound,0.8239353895187378,0.8360636830329895,0.7892229557037354
/mnt/sda2/datasets/imagenet1k/imagenet-nano3/val/n07720875/ILSVRC2012_val_00022634.JPEG,n07720875,945,bell_pepper,0.9117658734321594,0.7097123265266418,0.8614001870155334
/mnt/sda2/datasets/imagenet1k/imagenet-nano3/val/n01532829/ILSVRC2012_val_00028791.JPEG,n01532829,12,house_finch,0.867330014705658,0.7135104537010193,0.8785491585731506
/mnt/sda2/datasets/imagenet1k/imagenet-nano3/val/n01532829/ILSVRC2012_val_00043392.JPEG,n01532829,12,house_finch,0.8427857160568237,0.8514803051948547,0.9048759341239929
/mnt/sda2/datasets/imagenet1k/imagenet-nano3/val/n04562935/ILSVRC2012_val_00019418.JPEG,n04562935,900,water_tower,0.7788224220275879,0.7217917442321777,0.8767431378364563
/mnt/sda2/datasets/imagenet1k/imagenet-nano3/val/n04562935/ILSVRC2012_val_00027928.JPEG,n04562935,900,water_tower,0.7982473969459534,0.7211951017379761,0.9021144509315491
/mnt/sda2/datasets/imagenet1k/imagenet-nano3/val/n04562935/ILSVRC2012_val_00046961.JPEG,n04562935,900,water_tower,0.8408184051513672,0.8133910894393921,0.8990272283554077
/mnt/sda2/datasets/imagenet1k/imagenet-nano3/val/n03347037/ILSVRC2012_val_00019549.JPEG,n03347037,556,fire_screen,0.8728263974189758,0.8351166248321533,0.8982133865356445
/mnt/sda2/datasets/imagenet1k/imagenet-nano3/val/n07715103/ILSVRC2012_val_00028387.JPEG,n07715103,938,cauliflower,0.8314434885978699,0.7168560028076172,0.8896397352218628
/mnt/sda2/datasets/imagenet1k/imagenet-nano3/val/n02017213/ILSVRC2012_val_00046080.JPEG,n02017213,136,European_gallinule,0.7495959997177124,0.7197607159614563,0.8951110243797302
/mnt/sda2/datasets/imagenet1k/imagenet-nano3/val/n02085936/ILSVRC2012_val_00015807.JPEG,n02085936,153,Maltese_dog,0.7465792298316956,0.7130898237228394,0.8585464954376221
/mnt/sda2/datasets/imagenet1k/imagenet-nano3/val/n03791053/ILSVRC2012_val_00030997.JPEG,n03791053,670,motor_scooter,0.7363412976264954,0.7183741331100464,0.7955666780471802
/mnt/sda2/datasets/imagenet1k/imagenet-nano3/val/n02129604/ILSVRC2012_val_00023810.JPEG,n02129604,292,tiger,0.9126973748207092,0.7029727101325989,0.8384696245193481
/mnt/sda2/datasets/imagenet1k/imagenet-nano3/val/n01770081/ILSVRC2012_val_00016507.JPEG,n01770081,70,harvestman,0.83782559633255,0.7572445869445801,0.8925275206565857
/mnt/sda2/datasets/imagenet1k/imagenet-nano3/val/n01770081/ILSVRC2012_val_00016318.JPEG,n01770081,70,harvestman,0.7317010164260864,0.7112385034561157,0.9054291248321533
/mnt/sda2/datasets/imagenet1k/imagenet-nano3/val/n01770081/ILSVRC2012_val_00017153.JPEG,n01770081,70,harvestman,0.8350017666816711,0.7241150140762329,0.8622453212738037
/mnt/sda2/datasets/imagenet1k/imagenet-nano3/val/n04090263/ILSVRC2012_val_00045410.JPEG,n04090263,764,rifle,0.7506460547447205,0.7745746374130249,0.9059559106826782
/mnt/sda2/datasets/imagenet1k/imagenet-nano3/val/n03218198/ILSVRC2012_val_00043958.JPEG,n03218198,537,dogsled,0.7935761213302612,0.7986357808113098,0.9141826033592224
/mnt/sda2/datasets/imagenet1k/imagenet-nano3/val/n03218198/ILSVRC2012_val_00033569.JPEG,n03218198,537,dogsled,0.7618098855018616,0.7266676425933838,0.8451051712036133
/mnt/sda2/datasets/imagenet1k/imagenet-nano3/val/n02114855/ILSVRC2012_val_00032758.JPEG,n02114855,272,coyote,0.7309023141860962,0.7905150055885315,0.8888116478919983
/mnt/sda2/datasets/imagenet1k/imagenet-nano3/val/n03424325/ILSVRC2012_val_00023331.JPEG,n03424325,570,gasmask,0.8116632103919983,0.7003570199012756,0.9220594167709351
/mnt/sda2/datasets/imagenet1k/imagenet-nano3/val/n02085782/ILSVRC2012_val_00033222.JPEG,n02085782,152,Japanese_spaniel,0.8478808999061584,0.7451803088188171,0.8591184020042419
/mnt/sda2/datasets/imagenet1k/imagenet-nano3/val/n02085782/ILSVRC2012_val_00033200.JPEG,n02085782,152,Japanese_spaniel,0.7158191800117493,0.7020313739776611,0.9023153185844421
/mnt/sda2/datasets/imagenet1k/imagenet-nano3/val/n02492660/ILSVRC2012_val_00041120.JPEG,n02492660,379,howler_monkey,0.7986354231834412,0.7353683710098267,0.9042996168136597
/mnt/sda2/datasets/imagenet1k/imagenet-nano3/val/n02093647/ILSVRC2012_val_00027241.JPEG,n02093647,181,Bedlington_terrier,0.8080952167510986,0.7587929368019104,0.9265271425247192
/mnt/sda2/datasets/imagenet1k/imagenet-nano3/val/n02093647/ILSVRC2012_val_00007892.JPEG,n02093647,181,Bedlington_terrier,0.83580482006073,0.7324985861778259,0.9311482310295105
/mnt/sda2/datasets/imagenet1k/imagenet-nano3/val/n02892201/ILSVRC2012_val_00022073.JPEG,n02892201,458,brass,0.821139395236969,0.7912918329238892,0.8624899983406067
/mnt/sda2/datasets/imagenet1k/imagenet-nano3/val/n02892201/ILSVRC2012_val_00010510.JPEG,n02892201,458,brass,0.7618890404701233,0.7819758057594299,0.8376778960227966
/mnt/sda2/datasets/imagenet1k/imagenet-nano3/val/n02119789/ILSVRC2012_val_00017444.JPEG,n02119789,278,kit_fox,0.7936045527458191,0.7606878280639648,0.8670889735221863
/mnt/sda2/datasets/imagenet1k/imagenet-nano3/val/n03930313/ILSVRC2012_val_00042948.JPEG,n03930313,716,picket_fence,0.8528332114219666,0.7008971571922302,0.8317248225212097
/mnt/sda2/datasets/imagenet1k/imagenet-nano3/val/n03930313/ILSVRC2012_val_00000626.JPEG,n03930313,716,picket_fence,0.8104657530784607,0.8337699770927429,0.8967939615249634
/mnt/sda2/datasets/imagenet1k/imagenet-nano3/val/n03930313/ILSVRC2012_val_00015816.JPEG,n03930313,716,picket_fence,0.8474277257919312,0.7183931469917297,0.8453900218009949
/mnt/sda2/datasets/imagenet1k/imagenet-nano3/val/n02326432/ILSVRC2012_val_00024176.JPEG,n02326432,331,hare,0.7740716934204102,0.7520267963409424,0.8847877383232117
/mnt/sda2/datasets/imagenet1k/imagenet-nano3/val/n02326432/ILSVRC2012_val_00042759.JPEG,n02326432,331,hare,0.7851771116256714,0.7730464935302734,0.8925722241401672
/mnt/sda2/datasets/imagenet1k/imagenet-nano3/val/n02326432/ILSVRC2012_val_00038648.JPEG,n02326432,331,hare,0.760432243347168,0.7809992432594299,0.8969592452049255
/mnt/sda2/datasets/imagenet1k/imagenet-nano3/val/n02747177/ILSVRC2012_val_00007254.JPEG,n02747177,412,ashcan,0.8916077613830566,0.7292588353157043,0.9727358222007751
/mnt/sda2/datasets/imagenet1k/imagenet-nano3/val/n04429376/ILSVRC2012_val_00004328.JPEG,n04429376,857,throne,0.701043963432312,0.7740803956985474,0.9018730521202087
/mnt/sda2/datasets/imagenet1k/imagenet-nano3/val/n04429376/ILSVRC2012_val_00022850.JPEG,n04429376,857,throne,0.8549923896789551,0.7476945519447327,0.8691303730010986
/mnt/sda2/datasets/imagenet1k/imagenet-nano3/val/n04429376/ILSVRC2012_val_00019420.JPEG,n04429376,857,throne,0.7519615888595581,0.7528446912765503,0.8500568270683289
/mnt/sda2/datasets/imagenet1k/imagenet-nano3/val/n04229816/ILSVRC2012_val_00000550.JPEG,n04229816,796,ski_mask,0.8085420727729797,0.7095311284065247,0.8835594654083252
/mnt/sda2/datasets/imagenet1k/imagenet-nano3/val/n04229816/ILSVRC2012_val_00022708.JPEG,n04229816,796,ski_mask,0.7778283357620239,0.7068545818328857,0.8959792256355286
/mnt/sda2/datasets/imagenet1k/imagenet-nano3/val/n04118776/ILSVRC2012_val_00022379.JPEG,n04118776,769,rule,0.7357637286186218,0.7508112192153931,0.736921489238739
/mnt/sda2/datasets/imagenet1k/imagenet-nano3/val/n04118776/ILSVRC2012_val_00035583.JPEG,n04118776,769,rule,0.8140364289283752,0.8654695153236389,0.9070014357566833
/mnt/sda2/datasets/imagenet1k/imagenet-nano3/val/n04118776/ILSVRC2012_val_00001210.JPEG,n04118776,769,rule,0.7967303991317749,0.8473278880119324,0.874396800994873
/mnt/sda2/datasets/imagenet1k/imagenet-nano3/val/n02102973/ILSVRC2012_val_00035887.JPEG,n02102973,221,Irish_water_spaniel,0.7892273664474487,0.749760091304779,0.8015198111534119
/mnt/sda2/datasets/imagenet1k/imagenet-nano3/val/n02102973/ILSVRC2012_val_00018530.JPEG,n02102973,221,Irish_water_spaniel,0.8718809485435486,0.702826976776123,0.8786184787750244
/mnt/sda2/datasets/imagenet1k/imagenet-nano3/val/n02102973/ILSVRC2012_val_00042733.JPEG,n02102973,221,Irish_water_spaniel,0.8533727526664734,0.754605770111084,0.8965199589729309
/mnt/sda2/datasets/imagenet1k/imagenet-nano3/val/n03018349/ILSVRC2012_val_00010121.JPEG,n03018349,495,china_cabinet,0.7992724180221558,0.7729191780090332,0.9008195996284485
/mnt/sda2/datasets/imagenet1k/imagenet-nano3/val/n03018349/ILSVRC2012_val_00042174.JPEG,n03018349,495,china_cabinet,0.8088007569313049,0.7939349412918091,0.8401525616645813
/mnt/sda2/datasets/imagenet1k/imagenet-nano3/val/n02002556/ILSVRC2012_val_00046533.JPEG,n02002556,127,white_stork,0.8538093566894531,0.8031700849533081,0.8774212598800659
/mnt/sda2/datasets/imagenet1k/imagenet-nano3/val/n02002556/ILSVRC2012_val_00032643.JPEG,n02002556,127,white_stork,0.7684721350669861,0.7621186375617981,0.7513303756713867
/mnt/sda2/datasets/imagenet1k/imagenet-nano3/val/n10148035/ILSVRC2012_val_00013819.JPEG,n10148035,982,groom,0.8501188158988953,0.8523493409156799,0.9178845286369324
/mnt/sda2/datasets/imagenet1k/imagenet-nano3/val/n10148035/ILSVRC2012_val_00028904.JPEG,n10148035,982,groom,0.7658275961875916,0.7948901057243347,0.7695630192756653
/mnt/sda2/datasets/imagenet1k/imagenet-nano3/val/n03929855/ILSVRC2012_val_00042651.JPEG,n03929855,715,pickelhaube,0.7213717103004456,0.765923798084259,0.8967307806015015
/mnt/sda2/datasets/imagenet1k/imagenet-nano3/val/n03929855/ILSVRC2012_val_00025618.JPEG,n03929855,715,pickelhaube,0.7882577776908875,0.7138800621032715,0.7712028622627258
/mnt/sda2/datasets/imagenet1k/imagenet-nano3/val/n03929855/ILSVRC2012_val_00001994.JPEG,n03929855,715,pickelhaube,0.8439337611198425,0.8143272399902344,0.8511938452720642
/mnt/sda2/datasets/imagenet1k/imagenet-nano3/val/n02113186/ILSVRC2012_val_00008973.JPEG,n02113186,264,Cardigan,0.9381306767463684,0.9183160662651062,0.8431267738342285
/mnt/sda2/datasets/imagenet1k/imagenet-nano3/val/n02134084/ILSVRC2012_val_00007713.JPEG,n02134084,296,ice_bear,0.7879979014396667,0.7690176963806152,0.9147204756736755
/mnt/sda2/datasets/imagenet1k/imagenet-nano3/val/n02134084/ILSVRC2012_val_00030704.JPEG,n02134084,296,ice_bear,0.7584124803543091,0.8511797785758972,0.9059926867485046
/mnt/sda2/datasets/imagenet1k/imagenet-nano3/val/n07717410/ILSVRC2012_val_00019317.JPEG,n07717410,941,acorn_squash,0.8520395755767822,0.7960593700408936,0.9061957597732544
/mnt/sda2/datasets/imagenet1k/imagenet-nano3/val/n07717410/ILSVRC2012_val_00040432.JPEG,n07717410,941,acorn_squash,0.7587864398956299,0.7111819386482239,0.8884387016296387
/mnt/sda2/datasets/imagenet1k/imagenet-nano3/val/n02690373/ILSVRC2012_val_00047829.JPEG,n02690373,404,airliner,0.8061798810958862,0.7199316620826721,0.8406237363815308
/mnt/sda2/datasets/imagenet1k/imagenet-nano3/val/n03187595/ILSVRC2012_val_00023321.JPEG,n03187595,528,dial_telephone,0.7476990222930908,0.8388596177101135,0.9178739786148071
/mnt/sda2/datasets/imagenet1k/imagenet-nano3/val/n03187595/ILSVRC2012_val_00013729.JPEG,n03187595,528,dial_telephone,0.8410463333129883,0.7834951281547546,0.92756187915802
/mnt/sda2/datasets/imagenet1k/imagenet-nano3/val/n03187595/ILSVRC2012_val_00020238.JPEG,n03187595,528,dial_telephone,0.7315875291824341,0.7235812544822693,0.8899450898170471
/mnt/sda2/datasets/imagenet1k/imagenet-nano3/val/n01796340/ILSVRC2012_val_00045392.JPEG,n01796340,81,ptarmigan,0.8099948763847351,0.7318071722984314,0.8781209588050842
/mnt/sda2/datasets/imagenet1k/imagenet-nano3/val/n01796340/ILSVRC2012_val_00031432.JPEG,n01796340,81,ptarmigan,0.7370656728744507,0.7040058374404907,0.8417382836341858
/mnt/sda2/datasets/imagenet1k/imagenet-nano3/val/n02112137/ILSVRC2012_val_00020728.JPEG,n02112137,260,chow,0.7404170632362366,0.8534906506538391,0.8982702493667603
/mnt/sda2/datasets/imagenet1k/imagenet-nano3/val/n02112137/ILSVRC2012_val_00034735.JPEG,n02112137,260,chow,0.8200187087059021,0.8357860445976257,0.8960847854614258
/mnt/sda2/datasets/imagenet1k/imagenet-nano3/val/n04487394/ILSVRC2012_val_00029358.JPEG,n04487394,875,trombone,0.7779695391654968,0.7889384031295776,0.8674615025520325
/mnt/sda2/datasets/imagenet1k/imagenet-nano3/val/n04487394/ILSVRC2012_val_00029574.JPEG,n04487394,875,trombone,0.7402609586715698,0.7435709238052368,0.8573430776596069
/mnt/sda2/datasets/imagenet1k/imagenet-nano3/val/n04487394/ILSVRC2012_val_00016735.JPEG,n04487394,875,trombone,0.8279658555984497,0.8376405835151672,0.8544740080833435
/mnt/sda2/datasets/imagenet1k/imagenet-nano3/val/n02174001/ILSVRC2012_val_00003572.JPEG,n02174001,306,rhinoceros_beetle,0.7545334100723267,0.7121912837028503,0.8973476886749268
/mnt/sda2/datasets/imagenet1k/imagenet-nano3/val/n01883070/ILSVRC2012_val_00033576.JPEG,n01883070,106,wombat,0.7349147796630859,0.739199697971344,0.7957555651664734
/mnt/sda2/datasets/imagenet1k/imagenet-nano3/val/n02105162/ILSVRC2012_val_00013763.JPEG,n02105162,225,malinois,0.8473743796348572,0.8436774611473083,0.8962209224700928
/mnt/sda2/datasets/imagenet1k/imagenet-nano3/val/n02105162/ILSVRC2012_val_00013248.JPEG,n02105162,225,malinois,0.8618587255477905,0.7755560278892517,0.9144824743270874
/mnt/sda2/datasets/imagenet1k/imagenet-nano3/val/n03404251/ILSVRC2012_val_00005864.JPEG,n03404251,568,fur_coat,0.7226896286010742,0.7682143449783325,0.8516465425491333
/mnt/sda2/datasets/imagenet1k/imagenet-nano3/val/n03404251/ILSVRC2012_val_00022952.JPEG,n03404251,568,fur_coat,0.7954568266868591,0.7823079824447632,0.8947509527206421
/mnt/sda2/datasets/imagenet1k/imagenet-nano3/val/n04372370/ILSVRC2012_val_00017546.JPEG,n04372370,844,switch,0.8991873860359192,0.8143708109855652,0.906571626663208
/mnt/sda2/datasets/imagenet1k/imagenet-nano3/val/n04372370/ILSVRC2012_val_00024696.JPEG,n04372370,844,switch,0.7404797673225403,0.7481901049613953,0.9205306768417358
/mnt/sda2/datasets/imagenet1k/imagenet-nano3/val/n02085620/ILSVRC2012_val_00031154.JPEG,n02085620,151,Chihuahua,0.8023120164871216,0.719618022441864,0.9535701274871826
/mnt/sda2/datasets/imagenet1k/imagenet-nano3/val/n02027492/ILSVRC2012_val_00018099.JPEG,n02027492,140,red-backed_sandpiper,0.7919600009918213,0.8070681095123291,0.8919762969017029
/mnt/sda2/datasets/imagenet1k/imagenet-nano3/val/n01601694/ILSVRC2012_val_00008816.JPEG,n01601694,20,water_ouzel,0.7950712442398071,0.7062220573425293,0.8876895904541016
/mnt/sda2/datasets/imagenet1k/imagenet-nano3/val/n01833805/ILSVRC2012_val_00023796.JPEG,n01833805,94,hummingbird,0.7148104310035706,0.7110487222671509,0.8831005096435547
/mnt/sda2/datasets/imagenet1k/imagenet-nano3/val/n01833805/ILSVRC2012_val_00025449.JPEG,n01833805,94,hummingbird,0.8398177623748779,0.7749013900756836,0.8970445394515991
/mnt/sda2/datasets/imagenet1k/imagenet-nano3/val/n01924916/ILSVRC2012_val_00037245.JPEG,n01924916,110,flatworm,0.7829418182373047,0.7673430442810059,0.7910269498825073
/mnt/sda2/datasets/imagenet1k/imagenet-nano3/val/n02098413/ILSVRC2012_val_00001955.JPEG,n02098413,204,Lhasa,0.7573553323745728,0.7039644122123718,0.8737648129463196
/mnt/sda2/datasets/imagenet1k/imagenet-nano3/val/n04041544/ILSVRC2012_val_00038785.JPEG,n04041544,754,radio,0.7407492995262146,0.7845032215118408,0.8683409094810486
/mnt/sda2/datasets/imagenet1k/imagenet-nano3/val/n02071294/ILSVRC2012_val_00040408.JPEG,n02071294,148,killer_whale,0.7927516102790833,0.8077760934829712,0.8846728801727295
/mnt/sda2/datasets/imagenet1k/imagenet-nano3/val/n01629819/ILSVRC2012_val_00049244.JPEG,n01629819,25,European_fire_salamander,0.8499104976654053,0.7067731022834778,0.9015018343925476
/mnt/sda2/datasets/imagenet1k/imagenet-nano3/val/n03930630/ILSVRC2012_val_00023096.JPEG,n03930630,717,pickup,0.8931035399436951,0.8608984351158142,0.9097923040390015
/mnt/sda2/datasets/imagenet1k/imagenet-nano3/val/n01774750/ILSVRC2012_val_00035080.JPEG,n01774750,76,tarantula,0.8457648754119873,0.7378684282302856,0.8985271453857422
/mnt/sda2/datasets/imagenet1k/imagenet-nano3/val/n02480855/ILSVRC2012_val_00011482.JPEG,n02480855,366,gorilla,0.8361397385597229,0.828387975692749,0.8122326731681824
/mnt/sda2/datasets/imagenet1k/imagenet-nano3/val/n02480855/ILSVRC2012_val_00049323.JPEG,n02480855,366,gorilla,0.790469229221344,0.8459108471870422,0.8847752213478088
/mnt/sda2/datasets/imagenet1k/imagenet-nano3/val/n01677366/ILSVRC2012_val_00033961.JPEG,n01677366,39,common_iguana,0.817470908164978,0.7248236536979675,0.9074333906173706
/mnt/sda2/datasets/imagenet1k/imagenet-nano3/val/n01872401/ILSVRC2012_val_00047972.JPEG,n01872401,102,echidna,0.7863243222236633,0.7009313106536865,0.8693447113037109
/mnt/sda2/datasets/imagenet1k/imagenet-nano3/val/n04507155/ILSVRC2012_val_00040204.JPEG,n04507155,879,umbrella,0.980570375919342,0.9130876064300537,0.886890172958374
/mnt/sda2/datasets/imagenet1k/imagenet-nano3/val/n04507155/ILSVRC2012_val_00014772.JPEG,n04507155,879,umbrella,0.8620976805686951,0.839593231678009,0.9322725534439087
/mnt/sda2/datasets/imagenet1k/imagenet-nano3/val/n04507155/ILSVRC2012_val_00017824.JPEG,n04507155,879,umbrella,0.8418775200843811,0.7956773042678833,0.9101071953773499
/mnt/sda2/datasets/imagenet1k/imagenet-nano3/val/n02687172/ILSVRC2012_val_00001583.JPEG,n02687172,403,aircraft_carrier,0.8661950826644897,0.7442787885665894,0.8752912282943726
/mnt/sda2/datasets/imagenet1k/imagenet-nano3/val/n02132136/ILSVRC2012_val_00031253.JPEG,n02132136,294,brown_bear,0.8026353716850281,0.7032579183578491,0.8181016445159912
/mnt/sda2/datasets/imagenet1k/imagenet-nano3/val/n02132136/ILSVRC2012_val_00043182.JPEG,n02132136,294,brown_bear,0.8023120164871216,0.8120349049568176,0.8818561434745789
/mnt/sda2/datasets/imagenet1k/imagenet-nano3/val/n02132136/ILSVRC2012_val_00031645.JPEG,n02132136,294,brown_bear,0.7768391966819763,0.7633089423179626,0.9068260788917542
/mnt/sda2/datasets/imagenet1k/imagenet-nano3/val/n01829413/ILSVRC2012_val_00044209.JPEG,n01829413,93,hornbill,0.8495269417762756,0.7241031527519226,0.9141431450843811
/mnt/sda2/datasets/imagenet1k/imagenet-nano3/val/n01829413/ILSVRC2012_val_00043635.JPEG,n01829413,93,hornbill,0.7681741118431091,0.7499094605445862,0.862440288066864
/mnt/sda2/datasets/imagenet1k/imagenet-nano3/val/n09229709/ILSVRC2012_val_00036556.JPEG,n09229709,971,bubble,0.7934816479682922,0.8453996181488037,0.9062641859054565
/mnt/sda2/datasets/imagenet1k/imagenet-nano3/val/n02100877/ILSVRC2012_val_00003516.JPEG,n02100877,213,Irish_setter,0.754919171333313,0.8286668062210083,0.8756475448608398
/mnt/sda2/datasets/imagenet1k/imagenet-nano3/val/n02791270/ILSVRC2012_val_00044193.JPEG,n02791270,424,barbershop,0.962197482585907,0.8988803625106812,0.8475363254547119
/mnt/sda2/datasets/imagenet1k/imagenet-nano3/val/n02992211/ILSVRC2012_val_00047772.JPEG,n02992211,486,cello,0.7487052083015442,0.7597317695617676,0.9063959121704102
/mnt/sda2/datasets/imagenet1k/imagenet-nano3/val/n02992211/ILSVRC2012_val_00019228.JPEG,n02992211,486,cello,0.9010897874832153,0.8384078145027161,0.9131584763526917
/mnt/sda2/datasets/imagenet1k/imagenet-nano3/val/n02992211/ILSVRC2012_val_00013202.JPEG,n02992211,486,cello,0.8856135606765747,0.7892882227897644,0.8835349678993225
/mnt/sda2/datasets/imagenet1k/imagenet-nano3/val/n02492035/ILSVRC2012_val_00041232.JPEG,n02492035,378,capuchin,0.8026326894760132,0.7343771457672119,0.9306978583335876
/mnt/sda2/datasets/imagenet1k/imagenet-nano3/val/n12057211/ILSVRC2012_val_00046332.JPEG,n12057211,986,yellow_lady's_slipper,0.8605448007583618,0.7062907218933105,0.9094464182853699
/mnt/sda2/datasets/imagenet1k/imagenet-nano3/val/n04442312/ILSVRC2012_val_00015352.JPEG,n04442312,859,toaster,0.8914340138435364,0.8290749788284302,0.9490669369697571
/mnt/sda2/datasets/imagenet1k/imagenet-nano3/val/n04442312/ILSVRC2012_val_00001572.JPEG,n04442312,859,toaster,0.9022393226623535,0.8402480483055115,0.9087514281272888
/mnt/sda2/datasets/imagenet1k/imagenet-nano3/val/n01692333/ILSVRC2012_val_00025104.JPEG,n01692333,45,Gila_monster,0.8894938826560974,0.7203357219696045,0.8956363797187805
/mnt/sda2/datasets/imagenet1k/imagenet-nano3/val/n03785016/ILSVRC2012_val_00006596.JPEG,n03785016,665,moped,0.8610783219337463,0.8629206418991089,0.9115540385246277
/mnt/sda2/datasets/imagenet1k/imagenet-nano3/val/n02797295/ILSVRC2012_val_00019109.JPEG,n02797295,428,barrow,0.9113293290138245,0.7769518494606018,0.8573713898658752
/mnt/sda2/datasets/imagenet1k/imagenet-nano3/val/n02797295/ILSVRC2012_val_00032004.JPEG,n02797295,428,barrow,0.7263085246086121,0.7621805667877197,0.901091456413269
/mnt/sda2/datasets/imagenet1k/imagenet-nano3/val/n02395406/ILSVRC2012_val_00003973.JPEG,n02395406,341,hog,0.740068256855011,0.7588529586791992,0.8967421054840088
/mnt/sda2/datasets/imagenet1k/imagenet-nano3/val/n02395406/ILSVRC2012_val_00023420.JPEG,n02395406,341,hog,0.9577609896659851,0.9403419494628906,0.8709235787391663
/mnt/sda2/datasets/imagenet1k/imagenet-nano3/val/n02488291/ILSVRC2012_val_00014947.JPEG,n02488291,374,langur,0.8155216574668884,0.7373865246772766,0.8723915219306946
/mnt/sda2/datasets/imagenet1k/imagenet-nano3/val/n12620546/ILSVRC2012_val_00019783.JPEG,n12620546,989,hip,0.7474911212921143,0.7530746459960938,0.8699533939361572
